component_id,lot_id,device_type,parameter,unit,temperature_c,voltage_v,spec_min,spec_max,label,value_0h,value_24h,value_96h,value_168h,delta_0_24,relative_delta_0_24,slope_0_24,slope_24_96,slope_96_168,curvature_early,measurement_quality_missing_count,has_early_data,has_target_168h,peer_median_24h,peer_mad_24h,peer_robust_z_24h,peer_slope_median,peer_slope_mad,slope_robust_z,peer_percentile_24h,predicted_168h,prediction_interval_90,action,risk_score,reason_codes,explanation,early_slope
L02-C016,LOT-02,SYNTH-SPACE-ASIC-A,LeakageCurrent,uA,125.0,3.3,0.0,20.0,healthy,4.480911,4.584951,5.079563,5.42039,0.10404000000000035,0.023218492846655593,0.004335000000000015,0.006869611111111112,0.004733708333333333,0.002534611111111097,0,True,True,4.7379195,0.3051198212999994,-0.5013391111343062,0.001570395833333312,0.00676093398750001,0.4089086170310281,0.2857142857142857,5.097443258907923,0.9794181456766013,PASS,0.196153,"[""WITHIN_CONFIGURED_RISK_POLICY""]","PASS: 24-hour value is 4.58495; predicted 168-hour value is 5.09744 ± 0.979418. The early measurements, peer-relative values, forecast, and uncertainty interval are within the configured policy.",0.004335000000000015
L03-C002,LOT-03,SYNTH-SPACE-ASIC-A,Iddq,uA,125.0,3.3,0.0,50.0,healthy,9.022491,9.010681,8.943048,9.186867,-0.011810000000000542,-0.0013089511532902102,-0.000492083333333356,-0.0009393472222222323,0.003386375000000003,-0.0004472638888888763,0,True,True,9.170887,0.31588720379999996,-0.5071620441498889,0.0020607499999999814,0.006466668775000015,-0.39476791253056437,0.32142857142857145,9.301933196819736,0.9794181456766013,PASS,0.195031,"[""WITHIN_CONFIGURED_RISK_POLICY""]","PASS: 24-hour value is 9.01068; predicted 168-hour value is 9.30193 ± 0.979418. The early measurements, peer-relative values, forecast, and uncertainty interval are within the configured policy.",-0.000492083333333356
L01-C028,LOT-01,SYNTH-SPACE-ASIC-A,LeakageCurrent,uA,125.0,3.3,0.0,20.0,healthy,4.434035,4.403122,4.645395,4.921582,-0.03091299999999997,-0.006971753718678353,-0.0012880416666666654,0.0033649027777777774,0.003835930555555558,0.004652944444444443,0,True,True,4.300483,0.3281772165000001,0.31275480088057817,0.0027300625000000007,0.006139724587499993,-0.654443714763235,0.5714285714285714,4.736366881274322,0.9794181456766013,PASS,0.194251,"[""WITHIN_CONFIGURED_RISK_POLICY""]","PASS: 24-hour value is 4.40312; predicted 168-hour value is 4.73637 ± 0.979418. The early measurements, peer-relative values, forecast, and uncertainty interval are within the configured policy.",-0.0012880416666666654
L03-C027,LOT-03,SYNTH-SPACE-ASIC-A,LeakageCurrent,uA,125.0,3.3,0.0,20.0,healthy,3.470823,3.401189,3.308662,3.457281,-0.0696340000000002,-0.02006267677723704,-0.002901416666666675,-0.0012850972222222226,0.0020641527777777785,0.0016163194444444523,0,True,True,3.341222,0.5427309342000002,0.11049121437751255,0.0010181041666666633,0.004231463949999997,-0.9262800958834451,0.5357142857142857,3.6823005430528246,0.9794181456766013,PASS,0.193739,"[""WITHIN_CONFIGURED_RISK_POLICY""]","PASS: 24-hour value is 3.40119; predicted 168-hour value is 3.6823 ± 0.979418. The early measurements, peer-relative values, forecast, and uncertainty interval are within the configured policy.",-0.002901416666666675
L01-C020,LOT-01,SYNTH-SPACE-ASIC-A,Iddq,uA,125.0,3.3,0.0,50.0,healthy,10.543718,10.60847,10.905021,11.007819,0.06475200000000036,0.00614128716264987,0.002698000000000015,0.004118763888888877,0.0014277499999999993,0.0014207638888888616,0,True,True,10.403443,0.5576970399000016,0.36763150121213434,0.00595983333333335,0.005656396987500031,-0.5766627308057765,0.6428571428571429,11.137026186957236,0.9794181456766013,PASS,0.193665,"[""WITHIN_CONFIGURED_RISK_POLICY""]","PASS: 24-hour value is 10.6085; predicted 168-hour value is 11.137 ± 0.979418. The early measurements, peer-relative values, forecast, and uncertainty interval are within the configured policy.",0.002698000000000015
L03-C010,LOT-03,SYNTH-SPACE-ASIC-A,Iddq,uA,125.0,3.3,0.0,50.0,healthy,9.220363,9.330022,9.48067,9.99927,0.10965899999999884,0.011893132623954049,0.004569124999999952,0.002092333333333338,0.007202777777777768,-0.0024767916666666137,0,True,True,9.170887,0.31588720379999996,0.5037715934221682,0.0020607499999999814,0.006466668775000015,0.38789291477202104,0.7142857142857143,9.949858873868838,0.9794181456766013,PASS,0.192965,"[""WITHIN_CONFIGURED_RISK_POLICY""]","PASS: 24-hour value is 9.33002; predicted 168-hour value is 9.94986 ± 0.979418. The early measurements, peer-relative values, forecast, and uncertainty interval are within the configured policy.",0.004569124999999952
L02-C011,LOT-02,SYNTH-SPACE-ASIC-A,Iddq,uA,125.0,3.3,0.0,50.0,healthy,10.82784,10.826935,11.273028,11.383942,-0.0009049999999994895,-8.358084345534193e-05,-3.770833333331206e-05,0.006195736111111103,0.0015404722222222124,0.006233444444444416,0,True,True,10.470457,0.570160516800001,0.625223931675797,0.0014842708333333565,0.0069718647249999615,-0.21830302604826818,0.6785714285714286,11.249209950537312,0.9794181456766013,PASS,0.192127,"[""WITHIN_CONFIGURED_RISK_POLICY""]","PASS: 24-hour value is 10.8269; predicted 168-hour value is 11.2492 ± 0.979418. The early measurements, peer-relative values, forecast, and uncertainty interval are within the configured policy.",-3.770833333331206e-05
L01-C016,LOT-01,SYNTH-SPACE-ASIC-A,LeakageCurrent,uA,125.0,3.3,0.0,20.0,healthy,4.071424,4.101695,4.38601,4.727155,0.030270999999999937,0.0074349908042001854,0.001261291666666664,0.003948819444444436,0.004738125,0.002687527777777772,0,True,True,4.300483,0.3281772165000001,-0.6057337011998195,0.0027300625000000007,0.006139724587499993,-0.2392242212824401,0.21428571428571427,4.4409513054923355,0.9794181456766013,PASS,0.191129,"[""WITHIN_CONFIGURED_RISK_POLICY""]","PASS: 24-hour value is 4.1017; predicted 168-hour value is 4.44095 ± 0.979418. The early measurements, peer-relative values, forecast, and uncertainty interval are within the configured policy.",0.001261291666666664
L01-C010,LOT-01,SYNTH-SPACE-ASIC-A,LeakageCurrent,uA,125.0,3.3,0.0,20.0,healthy,4.044818,4.212682,4.312139,4.688864,0.1678639999999998,0.04150100202283509,0.006994333333333325,0.001381347222222224,0.00523229166666666,-0.005612986111111101,0,True,True,4.300483,0.3281772165000001,-0.2675414245278656,0.0027300625000000007,0.006139724587499993,0.6945378041899553,0.35714285714285715,4.975127873942718,0.9794181456766013,PASS,0.190416,"[""WITHIN_CONFIGURED_RISK_POLICY""]","PASS: 24-hour value is 4.21268; predicted 168-hour value is 4.97513 ± 0.979418. The early measurements, peer-relative values, forecast, and uncertainty interval are within the configured policy.",0.006994333333333325
L04-C003,LOT-04,SYNTH-SPACE-ASIC-A,LeakageCurrent,uA,125.0,3.3,0.0,20.0,healthy,4.225702,4.269733,4.71378,5.170744,0.04403099999999949,0.01041980717050078,0.0018346249999999786,0.006167319444444448,0.006346722222222224,0.00433269444444447,0,True,True,4.0562214999999995,0.3065512715999997,0.6964952351546543,0.0023232916666666528,0.0044775446624999915,-0.10913719538284451,0.75,4.798763111381811,0.9794181456766013,PASS,0.189899,"[""WITHIN_CONFIGURED_RISK_POLICY""]","PASS: 24-hour value is 4.26973; predicted 168-hour value is 4.79876 ± 0.979418. The early measurements, peer-relative values, forecast, and uncertainty interval are within the configured policy.",0.0018346249999999786
L02-C016,LOT-02,SYNTH-SPACE-ASIC-A,Iddq,uA,125.0,3.3,0.0,50.0,healthy,10.117144,10.23034,10.328075,10.660826,0.1131960000000003,0.011188533048457183,0.004716500000000012,0.0013574305555555573,0.004621541666666667,-0.0033590694444444553,0,True,True,10.470457,0.570160516800001,-0.42113929836398534,0.0014842708333333565,0.0069718647249999615,0.4636104247801041,0.39285714285714285,10.727004994673042,0.9794181456766013,PASS,0.186395,"[""WITHIN_CONFIGURED_RISK_POLICY""]","PASS: 24-hour value is 10.2303; predicted 168-hour value is 10.727 ± 0.979418. The early measurements, peer-relative values, forecast, and uncertainty interval are within the configured policy.",0.004716500000000012
L02-C028,LOT-02,SYNTH-SPACE-ASIC-A,LeakageCurrent,uA,125.0,3.3,0.0,20.0,healthy,4.766393,4.679206,4.820868,5.03345,-0.08718700000000013,-0.018292029213705232,-0.0036327916666666718,0.0019675277777777803,0.0029525277777777813,0.005600319444444452,0,True,True,4.7379195,0.3051198212999994,-0.1924276821802158,0.001570395833333312,0.00676093398750001,-0.7695959625726159,0.4642857142857143,4.915560819287198,0.9794181456766013,PASS,0.185565,"[""WITHIN_CONFIGURED_RISK_POLICY""]","PASS: 24-hour value is 4.67921; predicted 168-hour value is 4.91556 ± 0.979418. The early measurements, peer-relative values, forecast, and uncertainty interval are within the configured policy.",-0.0036327916666666718
L02-C023,LOT-02,SYNTH-SPACE-ASIC-A,LeakageCurrent,uA,125.0,3.3,0.0,20.0,healthy,4.87271,4.757107,4.858451,4.873234,-0.11560299999999923,-0.023724580366982488,-0.004816791666666635,0.0014075555555555447,0.00020531944444445048,0.00622434722222218,0,True,True,4.7379195,0.3051198212999994,0.06288513121910436,0.001570395833333312,0.00676093398750001,-0.9447196958007479,0.5714285714285714,5.0287831048357345,0.9794181456766013,PASS,0.185421,"[""WITHIN_CONFIGURED_RISK_POLICY""]","PASS: 24-hour value is 4.75711; predicted 168-hour value is 5.02878 ± 0.979418. The early measurements, peer-relative values, forecast, and uncertainty interval are within the configured policy.",-0.004816791666666635
L03-C011,LOT-03,SYNTH-SPACE-ASIC-A,LeakageCurrent,uA,125.0,3.3,0.0,20.0,healthy,3.127621,3.226024,3.375861,3.697608,0.0984029999999998,0.03146257171185377,0.004100124999999992,0.0020810694444444475,0.004468708333333331,-0.0020190555555555443,0,True,True,3.341222,0.5427309342000002,-0.21225618946855362,0.0010181041666666633,0.004231463949999997,0.728358050488255,0.39285714285714285,3.791726448384024,0.9794181456766013,PASS,0.182989,"[""WITHIN_CONFIGURED_RISK_POLICY""]","PASS: 24-hour value is 3.22602; predicted 168-hour value is 3.79173 ± 0.979418. The early measurements, peer-relative values, forecast, and uncertainty interval are within the configured policy.",0.004100124999999992
L02-C017,LOT-02,SYNTH-SPACE-ASIC-A,Iddq,uA,125.0,3.3,0.0,50.0,healthy,10.100287,10.116457,10.652674,10.837016,0.016170000000000684,0.0016009446068216363,0.0006737500000000285,0.007447458333333317,0.002560305555555568,0.006773708333333289,0,True,True,10.470457,0.570160516800001,-0.6208777871656345,0.0014842708333333565,0.0069718647249999615,-0.11625596096650205,0.25,10.428707344822817,0.9794181456766013,PASS,0.172696,"[""WITHIN_CONFIGURED_RISK_POLICY""]","PASS: 24-hour value is 10.1165; predicted 168-hour value is 10.4287 ± 0.979418. The early measurements, peer-relative values, forecast, and uncertainty interval are within the configured policy.",0.0006737500000000285
L05-C011,LOT-05,SYNTH-SPACE-ASIC-A,Iddq,uA,125.0,3.3,0.0,50.0,healthy,10.095643,10.104386,10.214945,10.555939,0.008742999999999057,0.0008660171521515823,0.0003642916666666274,0.0015355416666666707,0.004736027777777781,0.0011712500000000434,0,True,True,10.3230955,0.4488764237999995,-0.48723766365027177,0.003383416666666713,0.010336656312500045,-0.29207946058427803,0.35714285714285715,10.423483416658064,0.9794181456766013,PASS,0.171677,"[""WITHIN_CONFIGURED_RISK_POLICY""]","PASS: 24-hour value is 10.1044; predicted 168-hour value is 10.4235 ± 0.979418. The early measurements, peer-relative values, forecast, and uncertainty interval are within the configured policy.",0.0003642916666666274
L04-C010,LOT-04,SYNTH-SPACE-ASIC-A,LeakageCurrent,uA,125.0,3.3,0.0,20.0,healthy,4.06507,4.030803,4.391234,4.591286,-0.034267000000000714,-0.008429621138135557,-0.0014277916666666963,0.005005986111111114,0.002778500000000005,0.00643377777777781,0,True,True,4.0562214999999995,0.3065512715999997,-0.08291761396823322,0.0023232916666666528,0.0044775446624999915,-0.8377545320204511,0.39285714285714285,4.319574961432881,0.9794181456766013,PASS,0.171065,"[""WITHIN_CONFIGURED_RISK_POLICY""]","PASS: 24-hour value is 4.0308; predicted 168-hour value is 4.31957 ± 0.979418. The early measurements, peer-relative values, forecast, and uncertainty interval are within the configured policy.",-0.0014277916666666963
L01-C010,LOT-01,SYNTH-SPACE-ASIC-A,Iddq,uA,125.0,3.3,0.0,50.0,healthy,9.875591,10.017353,10.16499,10.456996,0.14176199999999994,0.014354786462906366,0.005906749999999998,0.002050513888888883,0.004055638888888898,-0.003856236111111115,0,True,True,10.403443,0.5576970399000016,-0.6922934360010725,0.00595983333333335,0.005656396987500031,-0.009384654834280534,0.2857142857142857,10.56948599966692,0.9794181456766013,PASS,0.170917,"[""WITHIN_CONFIGURED_RISK_POLICY""]","PASS: 24-hour value is 10.0174; predicted 168-hour value is 10.5695 ± 0.979418. The early measurements, peer-relative values, forecast, and uncertainty interval are within the configured policy.",0.005906749999999998
L02-C018,LOT-02,SYNTH-SPACE-ASIC-A,LeakageCurrent,uA,125.0,3.3,0.0,20.0,healthy,4.672465,4.634777,4.659241,4.45687,-0.037688000000000166,-0.008065978022307319,-0.0015703333333333402,0.00033977777777777836,-0.0028107083333333252,0.0019101111111111185,0,True,True,4.7379195,0.3051198212999994,-0.33803933012463644,0.001570395833333312,0.00676093398750001,-0.46454072358544046,0.35714285714285715,4.879413870120991,0.9794181456766013,PASS,0.166249,"[""WITHIN_CONFIGURED_RISK_POLICY""]","PASS: 24-hour value is 4.63478; predicted 168-hour value is 4.87941 ± 0.979418. The early measurements, peer-relative values, forecast, and uncertainty interval are within the configured policy.",-0.0015703333333333402
L04-C021,LOT-04,SYNTH-SPACE-ASIC-A,LeakageCurrent,uA,125.0,3.3,0.0,20.0,healthy,3.831424,3.87464,4.304957,4.689138,0.0432159999999997,0.011279357231149489,0.0018006666666666542,0.005976625000000001,0.005335847222222221,0.004175958333333347,0,True,True,4.0562214999999995,0.3065512715999997,-0.5923364762190072,0.0023232916666666528,0.0044775446624999915,-0.11672133711519389,0.2857142857142857,4.239483126410848,0.9794181456766013,PASS,0.165803,"[""WITHIN_CONFIGURED_RISK_POLICY""]","PASS: 24-hour value is 3.87464; predicted 168-hour value is 4.23948 ± 0.979418. The early measurements, peer-relative values, forecast, and uncertainty interval are within the configured policy.",0.0018006666666666542
L05-C008,LOT-05,SYNTH-SPACE-ASIC-A,LeakageCurrent,uA,125.0,3.3,0.0,20.0,healthy,4.248216,4.353542,4.382689,4.738804,0.10532599999999981,0.02479299545974117,0.004388583333333325,0.0004048194444444449,0.004946041666666666,-0.0039837638888888804,0,True,True,4.429527,0.22635595499999983,-0.33568809797824956,0.0018850833333333334,0.005643362462500019,0.44361850167088807,0.35714285714285715,4.88528043087681,0.9794181456766013,PASS,0.161908,"[""WITHIN_CONFIGURED_RISK_POLICY""]","PASS: 24-hour value is 4.35354; predicted 168-hour value is 4.88528 ± 0.979418. The early measurements, peer-relative values, forecast, and uncertainty interval are within the configured policy.",0.004388583333333325
L01-C025,LOT-01,SYNTH-SPACE-ASIC-A,LeakageCurrent,uA,125.0,3.3,0.0,20.0,healthy,4.382798,4.474234,4.75135,4.934703,0.09143599999999985,0.02086247187299069,0.003809833333333327,0.0038488333333333382,0.0025465694444444364,3.900000000001125e-05,0,True,True,4.300483,0.3281772165000001,0.5294426037646649,0.0027300625000000007,0.006139724587499993,0.1758663304754185,0.6071428571428571,5.04711793023764,0.9794181456766013,PASS,0.161075,"[""WITHIN_CONFIGURED_RISK_POLICY""]","PASS: 24-hour value is 4.47423; predicted 168-hour value is 5.04712 ± 0.979418. The early measurements, peer-relative values, forecast, and uncertainty interval are within the configured policy.",0.003809833333333327
L05-C019,LOT-05,SYNTH-SPACE-ASIC-A,LeakageCurrent,uA,125.0,3.3,0.0,20.0,healthy,4.515321,4.487916,4.878815,5.367544,-0.0274049999999999,-0.006069335934255815,-0.001141874999999996,0.005429152777777779,0.006787902777777768,0.0065710277777777755,0,True,True,4.429527,0.22635595499999983,0.2579521267730733,0.0018850833333333334,0.005643362462500019,-0.5363749632328918,0.6428571428571429,4.842544753476261,0.9794181456766013,PASS,0.159602,"[""WITHIN_CONFIGURED_RISK_POLICY""]","PASS: 24-hour value is 4.48792; predicted 168-hour value is 4.84254 ± 0.979418. The early measurements, peer-relative values, forecast, and uncertainty interval are within the configured policy.",-0.001141874999999996
L05-C005,LOT-05,SYNTH-SPACE-ASIC-A,Iddq,uA,125.0,3.3,0.0,50.0,healthy,9.984686,10.169927,10.453823,10.778821,0.18524099999999954,0.018552511315829016,0.007718374999999981,0.0039430000000000055,0.004513861111111122,-0.003775374999999976,0,True,True,10.3230955,0.4488764237999995,-0.3412264308812236,0.003383416666666713,0.010336656312500045,0.4193772340182226,0.4642857142857143,10.858201888781311,0.9794181456766013,PASS,0.158899,"[""WITHIN_CONFIGURED_RISK_POLICY""]","PASS: 24-hour value is 10.1699; predicted 168-hour value is 10.8582 ± 0.979418. The early measurements, peer-relative values, forecast, and uncertainty interval are within the configured policy.",0.007718374999999981
L05-C024,LOT-05,SYNTH-SPACE-ASIC-A,LeakageCurrent,uA,125.0,3.3,0.0,20.0,healthy,4.318712,4.327537,4.144973,4.132643,0.008825000000000749,0.0020434333199344503,0.00036770833333336456,-0.0025356111111111135,-0.0001712500000000055,-0.002903319444444478,0,True,True,4.429527,0.22635595499999983,-0.4505735225742123,0.0018850833333333334,0.005643362462500019,-0.2688778206402445,0.25,4.626806207580118,0.9794181456766013,PASS,0.158538,"[""WITHIN_CONFIGURED_RISK_POLICY""]","PASS: 24-hour value is 4.32754; predicted 168-hour value is 4.62681 ± 0.979418. The early measurements, peer-relative values, forecast, and uncertainty interval are within the configured policy.",0.00036770833333336456
L02-C003,LOT-02,SYNTH-SPACE-ASIC-A,LeakageCurrent,uA,125.0,3.3,0.0,20.0,healthy,4.695714,4.818239,4.988506,5.169642,0.12252500000000044,0.02609294347994798,0.005105208333333351,0.0023648194444444437,0.0025157777777777713,-0.0027403888888889076,0,True,True,4.7379195,0.3051198212999994,0.2632392076587783,0.001570395833333312,0.00676093398750001,0.5228290213357204,0.6785714285714286,5.497396380059384,0.9794181456766013,PASS,0.158457,"[""WITHIN_CONFIGURED_RISK_POLICY""]","PASS: 24-hour value is 4.81824; predicted 168-hour value is 5.4974 ± 0.979418. The early measurements, peer-relative values, forecast, and uncertainty interval are within the configured policy.",0.005105208333333351
L03-C028,LOT-03,SYNTH-SPACE-ASIC-A,LeakageCurrent,uA,125.0,3.3,0.0,20.0,healthy,3.560401,3.603605,3.762783,3.94737,0.0432039999999998,0.012134588210709917,0.0018001666666666583,0.002210805555555559,0.002563708333333328,0.0004106388888889009,0,True,True,3.341222,0.5427309342000002,0.4834495022598248,0.0010181041666666633,0.004231463949999997,0.1848207876141768,0.6785714285714286,4.085934100718795,0.9794181456766013,PASS,0.151444,"[""WITHIN_CONFIGURED_RISK_POLICY""]","PASS: 24-hour value is 3.6036; predicted 168-hour value is 4.08593 ± 0.979418. The early measurements, peer-relative values, forecast, and uncertainty interval are within the configured policy.",0.0018001666666666583
L04-C019,LOT-04,SYNTH-SPACE-ASIC-A,Iddq,uA,125.0,3.3,0.0,50.0,healthy,9.356809,9.440481,9.881108,9.802654,0.08367199999999997,0.00894236485964392,0.003486333333333332,0.006119819444444434,-0.0010896388888888737,0.0026334861111111016,0,True,True,9.8027045,0.5954343990000007,-0.6083348570528259,0.0034223124999999874,0.008129806212499984,0.007874828951631037,0.32142857142857145,9.870094385954024,0.9794181456766013,PASS,0.150122,"[""WITHIN_CONFIGURED_RISK_POLICY""]","PASS: 24-hour value is 9.44048; predicted 168-hour value is 9.87009 ± 0.979418. The early measurements, peer-relative values, forecast, and uncertainty interval are within the configured policy.",0.003486333333333332
L02-C015,LOT-02,SYNTH-SPACE-ASIC-A,LeakageCurrent,uA,125.0,3.3,0.0,20.0,healthy,4.879642,4.900702,5.357838,5.561777,0.0210600000000003,0.00431589038704075,0.0008775000000000125,0.006349111111111114,0.0028324861111111124,0.005471611111111102,0,True,True,4.7379195,0.3051198212999994,0.53350352430873,0.001570395833333312,0.00676093398750001,-0.10248522387799729,0.75,5.374403890940879,0.9794181456766013,PASS,0.148859,"[""WITHIN_CONFIGURED_RISK_POLICY""]","PASS: 24-hour value is 4.9007; predicted 168-hour value is 5.3744 ± 0.979418. The early measurements, peer-relative values, forecast, and uncertainty interval are within the configured policy.",0.0008775000000000125
L04-C025,LOT-04,SYNTH-SPACE-ASIC-A,Iddq,uA,125.0,3.3,0.0,50.0,defective,9.974284,9.971282,11.38603,12.963555,-0.0030020000000003932,-0.0003009739846990915,-0.00012508333333334973,0.01964927777777777,0.02191006944444444,0.019774361111111118,0,True,True,9.8027045,0.5954343990000007,0.28311683080976885,0.0034223124999999874,0.008129806212499984,-0.436344451590868,0.6785714285714286,10.393920677364722,0.9794181456766013,PASS,0.147748,"[""WITHIN_CONFIGURED_RISK_POLICY""]","PASS: 24-hour value is 9.97128; predicted 168-hour value is 10.3939 ± 0.979418. The early measurements, peer-relative values, forecast, and uncertainty interval are within the configured policy.",-0.00012508333333334973
L04-C002,LOT-04,SYNTH-SPACE-ASIC-A,LeakageCurrent,uA,125.0,3.3,0.0,20.0,healthy,3.911373,4.053991,4.276237,4.697017,0.1426179999999997,0.03646238801566603,0.005942416666666654,0.0030867500000000023,0.0058441666666666624,-0.0028556666666666518,0,True,True,4.0562214999999995,0.3065512715999997,-0.00727610747904522,0.0023232916666666528,0.0044775446624999915,0.8082833947611143,0.5,4.767336471198734,0.9794181456766013,PASS,0.14727,"[""WITHIN_CONFIGURED_RISK_POLICY""]","PASS: 24-hour value is 4.05399; predicted 168-hour value is 4.76734 ± 0.979418. The early measurements, peer-relative values, forecast, and uncertainty interval are within the configured policy.",0.005942416666666654
L05-C022,LOT-05,SYNTH-SPACE-ASIC-A,LeakageCurrent,uA,125.0,3.3,0.0,20.0,healthy,4.328538,4.337642,4.359083,4.684782,0.009103999999999779,0.002103250566357458,0.00037933333333332414,0.0002977916666666704,0.004523597222222225,-8.154166666665376e-05,0,True,True,4.429527,0.22635595499999983,-0.40593144545280685,0.0018850833333333334,0.005643362462500019,-0.2668178785264414,0.2857142857142857,4.638986666053009,0.9794181456766013,PASS,0.147255,"[""WITHIN_CONFIGURED_RISK_POLICY""]","PASS: 24-hour value is 4.33764; predicted 168-hour value is 4.63899 ± 0.979418. The early measurements, peer-relative values, forecast, and uncertainty interval are within the configured policy.",0.00037933333333332414
L04-C015,LOT-04,SYNTH-SPACE-ASIC-A,LeakageCurrent,uA,125.0,3.3,0.0,20.0,healthy,4.021682,4.011817,4.225571,4.560477,-0.009865000000000457,-0.0024529537641216925,-0.0004110416666666857,0.002968805555555565,0.004651472222222212,0.0033798472222222506,0,True,True,4.0562214999999995,0.3065512715999997,-0.14485178863632475,0.0023232916666666528,0.0044775446624999915,-0.6106769534280092,0.35714285714285715,4.312407991448502,0.9794181456766013,PASS,0.14533,"[""WITHIN_CONFIGURED_RISK_POLICY""]","PASS: 24-hour value is 4.01182; predicted 168-hour value is 4.31241 ± 0.979418. The early measurements, peer-relative values, forecast, and uncertainty interval are within the configured policy.",-0.0004110416666666857
L03-C020,LOT-03,SYNTH-SPACE-ASIC-A,Iddq,uA,125.0,3.3,0.0,50.0,healthy,8.985049,9.128868,9.249427,9.565691,0.14381900000000059,0.01600647920784857,0.005992458333333357,0.0016744305555555566,0.004392555555555535,-0.004318027777777801,0,True,True,9.170887,0.31588720379999996,-0.1330190001194338,0.0020607499999999814,0.006466668775000015,0.6079959357951447,0.5,9.735194244900521,0.9794181456766013,PASS,0.141955,"[""WITHIN_CONFIGURED_RISK_POLICY""]","PASS: 24-hour value is 9.12887; predicted 168-hour value is 9.73519 ± 0.979418. The early measurements, peer-relative values, forecast, and uncertainty interval are within the configured policy.",0.005992458333333357
L05-C026,LOT-05,SYNTH-SPACE-ASIC-A,Iddq,uA,125.0,3.3,0.0,50.0,healthy,10.176693,10.394549,10.916703,10.992338,0.21785599999999938,0.021407347160811413,0.009077333333333307,0.007252138888888895,0.0010504861111111127,-0.0018251944444444123,0,True,True,10.3230955,0.4488764237999995,0.15918300942407126,0.003383416666666713,0.010336656312500045,0.5508470529082969,0.5714285714285714,11.217368067290925,0.9794181456766013,PASS,0.138064,"[""WITHIN_CONFIGURED_RISK_POLICY""]","PASS: 24-hour value is 10.3945; predicted 168-hour value is 11.2174 ± 0.979418. The early measurements, peer-relative values, forecast, and uncertainty interval are within the configured policy.",0.009077333333333307
L04-C012,LOT-04,SYNTH-SPACE-ASIC-A,Iddq,uA,125.0,3.3,0.0,50.0,healthy,9.815306,9.971216,10.533839,10.752803,0.15591000000000044,0.015884374873284687,0.0064962500000000185,0.007814208333333338,0.0030411666666666625,0.0013179583333333194,0,True,True,9.8027045,0.5954343990000007,0.28300598736486343,0.0034223124999999874,0.008129806212499984,0.37810710608005615,0.6428571428571429,10.658279377764915,0.9794181456766013,PASS,0.137239,"[""WITHIN_CONFIGURED_RISK_POLICY""]","PASS: 24-hour value is 9.97122; predicted 168-hour value is 10.6583 ± 0.979418. The early measurements, peer-relative values, forecast, and uncertainty interval are within the configured policy.",0.0064962500000000185
L05-C017,LOT-05,SYNTH-SPACE-ASIC-A,Iddq,uA,125.0,3.3,0.0,50.0,healthy,10.165826,10.387424,10.048965,10.378732,0.22159800000000018,0.021798327061667216,0.009233250000000007,-0.004700819444444424,0.004580097222222202,-0.013934069444444431,0,True,True,10.3230955,0.4488764237999995,0.14331004389898752,0.003383416666666713,0.010336656312500045,0.5659309119390119,0.5357142857142857,11.209774105688862,0.9794181456766013,PASS,0.136899,"[""WITHIN_CONFIGURED_RISK_POLICY""]","PASS: 24-hour value is 10.3874; predicted 168-hour value is 11.2098 ± 0.979418. The early measurements, peer-relative values, forecast, and uncertainty interval are within the configured policy.",0.009233250000000007
L05-C017,LOT-05,SYNTH-SPACE-ASIC-A,LeakageCurrent,uA,125.0,3.3,0.0,20.0,healthy,4.276949,4.382939,4.306702,4.083637,0.10599000000000025,0.02478168432684146,0.0044162500000000104,-0.001058847222222233,-0.0030981249999999885,-0.005475097222222243,0,True,True,4.429527,0.22635595499999983,-0.20581742592104496,0.0018850833333333334,0.005643362462500019,0.4485210162356586,0.42857142857142855,4.929884410262275,0.9794181456766013,PASS,0.131045,"[""WITHIN_CONFIGURED_RISK_POLICY""]","PASS: 24-hour value is 4.38294; predicted 168-hour value is 4.92988 ± 0.979418. The early measurements, peer-relative values, forecast, and uncertainty interval are within the configured policy.",0.0044162500000000104
L05-C022,LOT-05,SYNTH-SPACE-ASIC-A,Iddq,uA,125.0,3.3,0.0,50.0,healthy,10.308403,10.258767,10.319788,10.150895,-0.04963599999999957,-0.00481510084539764,-0.0020681666666666487,0.0008475138888888919,-0.0023457361111111196,0.0029156805555555407,0,True,True,10.3230955,0.4488764237999995,-0.1433100438989915,0.003383416666666713,0.010336656312500045,-0.5274029791181895,0.5,10.557563045802556,0.9794181456766013,PASS,0.129964,"[""WITHIN_CONFIGURED_RISK_POLICY""]","PASS: 24-hour value is 10.2588; predicted 168-hour value is 10.5576 ± 0.979418. The early measurements, peer-relative values, forecast, and uncertainty interval are within the configured policy.",-0.0020681666666666487
L03-C018,LOT-03,SYNTH-SPACE-ASIC-A,LeakageCurrent,uA,125.0,3.3,0.0,20.0,healthy,3.097278,3.108156,3.076839,3.050046,0.010877999999999943,0.0035121161226082847,0.00045324999999999765,-0.00043495833333333385,-0.00037212500000000093,-0.0008882083333333316,0,True,True,3.341222,0.5427309342000002,-0.4294319437375455,0.0010181041666666633,0.004231463949999997,-0.1334890650945203,0.32142857142857145,3.40411524932511,0.9794181456766013,PASS,0.129,"[""WITHIN_CONFIGURED_RISK_POLICY""]","PASS: 24-hour value is 3.10816; predicted 168-hour value is 3.40412 ± 0.979418. The early measurements, peer-relative values, forecast, and uncertainty interval are within the configured policy.",0.00045324999999999765
L05-C028,LOT-05,SYNTH-SPACE-ASIC-A,LeakageCurrent,uA,125.0,3.3,0.0,20.0,healthy,4.481376,4.438699,4.52542,4.500781,-0.0426770000000003,-0.009523191091307736,-0.0017782083333333458,0.0012044583333333432,-0.00034220833333334057,0.002982666666666689,0,True,True,4.429527,0.22635595499999983,0.04052025050544626,0.0018850833333333334,0.005643362462500019,-0.6491327982225397,0.5357142857142857,4.736171985225672,0.9794181456766013,PASS,0.126749,"[""WITHIN_CONFIGURED_RISK_POLICY""]","PASS: 24-hour value is 4.4387; predicted 168-hour value is 4.73617 ± 0.979418. The early measurements, peer-relative values, forecast, and uncertainty interval are within the configured policy.",-0.0017782083333333458
L02-C002,LOT-02,SYNTH-SPACE-ASIC-A,LeakageCurrent,uA,125.0,3.3,0.0,20.0,healthy,4.688198,4.795885,4.988253,5.364348,0.10768700000000031,0.022969806309375226,0.004486958333333346,0.002671777777777779,0.0052235416666666585,-0.0018151805555555673,0,True,True,4.7379195,0.3051198212999994,0.18997618625047352,0.001570395833333312,0.00676093398750001,0.43138455506182094,0.6071428571428571,5.398602065849352,0.9794181456766013,PASS,0.124088,"[""WITHIN_CONFIGURED_RISK_POLICY""]","PASS: 24-hour value is 4.79589; predicted 168-hour value is 5.3986 ± 0.979418. The early measurements, peer-relative values, forecast, and uncertainty interval are within the configured policy.",0.004486958333333346
L05-C021,LOT-05,SYNTH-SPACE-ASIC-A,LeakageCurrent,uA,125.0,3.3,0.0,20.0,healthy,4.4749,4.441056,4.32437,4.439715,-0.03384400000000021,-0.007563074035174017,-0.0014101666666666752,-0.0016206388888888837,0.001602013888888883,-0.00021047222222220848,0,True,True,4.429527,0.22635595499999983,0.05093305364994469,0.0018850833333333334,0.005643362462500019,-0.5839160645620142,0.5714285714285714,4.757046987429156,0.9794181456766013,PASS,0.117555,"[""WITHIN_CONFIGURED_RISK_POLICY""]","PASS: 24-hour value is 4.44106; predicted 168-hour value is 4.75705 ± 0.979418. The early measurements, peer-relative values, forecast, and uncertainty interval are within the configured policy.",-0.0014101666666666752
L05-C013,LOT-05,SYNTH-SPACE-ASIC-A,Iddq,uA,125.0,3.3,0.0,50.0,defective,10.436456,10.481628,11.767141,13.296105,0.04517200000000088,0.004328289220018834,0.0018821666666667032,0.01785434722222222,0.021235611111111115,0.015972180555555517,0,True,True,10.3230955,0.4488764237999995,0.35317626766389315,0.003383416666666713,0.010336656312500045,-0.1452355534143627,0.6428571428571429,10.9476888404037,0.9794181456766013,PASS,0.112474,"[""WITHIN_CONFIGURED_RISK_POLICY""]","PASS: 24-hour value is 10.4816; predicted 168-hour value is 10.9477 ± 0.979418. The early measurements, peer-relative values, forecast, and uncertainty interval are within the configured policy.",0.0018821666666667032
L01-C007,LOT-01,SYNTH-SPACE-ASIC-A,Iddq,uA,125.0,3.3,0.0,50.0,healthy,10.159426,10.266555,10.186548,10.447569,0.10712900000000047,0.01054478865242982,0.004463708333333353,-0.0011112083333333356,0.00362529166666666,-0.005574916666666689,0,True,True,10.403443,0.5576970399000016,-0.245452262082194,0.00595983333333335,0.005656396987500031,-0.26450141376325886,0.42857142857142855,10.777499839235412,0.9794181456766013,PASS,0.10761,"[""WITHIN_CONFIGURED_RISK_POLICY""]","PASS: 24-hour value is 10.2666; predicted 168-hour value is 10.7775 ± 0.979418. The early measurements, peer-relative values, forecast, and uncertainty interval are within the configured policy.",0.004463708333333353
L03-C009,LOT-03,SYNTH-SPACE-ASIC-A,Iddq,uA,125.0,3.3,0.0,50.0,healthy,9.227265,9.212906,9.257372,9.466672,-0.0143589999999989,-0.0015561490864301503,-0.0005982916666666208,0.0006175833333333319,0.002906944444444454,0.0012158749999999527,0,True,True,9.170887,0.31588720379999996,0.1330190001194338,0.0020607499999999814,0.006466668775000015,-0.4111918762479985,0.5357142857142857,9.559179484013992,0.9794181456766013,PASS,0.10653,"[""WITHIN_CONFIGURED_RISK_POLICY""]","PASS: 24-hour value is 9.21291; predicted 168-hour value is 9.55918 ± 0.979418. The early measurements, peer-relative values, forecast, and uncertainty interval are within the configured policy.",-0.0005982916666666208
L04-C020,LOT-04,SYNTH-SPACE-ASIC-A,LeakageCurrent,uA,125.0,3.3,0.0,20.0,healthy,4.083917,4.099419,4.061989,4.085985,0.015502000000000571,0.0037958655868864555,0.0006459166666666905,-0.0005198611111111183,0.00033327777777778265,-0.0011657777777778087,0,True,True,4.0562214999999995,0.3065512715999997,0.1409144374920959,0.0023232916666666528,0.0044775446624999915,-0.374619378796641,0.6071428571428571,4.499749106455821,0.9794181456766013,PASS,0.101877,"[""WITHIN_CONFIGURED_RISK_POLICY""]","PASS: 24-hour value is 4.09942; predicted 168-hour value is 4.49975 ± 0.979418. The early measurements, peer-relative values, forecast, and uncertainty interval are within the configured policy.",0.0006459166666666905
L02-C007,LOT-02,SYNTH-SPACE-ASIC-A,Iddq,uA,125.0,3.3,0.0,50.0,healthy,10.657467,10.683156,11.467102,11.9095,0.02568899999999985,0.002410422664222169,0.0010703749999999939,0.010888138888888892,0.006144416666666652,0.009817763888888898,0,True,True,10.470457,0.570160516800001,0.37305108602357057,0.0014842708333333565,0.0069718647249999615,-0.05936658980906503,0.6071428571428571,11.100443197675979,0.9794181456766013,PASS,0.101876,"[""WITHIN_CONFIGURED_RISK_POLICY""]","PASS: 24-hour value is 10.6832; predicted 168-hour value is 11.1004 ± 0.979418. The early measurements, peer-relative values, forecast, and uncertainty interval are within the configured policy.",0.0010703749999999939
L03-C014,LOT-03,SYNTH-SPACE-ASIC-A,Iddq,uA,125.0,3.3,0.0,50.0,healthy,9.228675,9.231823,9.65789,9.943916,0.0031479999999994845,0.0003411107228285192,0.0001311666666666452,0.005917597222222219,0.003972583333333329,0.005786430555555574,0,True,True,9.170887,0.31588720379999996,0.1929043002279407,0.0020607499999999814,0.006466668775000015,-0.2983890779736638,0.6071428571428571,9.620909382571693,0.9794181456766013,PASS,0.100864,"[""WITHIN_CONFIGURED_RISK_POLICY""]","PASS: 24-hour value is 9.23182; predicted 168-hour value is 9.62091 ± 0.979418. The early measurements, peer-relative values, forecast, and uncertainty interval are within the configured policy.",0.0001311666666666452
L05-C009,LOT-05,SYNTH-SPACE-ASIC-A,LeakageCurrent,uA,125.0,3.3,0.0,20.0,healthy,4.307254,4.420355,4.810044,5.069154,0.11310099999999945,0.026258261063777395,0.0047125416666666435,0.005412347222222231,0.003598749999999996,0.0006998055555555872,0,True,True,4.429527,0.22635595499999983,-0.04052025050545018,0.0018850833333333334,0.005643362462500019,0.5010236985700793,0.5,5.009160302044178,0.9794181456766013,PASS,0.100089,"[""WITHIN_CONFIGURED_RISK_POLICY""]","PASS: 24-hour value is 4.42035; predicted 168-hour value is 5.00916 ± 0.979418. The early measurements, peer-relative values, forecast, and uncertainty interval are within the configured policy.",0.0047125416666666435
L04-C027,LOT-04,SYNTH-SPACE-ASIC-A,Iddq,uA,125.0,3.3,0.0,50.0,healthy,9.536302,9.663106,9.785579,10.154247,0.1268040000000017,0.013296978220698306,0.00528350000000007,0.0017010138888888804,0.005120388888888883,-0.00358248611111119,0,True,True,9.8027045,0.5954343990000007,-0.23444816126587237,0.0034223124999999874,0.008129806212499984,0.2289338086728825,0.42857142857142855,10.204416812648734,0.9794181456766013,PASS,0.098518,"[""WITHIN_CONFIGURED_RISK_POLICY""]","PASS: 24-hour value is 9.66311; predicted 168-hour value is 10.2044 ± 0.979418. The early measurements, peer-relative values, forecast, and uncertainty interval are within the configured policy.",0.00528350000000007
L02-C018,LOT-02,SYNTH-SPACE-ASIC-A,Iddq,uA,125.0,3.3,0.0,50.0,healthy,10.550881,10.515478,11.094689,10.998291,-0.03540300000000052,-0.0033554543928607018,-0.0014751250000000216,0.008044597222222234,-0.00133886111111112,0.009519722222222256,0,True,True,10.470457,0.570160516800001,0.07896197416944695,0.0014842708333333565,0.0069718647249999615,-0.4244769441267945,0.5357142857142857,10.838583030272055,0.9794181456766013,PASS,0.095708,"[""WITHIN_CONFIGURED_RISK_POLICY""]","PASS: 24-hour value is 10.5155; predicted 168-hour value is 10.8386 ± 0.979418. The early measurements, peer-relative values, forecast, and uncertainty interval are within the configured policy.",-0.0014751250000000216
L01-C017,LOT-01,SYNTH-SPACE-ASIC-A,Iddq,uA,125.0,3.3,0.0,50.0,healthy,10.451311,10.585048,10.901138,11.137008,0.133737,0.012796193702397717,0.005572375,0.004390138888888877,0.0032759722222222257,-0.0011822361111111235,0,True,True,10.403443,0.5576970399000016,0.32563378861140085,0.00595983333333335,0.005656396987500031,-0.06849914074093226,0.6071428571428571,11.209989053872512,0.9794181456766013,PASS,0.091929,"[""WITHIN_CONFIGURED_RISK_POLICY""]","PASS: 24-hour value is 10.585; predicted 168-hour value is 11.21 ± 0.979418. The early measurements, peer-relative values, forecast, and uncertainty interval are within the configured policy.",0.005572375
L01-C009,LOT-01,SYNTH-SPACE-ASIC-A,LeakageCurrent,uA,125.0,3.3,0.0,20.0,healthy,4.143166,4.198925,4.601699,4.788801,0.055759000000000114,0.013458065643519984,0.0023232916666666714,0.005594083333333333,0.0025986388888888934,0.0032707916666666614,0,True,True,4.300483,0.3281772165000001,-0.3094608488764478,0.0027300625000000007,0.006139724587499993,-0.06625229316661588,0.32142857142857145,4.599993035296782,0.9794181456766013,PASS,0.087571,"[""WITHIN_CONFIGURED_RISK_POLICY""]","PASS: 24-hour value is 4.19893; predicted 168-hour value is 4.59999 ± 0.979418. The early measurements, peer-relative values, forecast, and uncertainty interval are within the configured policy.",0.0023232916666666714
L02-C017,LOT-02,SYNTH-SPACE-ASIC-A,LeakageCurrent,uA,125.0,3.3,0.0,20.0,healthy,4.632424,4.65367,4.837056,4.883428,0.021245999999999654,0.004586367741812851,0.0008852499999999855,0.002547027777777772,0.0006440555555555659,0.0016617777777777868,0,True,True,4.7379195,0.3051198212999994,-0.2761193934928424,0.001570395833333312,0.00676093398750001,-0.10133893254986101,0.39285714285714285,4.984813272933271,0.9794181456766013,PASS,0.085737,"[""WITHIN_CONFIGURED_RISK_POLICY""]","PASS: 24-hour value is 4.65367; predicted 168-hour value is 4.98481 ± 0.979418. The early measurements, peer-relative values, forecast, and uncertainty interval are within the configured policy.",0.0008852499999999855
L01-C024,LOT-01,SYNTH-SPACE-ASIC-A,Iddq,uA,125.0,3.3,0.0,50.0,healthy,10.360899,10.523188,10.778665,10.810039,0.16228899999999946,0.015663602164252298,0.0067620416666666445,0.0035482916666666783,0.00043574999999999403,-0.003213749999999966,0,True,True,10.403443,0.5576970399000016,0.21471335049845516,0.00595983333333335,0.005656396987500031,0.14182320213840724,0.5714285714285714,11.195635776672198,0.9794181456766013,PASS,0.078014,"[""WITHIN_CONFIGURED_RISK_POLICY""]","PASS: 24-hour value is 10.5232; predicted 168-hour value is 11.1956 ± 0.979418. The early measurements, peer-relative values, forecast, and uncertainty interval are within the configured policy.",0.0067620416666666445
L02-C001,LOT-02,SYNTH-SPACE-ASIC-A,Iddq,uA,125.0,3.3,0.0,50.0,healthy,10.260064,10.293689,10.592043,10.734037,0.03362500000000068,0.0032772700053333667,0.0014010416666666952,0.0041438055555555525,0.0019721388888888944,0.002742763888888857,0,True,True,10.470457,0.570160516800001,-0.3100319906262559,0.0014842708333333565,0.0069718647249999615,-0.011937863104000747,0.42857142857142855,10.65341232267584,0.9794181456766013,PASS,0.077934,"[""WITHIN_CONFIGURED_RISK_POLICY""]","PASS: 24-hour value is 10.2937; predicted 168-hour value is 10.6534 ± 0.979418. The early measurements, peer-relative values, forecast, and uncertainty interval are within the configured policy.",0.0014010416666666952
L01-C025,LOT-01,SYNTH-SPACE-ASIC-A,Iddq,uA,125.0,3.3,0.0,50.0,healthy,10.147338,10.318962,10.516573,10.498655,0.17162400000000133,0.016913204231494144,0.007151000000000056,0.0027445972222222004,-0.0002488611111111094,-0.004406402777777855,0,True,True,10.403443,0.5576970399000016,-0.15148188703878795,0.00595983333333335,0.005656396987500031,0.21058752935818392,0.4642857142857143,10.97579249559951,0.9794181456766013,PASS,0.074935,"[""WITHIN_CONFIGURED_RISK_POLICY""]","PASS: 24-hour value is 10.319; predicted 168-hour value is 10.9758 ± 0.979418. The early measurements, peer-relative values, forecast, and uncertainty interval are within the configured policy.",0.007151000000000056
L04-C023,LOT-04,SYNTH-SPACE-ASIC-A,Iddq,uA,125.0,3.3,0.0,50.0,healthy,9.829191,9.852621,9.764027,9.74833,0.023429999999999396,0.0023837160148784775,0.0009762499999999749,-0.0012304722222222046,-0.0002180138888889053,-0.0022067222222221794,0,True,True,9.8027045,0.5954343990000007,0.08383207299381826,0.0034223124999999874,0.008129806212499984,-0.3008758678944978,0.5714285714285714,10.257371875671275,0.9794181456766013,PASS,0.07465,"[""WITHIN_CONFIGURED_RISK_POLICY""]","PASS: 24-hour value is 9.85262; predicted 168-hour value is 10.2574 ± 0.979418. The early measurements, peer-relative values, forecast, and uncertainty interval are within the configured policy.",0.0009762499999999749
L04-C014,LOT-04,SYNTH-SPACE-ASIC-A,Iddq,uA,125.0,3.3,0.0,50.0,healthy,9.822184,9.8564,10.272328,10.250364,0.03421600000000069,0.003483542967633338,0.0014256666666666955,0.005776777777777766,-0.000305055555555563,0.00435111111111107,0,True,True,9.8027045,0.5954343990000007,0.09017869993769008,0.0034223124999999874,0.008129806212499984,-0.2455957474439365,0.6071428571428571,10.288245545322706,0.9794181456766013,PASS,0.066251,"[""WITHIN_CONFIGURED_RISK_POLICY""]","PASS: 24-hour value is 9.8564; predicted 168-hour value is 10.2882 ± 0.979418. The early measurements, peer-relative values, forecast, and uncertainty interval are within the configured policy.",0.0014256666666666955
L03-C017,LOT-03,SYNTH-SPACE-ASIC-A,Iddq,uA,125.0,3.3,0.0,50.0,healthy,9.0872,9.11872,9.507228,9.736015,0.03152000000000044,0.003468615194999608,0.0013133333333333515,0.005395944444444443,0.0031775972222222292,0.0040826111111110916,0,True,True,9.170887,0.31588720379999996,-0.16514439132846173,0.0020607499999999814,0.006466668775000015,-0.11557985922460182,0.4642857142857143,9.490046317468012,0.9794181456766013,PASS,0.061173,"[""WITHIN_CONFIGURED_RISK_POLICY""]","PASS: 24-hour value is 9.11872; predicted 168-hour value is 9.49005 ± 0.979418. The early measurements, peer-relative values, forecast, and uncertainty interval are within the configured policy.",0.0013133333333333515
L04-C003,LOT-04,SYNTH-SPACE-ASIC-A,Iddq,uA,125.0,3.3,0.0,50.0,healthy,9.626762,9.750178,10.160555,10.569212,0.12341600000000064,0.012820094648647244,0.00514233333333336,0.005699680555555562,0.005675791666666664,0.0005573472222222021,0,True,True,9.8027045,0.5954343990000007,-0.0882154274059681,0.0034223124999999874,0.008129806212499984,0.211569721143999,0.4642857142857143,10.294645242822535,0.9794181456766013,PASS,0.059646,"[""WITHIN_CONFIGURED_RISK_POLICY""]","PASS: 24-hour value is 9.75018; predicted 168-hour value is 10.2946 ± 0.979418. The early measurements, peer-relative values, forecast, and uncertainty interval are within the configured policy.",0.00514233333333336
L02-C001,LOT-02,SYNTH-SPACE-ASIC-A,LeakageCurrent,uA,125.0,3.3,0.0,20.0,healthy,4.753921,4.740406,5.463934,6.133894,-0.013514999999999944,-0.002842916405215809,-0.0005631249999999977,0.010048999999999999,0.009304999999999996,0.010612124999999997,0,True,True,4.7379195,0.3051198212999994,0.008149257525800212,0.001570395833333312,0.00676093398750001,-0.31556599092342585,0.5357142857142857,5.05853152611296,0.9794181456766013,PASS,0.058794,"[""WITHIN_CONFIGURED_RISK_POLICY""]","PASS: 24-hour value is 4.74041; predicted 168-hour value is 5.05853 ± 0.979418. The early measurements, peer-relative values, forecast, and uncertainty interval are within the configured policy.",-0.0005631249999999977
L03-C020,LOT-03,SYNTH-SPACE-ASIC-A,LeakageCurrent,uA,125.0,3.3,0.0,20.0,healthy,3.240936,3.257269,3.311632,3.368522,0.01633299999999993,0.005039593500149318,0.0006805416666666638,0.0007550416666666658,0.0007901388888888904,7.450000000000197e-05,0,True,True,3.341222,0.5427309342000002,-0.1546862261016117,0.0010181041666666633,0.004231463949999997,-0.07977440053577668,0.42857142857142855,3.584900032581091,0.9794181456766013,PASS,0.052172,"[""WITHIN_CONFIGURED_RISK_POLICY""]","PASS: 24-hour value is 3.25727; predicted 168-hour value is 3.5849 ± 0.979418. The early measurements, peer-relative values, forecast, and uncertainty interval are within the configured policy.",0.0006805416666666638
L03-C024,LOT-03,SYNTH-SPACE-ASIC-A,LeakageCurrent,uA,125.0,3.3,0.0,20.0,healthy,3.242269,3.258457,3.468753,3.695212,0.01618800000000009,0.004992799795451917,0.0006745000000000038,0.002920777777777778,0.0031452638888888915,0.0022462777777777746,0,True,True,3.341222,0.5427309342000002,-0.15249729614546112,0.0010181041666666633,0.004231463949999997,-0.0812021963856409,0.4642857142857143,3.593125636636305,0.9794181456766013,PASS,0.051894,"[""WITHIN_CONFIGURED_RISK_POLICY""]","PASS: 24-hour value is 3.25846; predicted 168-hour value is 3.59313 ± 0.979418. The early measurements, peer-relative values, forecast, and uncertainty interval are within the configured policy.",0.0006745000000000038
L03-C015,LOT-03,SYNTH-SPACE-ASIC-A,LeakageCurrent,uA,125.0,3.3,0.0,20.0,healthy,3.269328,3.281255,3.746295,3.962182,0.011927000000000021,0.0036481503232468635,0.0004969583333333342,0.006458888888888891,0.0029984305555555545,0.005961930555555556,0,True,True,3.341222,0.5427309342000002,-0.11049121437751337,0.0010181041666666633,0.004231463949999997,-0.12315970063583538,0.5,3.6176009372715523,0.9794181456766013,PASS,0.049178,"[""WITHIN_CONFIGURED_RISK_POLICY""]","PASS: 24-hour value is 3.28125; predicted 168-hour value is 3.6176 ± 0.979418. The early measurements, peer-relative values, forecast, and uncertainty interval are within the configured policy.",0.0004969583333333342
L04-C020,LOT-04,SYNTH-SPACE-ASIC-A,Iddq,uA,125.0,3.3,0.0,50.0,healthy,9.788578,9.833003,10.031472,10.352163,0.04442500000000038,0.004538452878446735,0.0018510416666666825,0.0027565138888889043,0.004454041666666643,0.0009054722222222218,0,True,True,9.8027045,0.5954343990000007,0.05088469871892447,0.0034223124999999874,0.008129806212499984,-0.19327285205364395,0.5357142857142857,10.254097213016582,0.9794181456766013,PASS,0.047228,"[""WITHIN_CONFIGURED_RISK_POLICY""]","PASS: 24-hour value is 9.833; predicted 168-hour value is 10.2541 ± 0.979418. The early measurements, peer-relative values, forecast, and uncertainty interval are within the configured policy.",0.0018510416666666825
L04-C019,LOT-04,SYNTH-SPACE-ASIC-A,LeakageCurrent,uA,125.0,3.3,0.0,20.0,healthy,4.046925,4.091206,4.45096,4.578185,0.04428099999999979,0.010941887976673597,0.001845041666666658,0.004996583333333342,0.0017670138888888909,0.0031515416666666836,0,True,True,4.0562214999999995,0.3065512715999997,0.11412283438722566,0.0023232916666666528,0.0044775446624999915,-0.1068107715385621,0.5714285714285714,4.528554764189662,0.9794181456766013,PASS,0.047123,"[""WITHIN_CONFIGURED_RISK_POLICY""]","PASS: 24-hour value is 4.09121; predicted 168-hour value is 4.52855 ± 0.979418. The early measurements, peer-relative values, forecast, and uncertainty interval are within the configured policy.",0.001845041666666658
L04-C011,LOT-04,SYNTH-SPACE-ASIC-A,LeakageCurrent,uA,125.0,3.3,0.0,20.0,healthy,4.011821,4.052606,4.315702,4.481807,0.04078499999999963,0.010166206318776343,0.0016993749999999845,0.003654111111111111,0.002307013888888888,0.0019547361111111267,0,True,True,4.0562214999999995,0.3065512715999997,-0.01179411189889696,0.0023232916666666528,0.0044775446624999915,-0.13934348257696902,0.4642857142857143,4.449712955738482,0.9794181456766013,PASS,0.027965,"[""WITHIN_CONFIGURED_RISK_POLICY""]","PASS: 24-hour value is 4.05261; predicted 168-hour value is 4.44971 ± 0.979418. The early measurements, peer-relative values, forecast, and uncertainty interval are within the configured policy.",0.0016993749999999845
L01-C020,LOT-01,SYNTH-SPACE-ASIC-A,LeakageCurrent,uA,125.0,3.3,0.0,20.0,healthy,4.216588,4.291872,4.541593,4.827157,0.0752839999999999,0.01785424613455237,0.0031368333333333296,0.0034683472222222234,0.003966166666666666,0.0003315138888888938,0,True,True,4.300483,0.3281772165000001,-0.02623887206990234,0.0027300625000000007,0.006139724587499993,0.06625229316661581,0.5,4.776044332968769,0.9794181456766013,PASS,0.018339,"[""WITHIN_CONFIGURED_RISK_POLICY""]","PASS: 24-hour value is 4.29187; predicted 168-hour value is 4.77604 ± 0.979418. The early measurements, peer-relative values, forecast, and uncertainty interval are within the configured policy.",0.0031368333333333296
L02-C006,LOT-02,SYNTH-SPACE-ASIC-A,LeakageCurrent,uA,125.0,3.3,0.0,20.0,healthy,4.699098,4.735433,4.785282,4.917525,0.03633499999999934,0.007732335014081285,0.0015139583333333058,0.0006923472222222227,0.001836708333333344,-0.0008216111111110831,0,True,True,4.7379195,0.3051198212999994,-0.008149257525803123,0.001570395833333312,0.00676093398750001,-0.008347589268635209,0.5,5.123792382254592,0.9794181456766013,PASS,0.003495,"[""WITHIN_CONFIGURED_RISK_POLICY""]","PASS: 24-hour value is 4.73543; predicted 168-hour value is 5.12379 ± 0.979418. The early measurements, peer-relative values, forecast, and uncertainty interval are within the configured policy.",0.0015139583333333058
L01-C021,LOT-01,SYNTH-SPACE-ASIC-A,Iddq,uA,125.0,3.3,0.0,50.0,defective,54.622986,55.26194,56.597698,58.399981,0.6389540000000054,0.011697529681002891,0.026623083333333557,0.018552194444444423,0.025031708333333274,-0.008070888888889134,0,True,True,10.403443,0.5576970399000016,80.43524313495261,0.00595983333333335,0.005656396987500031,3.6530763391720122,1.0,59.13169189056546,0.9794181456766013,REJECT,1.0,"[""ABSOLUTE_LIMIT_EXCEEDED"", ""PEER_DEVIATION_HIGH"", ""EARLY_DRIFT_ABOVE_PEER_SLOPE"", ""PREDICTED_168H_LIMIT_BREACH"", ""SAFETY_SLOPE_EXCEEDED""]",REJECT: 24-hour value is 55.2619; predicted 168-hour value is 59.1317 ± 0.979418. The 24-hour measurement is outside the supplied specification limit. The 24-hour value is 80.44 robust deviations from its lot/device/parameter peer median. The 0h to 24h slope is 3.65 robust deviations from the peer slope median. The uncertainty-adjusted 168-hour forecast crosses a supplied specification limit. The early slope (0.0266231/h) is above the configured upper safety slope (-0.0365413/h) using the remaining_limit policy.,0.026623083333333557
L01-C021,LOT-01,SYNTH-SPACE-ASIC-A,LeakageCurrent,uA,125.0,3.3,0.0,20.0,defective,21.951935,22.261765,23.246654,24.239965,0.3098300000000016,0.014114017739210763,0.0129095833333334,0.013679013888888876,0.013795986111111139,0.0007694305555554764,0,True,True,4.300483,0.3281772165000001,54.730435560263814,0.0027300625000000007,0.006139724587499993,1.6579767851571259,1.0,24.793104139155847,0.9794181456766013,REJECT,1.0,"[""ABSOLUTE_LIMIT_EXCEEDED"", ""PEER_DEVIATION_HIGH"", ""EARLY_DRIFT_ABOVE_PEER_SLOPE"", ""PREDICTED_168H_LIMIT_BREACH"", ""SAFETY_SLOPE_EXCEEDED""]",REJECT: 24-hour value is 22.2618; predicted 168-hour value is 24.7931 ± 0.979418. The 24-hour measurement is outside the supplied specification limit. The 24-hour value is 54.73 robust deviations from its lot/device/parameter peer median. The 0h to 24h slope is 1.66 robust deviations from the peer slope median. The uncertainty-adjusted 168-hour forecast crosses a supplied specification limit. The early slope (0.0129096/h) is above the configured upper safety slope (-0.0157067/h) using the remaining_limit policy.,0.0129095833333334
L02-C024,LOT-02,SYNTH-SPACE-ASIC-A,Iddq,uA,125.0,3.3,0.0,50.0,defective,55.588332,55.875346,57.299734,58.797818,0.2870139999999992,0.005163205832475765,0.011958916666666633,0.01978316666666667,0.020806722222222202,0.007824250000000038,0,True,True,10.470457,0.570160516800001,79.63527403621842,0.0014842708333333565,0.0069718647249999615,1.502416677101166,1.0,58.00594255556,0.9794181456766013,REJECT,1.0,"[""ABSOLUTE_LIMIT_EXCEEDED"", ""PEER_DEVIATION_HIGH"", ""EARLY_DRIFT_ABOVE_PEER_SLOPE"", ""PREDICTED_168H_LIMIT_BREACH"", ""SAFETY_SLOPE_EXCEEDED""]",REJECT: 24-hour value is 55.8753; predicted 168-hour value is 58.0059 ± 0.979418. The 24-hour measurement is outside the supplied specification limit. The 24-hour value is 79.64 robust deviations from its lot/device/parameter peer median. The 0h to 24h slope is 1.50 robust deviations from the peer slope median. The uncertainty-adjusted 168-hour forecast crosses a supplied specification limit. The early slope (0.0119589/h) is above the configured upper safety slope (-0.040801/h) using the remaining_limit policy.,0.011958916666666633
L02-C024,LOT-02,SYNTH-SPACE-ASIC-A,LeakageCurrent,uA,125.0,3.3,0.0,20.0,defective,22.905674,23.238856,24.972833,26.935187,0.3331819999999972,0.014545828251986699,0.013882583333333217,0.02408301388888893,0.027254916666666636,0.010200430555555714,0,True,True,4.7379195,0.3051198212999994,60.63498733440046,0.001570395833333312,0.00676093398750001,1.821077904733778,1.0,25.958102218351936,0.9794181456766013,REJECT,1.0,"[""ABSOLUTE_LIMIT_EXCEEDED"", ""PEER_DEVIATION_HIGH"", ""EARLY_DRIFT_ABOVE_PEER_SLOPE"", ""PREDICTED_168H_LIMIT_BREACH"", ""SAFETY_SLOPE_EXCEEDED""]",REJECT: 24-hour value is 23.2389; predicted 168-hour value is 25.9581 ± 0.979418. The 24-hour measurement is outside the supplied specification limit. The 24-hour value is 60.63 robust deviations from its lot/device/parameter peer median. The 0h to 24h slope is 1.82 robust deviations from the peer slope median. The uncertainty-adjusted 168-hour forecast crosses a supplied specification limit. The early slope (0.0138826/h) is above the configured upper safety slope (-0.0224921/h) using the remaining_limit policy.,0.013882583333333217
L03-C016,LOT-03,SYNTH-SPACE-ASIC-A,Iddq,uA,125.0,3.3,0.0,50.0,defective,53.919627,53.849664,55.135668,56.111373,-0.06996300000000133,-0.001297542358740748,-0.0029151250000000553,0.017861166666666744,0.013551458333333303,0.0207762916666668,0,True,True,9.170887,0.31588720379999996,141.43902146883988,0.0020607499999999814,0.006466668775000015,-0.7694649553161976,1.0,56.317510967154895,0.9794181456766013,REJECT,1.0,"[""ABSOLUTE_LIMIT_EXCEEDED"", ""PEER_DEVIATION_HIGH"", ""PREDICTED_168H_LIMIT_BREACH"", ""SAFETY_SLOPE_EXCEEDED""]",REJECT: 24-hour value is 53.8497; predicted 168-hour value is 56.3175 ± 0.979418. The 24-hour measurement is outside the supplied specification limit. The 24-hour value is 141.44 robust deviations from its lot/device/parameter peer median. The uncertainty-adjusted 168-hour forecast crosses a supplied specification limit. The early slope (-0.00291513/h) is above the configured upper safety slope (-0.0267338/h) using the remaining_limit policy.,-0.0029151250000000553
L03-C016,LOT-03,SYNTH-SPACE-ASIC-A,LeakageCurrent,uA,125.0,3.3,0.0,20.0,defective,20.869888,21.10629,22.241011,23.477774,0.23640200000000178,0.01132742063589425,0.009850083333333407,0.015760013888888875,0.017177263888888888,0.005909930555555469,0,True,True,3.341222,0.5427309342000002,32.7327352847248,0.0010181041666666633,0.004231463949999997,2.0872159779753647,1.0,23.05390458244478,0.9794181456766013,REJECT,1.0,"[""ABSOLUTE_LIMIT_EXCEEDED"", ""PEER_DEVIATION_HIGH"", ""EARLY_DRIFT_ABOVE_PEER_SLOPE"", ""PREDICTED_168H_LIMIT_BREACH"", ""SAFETY_SLOPE_EXCEEDED""]",REJECT: 24-hour value is 21.1063; predicted 168-hour value is 23.0539 ± 0.979418. The 24-hour measurement is outside the supplied specification limit. The 24-hour value is 32.73 robust deviations from its lot/device/parameter peer median. The 0h to 24h slope is 2.09 robust deviations from the peer slope median. The uncertainty-adjusted 168-hour forecast crosses a supplied specification limit. The early slope (0.00985008/h) is above the configured upper safety slope (-0.00768257/h) using the remaining_limit policy.,0.009850083333333407
L03-C019,LOT-03,SYNTH-SPACE-ASIC-A,Iddq,uA,125.0,3.3,0.0,50.0,defective,50.653992,50.946219,52.233868,54.035577,0.2922269999999969,0.005769081339137039,0.012176124999999871,0.017884013888888915,0.025023736111111146,0.0057078888888890435,0,True,True,9.170887,0.31588720379999996,132.24762351073116,0.0020607499999999814,0.006466668775000015,1.5642327374344092,0.9642857142857143,53.772853448655695,0.9794181456766013,REJECT,1.0,"[""ABSOLUTE_LIMIT_EXCEEDED"", ""PEER_DEVIATION_HIGH"", ""EARLY_DRIFT_ABOVE_PEER_SLOPE"", ""PREDICTED_168H_LIMIT_BREACH"", ""SAFETY_SLOPE_EXCEEDED""]",REJECT: 24-hour value is 50.9462; predicted 168-hour value is 53.7729 ± 0.979418. The 24-hour measurement is outside the supplied specification limit. The 24-hour value is 132.25 robust deviations from its lot/device/parameter peer median. The 0h to 24h slope is 1.56 robust deviations from the peer slope median. The uncertainty-adjusted 168-hour forecast crosses a supplied specification limit. The early slope (0.0121761/h) is above the configured upper safety slope (-0.00657097/h) using the remaining_limit policy.,0.012176124999999871
L03-C019,LOT-03,SYNTH-SPACE-ASIC-A,LeakageCurrent,uA,125.0,3.3,0.0,20.0,defective,20.549259,21.063198,22.635272,24.421822,0.5139390000000006,0.025010098904296285,0.021414125000000023,0.02183436111111112,0.024813194444444422,0.00042023611111109693,0,True,True,3.341222,0.5427309342000002,32.65333682540624,0.0010181041666666633,0.004231463949999997,4.820086162693972,0.9642857142857143,24.721503512994147,0.9794181456766013,REJECT,1.0,"[""ABSOLUTE_LIMIT_EXCEEDED"", ""PEER_DEVIATION_HIGH"", ""EARLY_DRIFT_ABOVE_PEER_SLOPE"", ""PREDICTED_168H_LIMIT_BREACH"", ""SAFETY_SLOPE_EXCEEDED""]",REJECT: 24-hour value is 21.0632; predicted 168-hour value is 24.7215 ± 0.979418. The 24-hour measurement is outside the supplied specification limit. The 24-hour value is 32.65 robust deviations from its lot/device/parameter peer median. The 0h to 24h slope is 4.82 robust deviations from the peer slope median. The uncertainty-adjusted 168-hour forecast crosses a supplied specification limit. The early slope (0.0214141/h) is above the configured upper safety slope (-0.00738332/h) using the remaining_limit policy.,0.021414125000000023
L05-C001,LOT-05,SYNTH-SPACE-ASIC-A,Iddq,uA,125.0,3.3,0.0,50.0,defective,54.015076,54.580559,56.066266,57.880713,0.5654830000000004,0.010468984621997022,0.023561791666666682,0.020634819444444414,0.025200652777777794,-0.0029269722222222683,0,True,True,10.3230955,0.4488764237999995,98.59609717377198,0.003383416666666713,0.010336656312500045,1.9521182082448079,1.0,58.00731787900138,0.9794181456766013,REJECT,1.0,"[""ABSOLUTE_LIMIT_EXCEEDED"", ""PEER_DEVIATION_HIGH"", ""EARLY_DRIFT_ABOVE_PEER_SLOPE"", ""PREDICTED_168H_LIMIT_BREACH"", ""SAFETY_SLOPE_EXCEEDED""]",REJECT: 24-hour value is 54.5806; predicted 168-hour value is 58.0073 ± 0.979418. The 24-hour measurement is outside the supplied specification limit. The 24-hour value is 98.60 robust deviations from its lot/device/parameter peer median. The 0h to 24h slope is 1.95 robust deviations from the peer slope median. The uncertainty-adjusted 168-hour forecast crosses a supplied specification limit. The early slope (0.0235618/h) is above the configured upper safety slope (-0.0318094/h) using the remaining_limit policy.,0.023561791666666682
L05-C001,LOT-05,SYNTH-SPACE-ASIC-A,LeakageCurrent,uA,125.0,3.3,0.0,20.0,defective,21.918014,22.364585,23.996308,25.679123,0.44657100000000227,0.020374610582874993,0.018607125000000096,0.02266281944444441,0.023372430555555577,0.004055694444444313,0,True,True,4.429527,0.22635595499999983,79.23386862077481,0.0018850833333333334,0.005643362462500019,2.963134439402794,1.0,26.01139857399803,0.9794181456766013,REJECT,1.0,"[""ABSOLUTE_LIMIT_EXCEEDED"", ""PEER_DEVIATION_HIGH"", ""EARLY_DRIFT_ABOVE_PEER_SLOPE"", ""PREDICTED_168H_LIMIT_BREACH"", ""SAFETY_SLOPE_EXCEEDED""]",REJECT: 24-hour value is 22.3646; predicted 168-hour value is 26.0114 ± 0.979418. The 24-hour measurement is outside the supplied specification limit. The 24-hour value is 79.23 robust deviations from its lot/device/parameter peer median. The 0h to 24h slope is 2.96 robust deviations from the peer slope median. The uncertainty-adjusted 168-hour forecast crosses a supplied specification limit. The early slope (0.0186071/h) is above the configured upper safety slope (-0.0164207/h) using the remaining_limit policy.,0.018607125000000096
L02-C026,LOT-02,SYNTH-SPACE-ASIC-A,Iddq,uA,125.0,3.3,0.0,50.0,defective,11.115462,11.587246,13.170189,14.932987,0.47178399999999954,0.042443939802052265,0.019657666666666646,0.021985319444444446,0.024483305555555557,0.0023276527777778,0,True,True,10.470457,0.570160516800001,1.958727353251197,0.0014842708333333565,0.0069718647249999615,2.6066764847238755,0.9285714285714286,13.806989041886471,0.9794181456766013,REVIEW,0.9288,"[""PEER_DEVIATION_HIGH"", ""EARLY_DRIFT_ABOVE_PEER_SLOPE""]",REVIEW: 24-hour value is 11.5872; predicted 168-hour value is 13.807 ± 0.979418. The 24-hour value is 1.96 robust deviations from its lot/device/parameter peer median. The 0h to 24h slope is 2.61 robust deviations from the peer slope median.,0.019657666666666646
L05-C027,LOT-05,SYNTH-SPACE-ASIC-A,Iddq,uA,125.0,3.3,0.0,50.0,healthy,9.3826,9.035695,9.093672,9.337026,-0.3469049999999996,-0.03697322703728173,-0.014454374999999983,0.0008052361111111011,0.003379916666666668,0.015259611111111083,0,True,True,10.3230955,0.4488764237999995,-2.86805105311927,0.003383416666666713,0.010336656312500045,-1.725682960465231,0.03571428571428571,9.41080256623351,0.9794181456766013,REVIEW,0.860623,"[""PEER_DEVIATION_HIGH"", ""EARLY_DRIFT_ABOVE_PEER_SLOPE""]",REVIEW: 24-hour value is 9.0357; predicted 168-hour value is 9.4108 ± 0.979418. The 24-hour value is 2.87 robust deviations from its lot/device/parameter peer median. The 0h to 24h slope is 1.73 robust deviations from the peer slope median.,-0.014454374999999983
L04-C025,LOT-04,SYNTH-SPACE-ASIC-A,LeakageCurrent,uA,125.0,3.3,0.0,20.0,defective,4.097652,4.520764,5.718861,7.109895,0.4231119999999997,0.1032571824059241,0.017629666666666655,0.01664023611111112,0.01931991666666666,-0.000989430555555535,0,True,True,4.0562214999999995,0.3065512715999997,1.5153827207285373,0.0023232916666666528,0.0044775446624999915,3.418475113870521,0.9642857142857143,7.352389437074344,0.9794181456766013,REVIEW,0.820427,"[""PEER_DEVIATION_HIGH"", ""EARLY_DRIFT_ABOVE_PEER_SLOPE""]",REVIEW: 24-hour value is 4.52076; predicted 168-hour value is 7.35239 ± 0.979418. The 24-hour value is 1.52 robust deviations from its lot/device/parameter peer median. The 0h to 24h slope is 3.42 robust deviations from the peer slope median.,0.017629666666666655
L01-C006,LOT-01,SYNTH-SPACE-ASIC-A,Iddq,uA,125.0,3.3,0.0,50.0,healthy,9.894301,9.571694,10.045126,10.20087,-0.32260699999999964,-0.03260533513180968,-0.013441958333333318,0.00657544444444443,0.0021631111111111156,0.02001740277777775,0,True,True,10.403443,0.5576970399000016,-1.4913993449725607,0.00595983333333335,0.005656396987500031,-3.4300618767640136,0.10714285714285714,10.398420136315828,0.9794181456766013,REVIEW,0.814564,"[""PEER_DEVIATION_HIGH"", ""EARLY_DRIFT_ABOVE_PEER_SLOPE""]",REVIEW: 24-hour value is 9.57169; predicted 168-hour value is 10.3984 ± 0.979418. The 24-hour value is 1.49 robust deviations from its lot/device/parameter peer median. The 0h to 24h slope is 3.43 robust deviations from the peer slope median.,-0.013441958333333318
L02-C009,LOT-02,SYNTH-SPACE-ASIC-A,Iddq,uA,125.0,3.3,0.0,50.0,defective,10.730648,11.204301,12.849592,14.402159,0.47365299999999877,0.04414020476675768,0.019735541666666617,0.022851263888888893,0.021563430555555554,0.0031157222222222766,0,True,True,10.470457,0.570160516800001,1.2870831605784705,0.0014842708333333565,0.0069718647249999615,2.617846380163861,0.8571428571428571,13.380085147508238,0.9794181456766013,REVIEW,0.76462,"[""PEER_DEVIATION_HIGH"", ""EARLY_DRIFT_ABOVE_PEER_SLOPE""]",REVIEW: 24-hour value is 11.2043; predicted 168-hour value is 13.3801 ± 0.979418. The 24-hour value is 1.29 robust deviations from its lot/device/parameter peer median. The 0h to 24h slope is 2.62 robust deviations from the peer slope median.,0.019735541666666617
L04-C009,LOT-04,SYNTH-SPACE-ASIC-A,Iddq,uA,125.0,3.3,0.0,50.0,defective,9.945851,10.539388,12.305104,14.25112,0.5935370000000013,0.05967684414335197,0.02473070833333339,0.024523833333333325,0.027028000000000003,-0.00020687500000006465,0,True,True,9.8027045,0.5954343990000007,1.237220256735619,0.0034223124999999874,0.008129806212499984,2.6210213720187667,0.9642857142857143,13.434898084331126,0.9794181456766013,REVIEW,0.752432,"[""PEER_DEVIATION_HIGH"", ""EARLY_DRIFT_ABOVE_PEER_SLOPE""]",REVIEW: 24-hour value is 10.5394; predicted 168-hour value is 13.4349 ± 0.979418. The 24-hour value is 1.24 robust deviations from its lot/device/parameter peer median. The 0h to 24h slope is 2.62 robust deviations from the peer slope median.,0.02473070833333339
L02-C014,LOT-02,SYNTH-SPACE-ASIC-A,LeakageCurrent,uA,125.0,3.3,0.0,20.0,healthy,3.801893,3.660442,3.708429,3.77374,-0.141451,-0.037205413198109466,-0.005893791666666666,0.0006664861111111112,0.0009070972222222208,0.006560277777777778,0,True,True,4.7379195,0.3051198212999994,-3.531325809674634,0.001570395833333312,0.00676093398750001,-1.104017213272631,0.03571428571428571,3.8051919973138535,0.9794181456766013,REVIEW,0.748723,"[""PEER_DEVIATION_HIGH"", ""EARLY_DRIFT_ABOVE_PEER_SLOPE""]",REVIEW: 24-hour value is 3.66044; predicted 168-hour value is 3.80519 ± 0.979418. The 24-hour value is 3.53 robust deviations from its lot/device/parameter peer median. The 0h to 24h slope is 1.10 robust deviations from the peer slope median.,-0.005893791666666666
L02-C026,LOT-02,SYNTH-SPACE-ASIC-A,LeakageCurrent,uA,125.0,3.3,0.0,20.0,defective,4.801487,5.176315,6.70642,8.496387,0.37482799999999994,0.07806498278554122,0.01561783333333333,0.02125145833333333,0.024860652777777787,0.005633625,0,True,True,4.7379195,0.3051198212999994,1.4367978393935967,0.001570395833333312,0.00676093398750001,2.0777362308183602,0.9285714285714286,7.238463417760367,0.9794181456766013,REVIEW,0.72521,"[""PEER_DEVIATION_HIGH"", ""EARLY_DRIFT_ABOVE_PEER_SLOPE""]",REVIEW: 24-hour value is 5.17631; predicted 168-hour value is 7.23846 ± 0.979418. The 24-hour value is 1.44 robust deviations from its lot/device/parameter peer median. The 0h to 24h slope is 2.08 robust deviations from the peer slope median.,0.01561783333333333
L03-C008,LOT-03,SYNTH-SPACE-ASIC-A,Iddq,uA,125.0,3.3,0.0,50.0,healthy,10.134646,10.034333,10.01868,10.427271,-0.10031299999999987,-0.009898027025314933,-0.004179708333333328,-0.0002174027777777828,0.005674874999999992,0.003962305555555545,0,True,True,9.170887,0.31588720379999996,2.733399737669272,0.0020607499999999814,0.006466668775000015,-0.9650190152708564,0.9285714285714286,10.620170830420927,0.9794181456766013,REVIEW,0.723703,"[""PEER_DEVIATION_HIGH""]",REVIEW: 24-hour value is 10.0343; predicted 168-hour value is 10.6202 ± 0.979418. The 24-hour value is 2.73 robust deviations from its lot/device/parameter peer median.,-0.004179708333333328
L05-C026,LOT-05,SYNTH-SPACE-ASIC-A,LeakageCurrent,uA,125.0,3.3,0.0,20.0,healthy,4.086215,3.965177,4.241682,4.17248,-0.12103799999999998,-0.029621055181873683,-0.005043249999999999,0.003840347222222219,-0.0009611388888888856,0.008883597222222218,0,True,True,4.429527,0.22635595499999983,-2.051414993698754,0.0018850833333333334,0.005643362462500019,-1.2276959666106702,0.10714285714285714,4.163364435127562,0.9794181456766013,REVIEW,0.722442,"[""PEER_DEVIATION_HIGH"", ""EARLY_DRIFT_ABOVE_PEER_SLOPE""]",REVIEW: 24-hour value is 3.96518; predicted 168-hour value is 4.16336 ± 0.979418. The 24-hour value is 2.05 robust deviations from its lot/device/parameter peer median. The 0h to 24h slope is 1.23 robust deviations from the peer slope median.,-0.005043249999999999
L05-C015,LOT-05,SYNTH-SPACE-ASIC-A,LeakageCurrent,uA,125.0,3.3,0.0,20.0,defective,4.488941,4.785112,6.280597,7.857991,0.2961710000000002,0.06597792218699249,0.01234045833333334,0.020770625000000004,0.02190825,0.008430166666666664,0,True,True,4.429527,0.22635595499999983,1.5709107365874242,0.0018850833333333334,0.005643362462500019,1.852685357262744,0.8214285714285714,6.380800043510305,0.9794181456766013,REVIEW,0.717484,"[""PEER_DEVIATION_HIGH"", ""EARLY_DRIFT_ABOVE_PEER_SLOPE""]",REVIEW: 24-hour value is 4.78511; predicted 168-hour value is 6.3808 ± 0.979418. The 24-hour value is 1.57 robust deviations from its lot/device/parameter peer median. The 0h to 24h slope is 1.85 robust deviations from the peer slope median.,0.01234045833333334
L05-C016,LOT-05,SYNTH-SPACE-ASIC-A,Iddq,uA,125.0,3.3,0.0,50.0,defective,11.290519,11.574774,13.09598,14.71268,0.2842549999999999,0.025176433430562396,0.01184395833333333,0.02112786111111113,0.022454166666666664,0.009283902777777799,0,True,True,10.3230955,0.4488764237999995,2.7884701303842463,0.003383416666666713,0.010336656312500045,0.8184988850248744,0.9642857142857143,12.883390638520359,0.9794181456766013,REVIEW,0.69733,"[""PEER_DEVIATION_HIGH""]",REVIEW: 24-hour value is 11.5748; predicted 168-hour value is 12.8834 ± 0.979418. The 24-hour value is 2.79 robust deviations from its lot/device/parameter peer median.,0.01184395833333333
L02-C012,LOT-02,SYNTH-SPACE-ASIC-A,LeakageCurrent,uA,125.0,3.3,0.0,20.0,healthy,4.093614,4.001157,4.335713,4.66467,-0.09245699999999957,-0.02258566635740438,-0.003852374999999982,0.004646611111111112,0.0045688472222222215,0.008498986111111094,0,True,True,4.7379195,0.3051198212999994,-2.414666136277006,0.001570395833333312,0.00676093398750001,-0.8020742168699198,0.10714285714285714,4.1565688517403565,0.9794181456766013,REVIEW,0.694373,"[""PEER_DEVIATION_HIGH""]",REVIEW: 24-hour value is 4.00116; predicted 168-hour value is 4.15657 ± 0.979418. The 24-hour value is 2.41 robust deviations from its lot/device/parameter peer median.,-0.003852374999999982
L05-C021,LOT-05,SYNTH-SPACE-ASIC-A,Iddq,uA,125.0,3.3,0.0,50.0,healthy,9.451958,9.335928,9.563802,9.98821,-0.1160300000000003,-0.012275763392092973,-0.004834583333333346,0.00316491666666669,0.005894555555555551,0.007999500000000036,0,True,True,10.3230955,0.4488764237999995,-2.1991965887694787,0.003383416666666713,0.010336656312500045,-0.7950346564258008,0.07142857142857142,9.532576804029949,0.9794181456766013,REVIEW,0.680688,"[""PEER_DEVIATION_HIGH""]",REVIEW: 24-hour value is 9.33593; predicted 168-hour value is 9.53258 ± 0.979418. The 24-hour value is 2.20 robust deviations from its lot/device/parameter peer median.,-0.004834583333333346
L01-C001,LOT-01,SYNTH-SPACE-ASIC-A,LeakageCurrent,uA,125.0,3.3,0.0,20.0,defective,4.318069,4.689079,6.14433,7.771237,0.37101000000000006,0.08592035004535593,0.015458750000000002,0.02021181944444444,0.022595930555555557,0.0047530694444444365,0,True,True,4.300483,0.3281772165000001,1.1841041378324948,0.0027300625000000007,0.006139724587499993,2.0731691330120294,0.9285714285714286,6.811673796934025,0.9794181456766013,REVIEW,0.662618,"[""PEER_DEVIATION_HIGH"", ""EARLY_DRIFT_ABOVE_PEER_SLOPE""]",REVIEW: 24-hour value is 4.68908; predicted 168-hour value is 6.81167 ± 0.979418. The 24-hour value is 1.18 robust deviations from its lot/device/parameter peer median. The 0h to 24h slope is 2.07 robust deviations from the peer slope median.,0.015458750000000002
L04-C028,LOT-04,SYNTH-SPACE-ASIC-A,LeakageCurrent,uA,125.0,3.3,0.0,20.0,healthy,3.330878,3.530223,3.858195,3.870095,0.1993450000000001,0.05984758373017568,0.008306041666666672,0.004555166666666666,0.00016527777777778117,-0.003750875000000006,0,True,True,4.0562214999999995,0.3065512715999997,-1.715858157281903,0.0023232916666666528,0.0044775446624999915,1.3361675764189054,0.03571428571428571,4.520843567155691,0.9794181456766013,REVIEW,0.659942,"[""PEER_DEVIATION_HIGH"", ""EARLY_DRIFT_ABOVE_PEER_SLOPE""]",REVIEW: 24-hour value is 3.53022; predicted 168-hour value is 4.52084 ± 0.979418. The 24-hour value is 1.72 robust deviations from its lot/device/parameter peer median. The 0h to 24h slope is 1.34 robust deviations from the peer slope median.,0.008306041666666672
L02-C007,LOT-02,SYNTH-SPACE-ASIC-A,LeakageCurrent,uA,125.0,3.3,0.0,20.0,healthy,3.876806,3.816785,3.935794,4.141506,-0.060021000000000324,-0.015482074676937747,-0.0025008750000000135,0.0016529027777777798,0.0028571111111111067,0.0041537777777777935,0,True,True,4.7379195,0.3051198212999994,-3.0189271089482057,0.001570395833333312,0.00676093398750001,-0.6021758000981102,0.07142857142857142,3.9737340269677333,0.9794181456766013,REVIEW,0.658392,"[""PEER_DEVIATION_HIGH""]",REVIEW: 24-hour value is 3.81678; predicted 168-hour value is 3.97373 ± 0.979418. The 24-hour value is 3.02 robust deviations from its lot/device/parameter peer median.,-0.0025008750000000135
L04-C009,LOT-04,SYNTH-SPACE-ASIC-A,LeakageCurrent,uA,125.0,3.3,0.0,20.0,defective,3.884932,4.304916,6.123817,7.815024,0.41998400000000036,0.10810588190475415,0.01749933333333335,0.02526251388888888,0.023488986111111117,0.00776318055555553,0,True,True,4.0562214999999995,0.3065512715999997,0.81126559580711,0.0023232916666666528,0.0044775446624999915,3.3893668987309016,0.8214285714285714,7.060643574490549,0.9794181456766013,REVIEW,0.648309,"[""PEER_DEVIATION_HIGH"", ""EARLY_DRIFT_ABOVE_PEER_SLOPE""]",REVIEW: 24-hour value is 4.30492; predicted 168-hour value is 7.06064 ± 0.979418. The 24-hour value is 0.81 robust deviations from its lot/device/parameter peer median. The 0h to 24h slope is 3.39 robust deviations from the peer slope median.,0.01749933333333335
L02-C013,LOT-02,SYNTH-SPACE-ASIC-A,Iddq,uA,125.0,3.3,0.0,50.0,healthy,11.053397,11.342999,11.397976,11.789463,0.28960200000000036,0.02620027128311779,0.012066750000000015,0.0007635694444444328,0.00543731944444444,-0.011303180555555582,0,True,True,10.470457,0.570160516800001,1.5303444807036128,0.0014842708333333565,0.0069718647249999615,1.5178836056183975,0.8928571428571429,12.638446051642841,0.9794181456766013,REVIEW,0.647303,"[""PEER_DEVIATION_HIGH"", ""EARLY_DRIFT_ABOVE_PEER_SLOPE""]",REVIEW: 24-hour value is 11.343; predicted 168-hour value is 12.6384 ± 0.979418. The 24-hour value is 1.53 robust deviations from its lot/device/parameter peer median. The 0h to 24h slope is 1.52 robust deviations from the peer slope median.,0.012066750000000015
L05-C015,LOT-05,SYNTH-SPACE-ASIC-A,Iddq,uA,125.0,3.3,0.0,50.0,defective,11.307722,11.519683,12.741971,14.144018,0.2119610000000005,0.018744801119093706,0.008831708333333355,0.01697622222222221,0.019472875000000018,0.008144513888888854,0,True,True,10.3230955,0.4488764237999995,2.665739247051988,0.003383416666666713,0.010336656312500045,0.5270845331365096,0.9285714285714286,12.570195902489903,0.9794181456766013,REVIEW,0.644875,"[""PEER_DEVIATION_HIGH""]",REVIEW: 24-hour value is 11.5197; predicted 168-hour value is 12.5702 ± 0.979418. The 24-hour value is 2.67 robust deviations from its lot/device/parameter peer median.,0.008831708333333355
L05-C018,LOT-05,SYNTH-SPACE-ASIC-A,LeakageCurrent,uA,125.0,3.3,0.0,20.0,healthy,3.641839,3.752528,4.099145,4.237491,0.11068899999999982,0.03039371043036219,0.004612041666666659,0.004814125000000002,0.0019214722222222263,0.00020208333333334317,0,True,True,4.429527,0.22635595499999983,-2.9908601255929,0.0018850833333333334,0.005643362462500019,0.48321516674746406,0.07142857142857142,4.263714125825531,0.9794181456766013,REVIEW,0.636979,"[""PEER_DEVIATION_HIGH""]",REVIEW: 24-hour value is 3.75253; predicted 168-hour value is 4.26371 ± 0.979418. The 24-hour value is 2.99 robust deviations from its lot/device/parameter peer median.,0.004612041666666659
L05-C004,LOT-05,SYNTH-SPACE-ASIC-A,LeakageCurrent,uA,125.0,3.3,0.0,20.0,healthy,4.190031,4.058957,4.483668,4.716806,-0.1310739999999999,-0.03128234612106686,-0.005461416666666663,0.0058987638888888805,0.003238027777777782,0.011360180555555544,0,True,True,4.429527,0.22635595499999983,-1.6371117782167477,0.0018850833333333334,0.005643362462500019,-1.3017948162673012,0.17857142857142858,4.2667778437107255,0.9794181456766013,REVIEW,0.634506,"[""PEER_DEVIATION_HIGH"", ""EARLY_DRIFT_ABOVE_PEER_SLOPE""]",REVIEW: 24-hour value is 4.05896; predicted 168-hour value is 4.26678 ± 0.979418. The 24-hour value is 1.64 robust deviations from its lot/device/parameter peer median. The 0h to 24h slope is 1.30 robust deviations from the peer slope median.,-0.005461416666666663
L03-C011,LOT-03,SYNTH-SPACE-ASIC-A,Iddq,uA,125.0,3.3,0.0,50.0,healthy,9.778588,9.894785,9.860498,9.776086,0.11619700000000144,0.011882799438937549,0.004841541666666727,-0.0004762083333333451,-0.001172388888888894,-0.0053177500000000716,0,True,True,9.170887,0.31588720379999996,2.291634454614778,0.0020607499999999814,0.006466668775000015,0.43001918969736297,0.8928571428571429,10.679659461863412,0.9794181456766013,REVIEW,0.627403,"[""PEER_DEVIATION_HIGH""]",REVIEW: 24-hour value is 9.89479; predicted 168-hour value is 10.6797 ± 0.979418. The 24-hour value is 2.29 robust deviations from its lot/device/parameter peer median.,0.004841541666666727
L03-C013,LOT-03,SYNTH-SPACE-ASIC-A,Iddq,uA,125.0,3.3,0.0,50.0,healthy,7.843609,7.833411,8.272473,8.57958,-0.01019799999999993,-0.0013001667982174953,-0.0004249166666666637,0.006098083333333331,0.0042653750000000035,0.006522999999999995,0,True,True,9.170887,0.31588720379999996,-4.234030324466093,0.0020607499999999814,0.006466668775000015,-0.3843813179787671,0.03571428571428571,8.044770224548042,0.9794181456766013,REVIEW,0.619189,"[""PEER_DEVIATION_HIGH""]",REVIEW: 24-hour value is 7.83341; predicted 168-hour value is 8.04477 ± 0.979418. The 24-hour value is 4.23 robust deviations from its lot/device/parameter peer median.,-0.0004249166666666637
L05-C006,LOT-05,SYNTH-SPACE-ASIC-A,LeakageCurrent,uA,125.0,3.3,0.0,20.0,healthy,4.852839,4.945965,5.112181,5.406224,0.09312599999999982,0.019190004036812227,0.0038802499999999926,0.002308555555555548,0.004083930555555559,-0.0015716944444444446,0,True,True,4.429527,0.22635595499999983,2.2815304328971613,0.0018850833333333334,0.005643362462500019,0.35354217984835884,0.8928571428571429,5.712346808759513,0.9794181456766013,REVIEW,0.613638,"[""PEER_DEVIATION_HIGH""]",REVIEW: 24-hour value is 4.94597; predicted 168-hour value is 5.71235 ± 0.979418. The 24-hour value is 2.28 robust deviations from its lot/device/parameter peer median.,0.0038802499999999926
L05-C002,LOT-05,SYNTH-SPACE-ASIC-A,LeakageCurrent,uA,125.0,3.3,0.0,20.0,healthy,5.091047,5.092994,5.406732,5.792768,0.001947000000000365,0.0003824360686515692,8.112500000001521e-05,0.00435747222222222,0.005361611111111109,0.004276347222222205,0,True,True,4.429527,0.22635595499999983,2.931078177289395,0.0018850833333333334,0.005643362462500019,-0.31966019289396513,0.9642857142857143,5.745193483740019,0.9794181456766013,REVIEW,0.607539,"[""PEER_DEVIATION_HIGH""]",REVIEW: 24-hour value is 5.09299; predicted 168-hour value is 5.74519 ± 0.979418. The 24-hour value is 2.93 robust deviations from its lot/device/parameter peer median.,8.112500000001521e-05
L02-C008,LOT-02,SYNTH-SPACE-ASIC-A,LeakageCurrent,uA,125.0,3.3,0.0,20.0,healthy,4.259764,4.164226,4.136111,4.157411,-0.09553799999999946,-0.022428003053690172,-0.003980749999999977,-0.00039048611111111884,0.0002958333333333347,0.0035902638888888586,0,True,True,4.7379195,0.3051198212999994,-1.8802236365887683,0.001570395833333312,0.00676093398750001,-0.8210619780634681,0.14285714285714285,4.330682959262225,0.9794181456766013,REVIEW,0.607401,"[""PEER_DEVIATION_HIGH""]",REVIEW: 24-hour value is 4.16423; predicted 168-hour value is 4.33068 ± 0.979418. The 24-hour value is 1.88 robust deviations from its lot/device/parameter peer median.,-0.003980749999999977
L05-C025,LOT-05,SYNTH-SPACE-ASIC-A,LeakageCurrent,uA,125.0,3.3,0.0,20.0,healthy,3.4165,3.501931,3.675186,3.591739,0.08543099999999981,0.025005414898287667,0.003559624999999992,0.0024063194444444466,-0.0011589861111111117,-0.0011533055555555454,0,True,True,4.429527,0.22635595499999983,-4.0979527134596525,0.0018850833333333334,0.005643362462500019,0.29672764735455853,0.03571428571428571,3.914648749555875,0.9794181456766013,REVIEW,0.603411,"[""PEER_DEVIATION_HIGH""]",REVIEW: 24-hour value is 3.50193; predicted 168-hour value is 3.91465 ± 0.979418. The 24-hour value is 4.10 robust deviations from its lot/device/parameter peer median.,0.003559624999999992
L05-C005,LOT-05,SYNTH-SPACE-ASIC-A,LeakageCurrent,uA,125.0,3.3,0.0,20.0,healthy,4.885178,4.966558,5.111256,5.439466,0.08138000000000023,0.016658553690367114,0.003390833333333343,0.002009694444444444,0.004558472222222227,-0.0013811388888888988,0,True,True,4.429527,0.22635595499999983,2.3725066124282006,0.0018850833333333334,0.005643362462500019,0.26681787852644145,0.9285714285714286,5.729468682909024,0.9794181456766013,REVIEW,0.598027,"[""PEER_DEVIATION_HIGH""]",REVIEW: 24-hour value is 4.96656; predicted 168-hour value is 5.72947 ± 0.979418. The 24-hour value is 2.37 robust deviations from its lot/device/parameter peer median.,0.003390833333333343
L05-C023,LOT-05,SYNTH-SPACE-ASIC-A,LeakageCurrent,uA,125.0,3.3,0.0,20.0,healthy,4.151815,4.054206,4.104492,3.932381,-0.09760900000000028,-0.023509958897494295,-0.004067041666666678,0.0006984166666666644,-0.002390430555555551,0.004765458333333342,0,True,True,4.429527,0.22635595499999983,-1.6581008438677955,0.0018850833333333334,0.005643362462500019,-1.0547125121860788,0.14285714285714285,4.250917161310518,0.9794181456766013,REVIEW,0.595162,"[""PEER_DEVIATION_HIGH"", ""EARLY_DRIFT_ABOVE_PEER_SLOPE""]",REVIEW: 24-hour value is 4.05421; predicted 168-hour value is 4.25092 ± 0.979418. The 24-hour value is 1.66 robust deviations from its lot/device/parameter peer median. The 0h to 24h slope is 1.05 robust deviations from the peer slope median.,-0.004067041666666678
L03-C017,LOT-03,SYNTH-SPACE-ASIC-A,LeakageCurrent,uA,125.0,3.3,0.0,20.0,healthy,2.712378,2.97844,3.390346,3.81855,0.2660619999999998,0.09809178514204134,0.011085916666666659,0.005720916666666668,0.005947277777777778,-0.0053649999999999904,0,True,True,3.341222,0.5427309342000002,-0.6684380364917848,0.0010181041666666633,0.004231463949999997,2.379274080782374,0.21428571428571427,4.669488692799377,0.9794181456766013,REVIEW,0.591665,"[""EARLY_DRIFT_ABOVE_PEER_SLOPE""]",REVIEW: 24-hour value is 2.97844; predicted 168-hour value is 4.66949 ± 0.979418. The 0h to 24h slope is 2.38 robust deviations from the peer slope median.,0.011085916666666659
L02-C020,LOT-02,SYNTH-SPACE-ASIC-A,Iddq,uA,125.0,3.3,0.0,50.0,healthy,9.483086,9.784204,9.9269,10.564265,0.30111800000000066,0.031753165583439893,0.012546583333333361,0.0019818888888888755,0.008852291666666678,-0.010564694444444486,0,True,True,10.470457,0.570160516800001,-1.2036136838298825,0.0014842708333333565,0.0069718647249999615,1.5867078516788156,0.03571428571428571,10.889730588384264,0.9794181456766013,REVIEW,0.579824,"[""PEER_DEVIATION_HIGH"", ""EARLY_DRIFT_ABOVE_PEER_SLOPE""]",REVIEW: 24-hour value is 9.7842; predicted 168-hour value is 10.8897 ± 0.979418. The 24-hour value is 1.20 robust deviations from its lot/device/parameter peer median. The 0h to 24h slope is 1.59 robust deviations from the peer slope median.,0.012546583333333361
L03-C005,LOT-03,SYNTH-SPACE-ASIC-A,Iddq,uA,125.0,3.3,0.0,50.0,healthy,9.77129,9.629774,9.951011,10.164571,-0.14151600000000109,-0.014482836964208521,-0.005896500000000045,0.004461625,0.002966111111111126,0.010358125000000044,0,True,True,9.170887,0.31588720379999996,1.4526925892526419,0.0020607499999999814,0.006466668775000015,-1.2305021761378228,0.8571428571428571,10.143004400346335,0.9794181456766013,REVIEW,0.576593,"[""PEER_DEVIATION_HIGH"", ""EARLY_DRIFT_ABOVE_PEER_SLOPE""]",REVIEW: 24-hour value is 9.62977; predicted 168-hour value is 10.143 ± 0.979418. The 24-hour value is 1.45 robust deviations from its lot/device/parameter peer median. The 0h to 24h slope is 1.23 robust deviations from the peer slope median.,-0.005896500000000045
L05-C003,LOT-05,SYNTH-SPACE-ASIC-A,LeakageCurrent,uA,125.0,3.3,0.0,20.0,healthy,4.878564,4.759281,4.914018,5.20013,-0.11928300000000025,-0.024450432545314614,-0.00497012500000001,0.002149125000000011,0.003973777777777767,0.007119250000000021,0,True,True,4.429527,0.22635595499999983,1.4567940127751429,0.0018850833333333334,0.005643362462500019,-1.2147382662173491,0.7857142857142857,5.198258652278391,0.9794181456766013,REVIEW,0.574758,"[""PEER_DEVIATION_HIGH"", ""EARLY_DRIFT_ABOVE_PEER_SLOPE""]",REVIEW: 24-hour value is 4.75928; predicted 168-hour value is 5.19826 ± 0.979418. The 24-hour value is 1.46 robust deviations from its lot/device/parameter peer median. The 0h to 24h slope is 1.21 robust deviations from the peer slope median.,-0.00497012500000001
L04-C004,LOT-04,SYNTH-SPACE-ASIC-A,Iddq,uA,125.0,3.3,0.0,50.0,healthy,11.133532,11.189675,11.594562,11.717341,0.05614299999999872,0.005042694447727704,0.0023392916666666133,0.005623430555555562,0.0017052638888888823,0.003284138888888949,0,True,True,9.8027045,0.5954343990000007,2.3293422454754698,0.0034223124999999874,0.008129806212499984,-0.13321606998063193,1.0,11.942933465751079,0.9794181456766013,REVIEW,0.573979,"[""PEER_DEVIATION_HIGH""]",REVIEW: 24-hour value is 11.1897; predicted 168-hour value is 11.9429 ± 0.979418. The 24-hour value is 2.33 robust deviations from its lot/device/parameter peer median.,0.0023392916666666133
L02-C002,LOT-02,SYNTH-SPACE-ASIC-A,Iddq,uA,125.0,3.3,0.0,50.0,healthy,10.340705,10.025686,10.289545,10.212897,-0.3150189999999995,-0.03046397706926167,-0.013125791666666645,0.003664708333333334,-0.0010645555555555625,0.01679049999999998,0,True,True,10.470457,0.570160516800001,-0.7800803228119961,0.0014842708333333565,0.0069718647249999615,-2.0955745810171442,0.17857142857142858,10.485013497785992,0.9794181456766013,REVIEW,0.56789,"[""PEER_DEVIATION_HIGH"", ""EARLY_DRIFT_ABOVE_PEER_SLOPE""]",REVIEW: 24-hour value is 10.0257; predicted 168-hour value is 10.485 ± 0.979418. The 24-hour value is 0.78 robust deviations from its lot/device/parameter peer median. The 0h to 24h slope is 2.10 robust deviations from the peer slope median.,-0.013125791666666645
L05-C014,LOT-05,SYNTH-SPACE-ASIC-A,LeakageCurrent,uA,125.0,3.3,0.0,20.0,healthy,4.627382,4.798634,5.015208,5.374752,0.17125199999999996,0.0370083991336786,0.007135499999999999,0.003007972222222229,0.004993666666666662,-0.00412752777777777,0,True,True,4.429527,0.22635595499999983,1.6306485066849683,0.0018850833333333334,0.005643362462500019,0.930370271545649,0.8571428571428571,5.789640736562222,0.9794181456766013,REVIEW,0.56607,"[""PEER_DEVIATION_HIGH""]",REVIEW: 24-hour value is 4.79863; predicted 168-hour value is 5.78964 ± 0.979418. The 24-hour value is 1.63 robust deviations from its lot/device/parameter peer median.,0.007135499999999999
L01-C013,LOT-01,SYNTH-SPACE-ASIC-A,Iddq,uA,125.0,3.3,0.0,50.0,healthy,9.805837,9.741012,9.979425,10.294899,-0.0648250000000008,-0.006610858410149057,-0.0027010416666667,0.003311291666666685,0.004381583333333309,0.006012333333333385,0,True,True,10.403443,0.5576970399000016,-1.187797231483921,0.00595983333333335,0.005656396987500031,-1.531164629911861,0.14285714285714285,10.095187803183874,0.9794181456766013,REVIEW,0.56596,"[""PEER_DEVIATION_HIGH"", ""EARLY_DRIFT_ABOVE_PEER_SLOPE""]",REVIEW: 24-hour value is 9.74101; predicted 168-hour value is 10.0952 ± 0.979418. The 24-hour value is 1.19 robust deviations from its lot/device/parameter peer median. The 0h to 24h slope is 1.53 robust deviations from the peer slope median.,-0.0027010416666667
L03-C023,LOT-03,SYNTH-SPACE-ASIC-A,LeakageCurrent,uA,125.0,3.3,0.0,20.0,defective,2.719312,3.095066,4.787751,6.525978,0.37575400000000014,0.1381798043034415,0.015656416666666673,0.02350951388888889,0.02414204166666667,0.007853097222222216,0,True,True,3.341222,0.5427309342000002,-0.45355070899513134,0.0010181041666666633,0.004231463949999997,3.4593967177718765,0.2857142857142857,5.9266529956243055,0.9794181456766013,REVIEW,0.560868,"[""EARLY_DRIFT_ABOVE_PEER_SLOPE""]",REVIEW: 24-hour value is 3.09507; predicted 168-hour value is 5.92665 ± 0.979418. The 0h to 24h slope is 3.46 robust deviations from the peer slope median.,0.015656416666666673
L04-C004,LOT-04,SYNTH-SPACE-ASIC-A,LeakageCurrent,uA,125.0,3.3,0.0,20.0,healthy,4.564586,4.510402,5.007363,5.511863,-0.05418400000000023,-0.011870517939633568,-0.0022576666666666765,0.006902236111111108,0.007006944444444447,0.009159902777777784,0,True,True,4.0562214999999995,0.3065512715999997,1.4815808710545275,0.0023232916666666528,0.0044775446624999915,-1.0230960668465108,0.9285714285714286,5.073157404359206,0.9794181456766013,REVIEW,0.546322,"[""PEER_DEVIATION_HIGH"", ""EARLY_DRIFT_ABOVE_PEER_SLOPE""]",REVIEW: 24-hour value is 4.5104; predicted 168-hour value is 5.07316 ± 0.979418. The 24-hour value is 1.48 robust deviations from its lot/device/parameter peer median. The 0h to 24h slope is 1.02 robust deviations from the peer slope median.,-0.0022576666666666765
L04-C008,LOT-04,SYNTH-SPACE-ASIC-A,Iddq,uA,125.0,3.3,0.0,50.0,healthy,9.555398,9.278811,9.525662,9.738923,-0.276587000000001,-0.02894562842908281,-0.011524458333333376,0.0034284861111111287,0.002961958333333323,0.014952944444444505,0,True,True,9.8027045,0.5954343990000007,-0.8798509136856248,0.0034223124999999874,0.008129806212499984,-1.8385150202414364,0.17857142857142858,9.651039706464486,0.9794181456766013,REVIEW,0.546007,"[""PEER_DEVIATION_HIGH"", ""EARLY_DRIFT_ABOVE_PEER_SLOPE""]",REVIEW: 24-hour value is 9.27881; predicted 168-hour value is 9.65104 ± 0.979418. The 24-hour value is 0.88 robust deviations from its lot/device/parameter peer median. The 0h to 24h slope is 1.84 robust deviations from the peer slope median.,-0.011524458333333376
L05-C019,LOT-05,SYNTH-SPACE-ASIC-A,Iddq,uA,125.0,3.3,0.0,50.0,healthy,11.167615,11.047656,11.711365,12.246729,-0.1199589999999997,-0.01074168477333788,-0.004998291666666654,0.009218180555555566,0.007435611111111105,0.01421647222222222,0,True,True,10.3230955,0.4488764237999995,1.6141647490999278,0.003383416666666713,0.010336656312500045,-0.8108723053118665,0.8928571428571429,11.55350966524838,0.9794181456766013,REVIEW,0.540531,"[""PEER_DEVIATION_HIGH""]",REVIEW: 24-hour value is 11.0477; predicted 168-hour value is 11.5535 ± 0.979418. The 24-hour value is 1.61 robust deviations from its lot/device/parameter peer median.,-0.004998291666666654
L04-C016,LOT-04,SYNTH-SPACE-ASIC-A,Iddq,uA,125.0,3.3,0.0,50.0,healthy,10.554441,10.253764,10.323568,10.612625,-0.3006770000000003,-0.028488197527467375,-0.012528208333333346,0.0009694999999999935,0.004014680555555551,0.013497708333333339,0,True,True,9.8027045,0.5954343990000007,0.7575301338947315,0.0034223124999999874,0.008129806212499984,-1.961980447800663,0.8214285714285714,10.884016947113771,0.9794181456766013,REVIEW,0.538331,"[""PEER_DEVIATION_HIGH"", ""EARLY_DRIFT_ABOVE_PEER_SLOPE""]",REVIEW: 24-hour value is 10.2538; predicted 168-hour value is 10.884 ± 0.979418. The 24-hour value is 0.76 robust deviations from its lot/device/parameter peer median. The 0h to 24h slope is 1.96 robust deviations from the peer slope median.,-0.012528208333333346
L04-C011,LOT-04,SYNTH-SPACE-ASIC-A,Iddq,uA,125.0,3.3,0.0,50.0,healthy,8.55705,8.750705,8.84449,9.077626,0.1936549999999997,0.022631046914532424,0.00806895833333332,0.0013025694444444508,0.003238,-0.0067663888888888695,0,True,True,9.8027045,0.5954343990000007,-1.7667764942146038,0.0034223124999999874,0.008129806212499984,0.5715567766165055,0.03571428571428571,9.444520780086236,0.9794181456766013,REVIEW,0.534759,"[""PEER_DEVIATION_HIGH""]",REVIEW: 24-hour value is 8.7507; predicted 168-hour value is 9.44452 ± 0.979418. The 24-hour value is 1.77 robust deviations from its lot/device/parameter peer median.,0.00806895833333332
L03-C003,LOT-03,SYNTH-SPACE-ASIC-A,Iddq,uA,125.0,3.3,0.0,50.0,healthy,8.758977,8.680045,8.923626,9.252107,-0.078932,-0.00901155465986496,-0.0032888333333333333,0.003383069444444454,0.0045622361111111115,0.006671902777777787,0,True,True,9.170887,0.31588720379999996,-1.5538521158671914,0.0020607499999999814,0.006466668775000015,-0.8272548849284928,0.10714285714285714,8.914622087694722,0.9794181456766013,REVIEW,0.528736,"[""PEER_DEVIATION_HIGH""]",REVIEW: 24-hour value is 8.68004; predicted 168-hour value is 8.91462 ± 0.979418. The 24-hour value is 1.55 robust deviations from its lot/device/parameter peer median.,-0.0032888333333333333
L03-C025,LOT-03,SYNTH-SPACE-ASIC-A,Iddq,uA,125.0,3.3,0.0,50.0,healthy,9.375019,9.050877,9.33036,9.65441,-0.32414200000000015,-0.03457507659451145,-0.013505916666666673,0.0038817083333333446,0.004500694444444441,0.017387625000000018,0,True,True,9.170887,0.31588720379999996,-0.37991409134756676,0.0020607499999999814,0.006466668775000015,-2.407215710018582,0.35714285714285715,9.598850770322127,0.9794181456766013,REVIEW,0.526167,"[""EARLY_DRIFT_ABOVE_PEER_SLOPE""]",REVIEW: 24-hour value is 9.05088; predicted 168-hour value is 9.59885 ± 0.979418. The 0h to 24h slope is 2.41 robust deviations from the peer slope median.,-0.013505916666666673
L02-C021,LOT-02,SYNTH-SPACE-ASIC-A,Iddq,uA,125.0,3.3,0.0,50.0,healthy,11.639415,11.677035,12.129705,12.186626,0.03762000000000043,0.003232121201967662,0.0015675000000000179,0.006287083333333326,0.0007905694444444568,0.004719583333333308,0,True,True,10.470457,0.570160516800001,2.116207566900392,0.0014842708333333565,0.0069718647249999615,0.011937863104000747,0.9642857142857143,12.359824835993805,0.9794181456766013,REVIEW,0.519444,"[""PEER_DEVIATION_HIGH""]",REVIEW: 24-hour value is 11.677; predicted 168-hour value is 12.3598 ± 0.979418. The 24-hour value is 2.12 robust deviations from its lot/device/parameter peer median.,0.0015675000000000179
L03-C023,LOT-03,SYNTH-SPACE-ASIC-A,Iddq,uA,125.0,3.3,0.0,50.0,defective,8.872601,9.289104,10.474097,12.372122,0.4165030000000005,0.04694260454177986,0.017354291666666688,0.016458236111111118,0.026361458333333317,-0.0008960555555555701,0,True,True,9.170887,0.31588720379999996,0.37423801463907097,0.0020607499999999814,0.006466668775000015,2.364979899046503,0.6785714285714286,11.100583339300908,0.9794181456766013,REVIEW,0.517177,"[""EARLY_DRIFT_ABOVE_PEER_SLOPE""]",REVIEW: 24-hour value is 9.2891; predicted 168-hour value is 11.1006 ± 0.979418. The 0h to 24h slope is 2.36 robust deviations from the peer slope median.,0.017354291666666688
L05-C016,LOT-05,SYNTH-SPACE-ASIC-A,LeakageCurrent,uA,125.0,3.3,0.0,20.0,defective,3.732418,4.371341,6.138223,7.883017,0.6389230000000001,0.17118205945850656,0.026621791666666672,0.024540027777777775,0.024233249999999998,-0.002081763888888897,0,True,True,4.429527,0.22635595499999983,-0.257055309192109,0.0018850833333333334,0.005643362462500019,4.383327935731233,0.39285714285714285,9.189687139560624,0.9794181456766013,REVIEW,0.512836,"[""EARLY_DRIFT_ABOVE_PEER_SLOPE""]",REVIEW: 24-hour value is 4.37134; predicted 168-hour value is 9.18969 ± 0.979418. The 0h to 24h slope is 4.38 robust deviations from the peer slope median.,0.026621791666666672
L04-C006,LOT-04,SYNTH-SPACE-ASIC-A,LeakageCurrent,uA,125.0,3.3,0.0,20.0,healthy,4.570672,4.647066,4.66688,5.050181,0.07639399999999963,0.016713953659330538,0.0031830833333333177,0.0002751944444444475,0.005323625000000005,-0.0029078888888888705,0,True,True,4.0562214999999995,0.3065512715999997,1.9273921028484844,0.0023232916666666528,0.0044775446624999915,0.19202302410683472,1.0,5.444197652454809,0.9794181456766013,REVIEW,0.505704,"[""PEER_DEVIATION_HIGH""]",REVIEW: 24-hour value is 4.64707; predicted 168-hour value is 5.4442 ± 0.979418. The 24-hour value is 1.93 robust deviations from its lot/device/parameter peer median.,0.0031830833333333177
L04-C007,LOT-04,SYNTH-SPACE-ASIC-A,Iddq,uA,125.0,3.3,0.0,50.0,healthy,8.699028,8.948766,9.418516,9.752199,0.24973800000000068,0.028708724698897473,0.010405750000000028,0.006524305555555548,0.004634486111111095,-0.00388144444444448,0,True,True,9.8027045,0.5954343990000007,-1.4341437132858676,0.0034223124999999874,0.008129806212499984,0.8589918772310532,0.07142857142857142,9.82359482184549,0.9794181456766013,REVIEW,0.505187,"[""PEER_DEVIATION_HIGH""]",REVIEW: 24-hour value is 8.94877; predicted 168-hour value is 9.82359 ± 0.979418. The 24-hour value is 1.43 robust deviations from its lot/device/parameter peer median.,0.010405750000000028
L01-C004,LOT-01,SYNTH-SPACE-ASIC-A,Iddq,uA,125.0,3.3,0.0,50.0,healthy,10.39249,10.788966,10.945909,11.441092,0.39647599999999983,0.03815024118377788,0.016519833333333327,0.0021797638888888895,0.006877541666666653,-0.014340069444444438,0,True,True,10.403443,0.5576970399000016,0.6912767549727851,0.00595983333333335,0.005656396987500031,1.866912810988396,0.8214285714285714,12.470528069209076,0.9794181456766013,REVIEW,0.505023,"[""EARLY_DRIFT_ABOVE_PEER_SLOPE""]",REVIEW: 24-hour value is 10.789; predicted 168-hour value is 12.4705 ± 0.979418. The 0h to 24h slope is 1.87 robust deviations from the peer slope median.,0.016519833333333327
L04-C013,LOT-04,SYNTH-SPACE-ASIC-A,Iddq,uA,125.0,3.3,0.0,50.0,healthy,9.494367,9.269995,9.442706,9.74048,-0.22437200000000068,-0.023632117865256385,-0.009348833333333362,0.0023987638888888834,0.004135750000000006,0.011747597222222246,0,True,True,9.8027045,0.5954343990000007,-0.8946569108110941,0.0034223124999999874,0.008129806212499984,-1.5709040903948084,0.14285714285714285,9.576327602407822,0.9794181456766013,REVIEW,0.501457,"[""PEER_DEVIATION_HIGH"", ""EARLY_DRIFT_ABOVE_PEER_SLOPE""]",REVIEW: 24-hour value is 9.26999; predicted 168-hour value is 9.57633 ± 0.979418. The 24-hour value is 0.89 robust deviations from its lot/device/parameter peer median. The 0h to 24h slope is 1.57 robust deviations from the peer slope median.,-0.009348833333333362
L02-C027,LOT-02,SYNTH-SPACE-ASIC-A,LeakageCurrent,uA,125.0,3.3,0.0,20.0,healthy,4.126197,4.285065,4.597226,4.905418,0.158868,0.0385022818832935,0.0066195,0.0043355694444444405,0.004280444444444444,-0.00228393055555556,0,True,True,4.7379195,0.3051198212999994,-1.4841857800996319,0.001570395833333312,0.00676093398750001,0.7468057188550802,0.21428571428571427,4.972817013549144,0.9794181456766013,REVIEW,0.497226,"[""PEER_DEVIATION_HIGH""]",REVIEW: 24-hour value is 4.28507; predicted 168-hour value is 4.97282 ± 0.979418. The 24-hour value is 1.48 robust deviations from its lot/device/parameter peer median.,0.0066195
L02-C009,LOT-02,SYNTH-SPACE-ASIC-A,LeakageCurrent,uA,125.0,3.3,0.0,20.0,defective,4.096261,4.679175,6.158389,8.059216,0.5829139999999997,0.14230392057537342,0.02428808333333332,0.020544638888888887,0.026400374999999993,-0.0037434444444444347,0,True,True,4.7379195,0.3051198212999994,-0.19252928161045868,0.001570395833333312,0.00676093398750001,3.360140409890369,0.42857142857142855,8.41746174283417,0.9794181456766013,REVIEW,0.497063,"[""EARLY_DRIFT_ABOVE_PEER_SLOPE""]",REVIEW: 24-hour value is 4.67917; predicted 168-hour value is 8.41746 ± 0.979418. The 0h to 24h slope is 3.36 robust deviations from the peer slope median.,0.02428808333333332
L03-C001,LOT-03,SYNTH-SPACE-ASIC-A,Iddq,uA,125.0,3.3,0.0,50.0,healthy,8.510413,8.617228,8.73876,8.911757,0.10681500000000099,0.01255109475885612,0.004450625000000041,0.0016879444444444225,0.002402736111111118,-0.002762680555555619,0,True,True,9.170887,0.31588720379999996,-1.7527110732555724,0.0020607499999999814,0.006466668775000015,0.36956817847842444,0.07142857142857142,9.079103309777704,0.9794181456766013,REVIEW,0.494963,"[""PEER_DEVIATION_HIGH""]",REVIEW: 24-hour value is 8.61723; predicted 168-hour value is 9.0791 ± 0.979418. The 24-hour value is 1.75 robust deviations from its lot/device/parameter peer median.,0.004450625000000041
L03-C004,LOT-03,SYNTH-SPACE-ASIC-A,LeakageCurrent,uA,125.0,3.3,0.0,20.0,defective,3.184879,3.458401,4.73518,6.044148,0.2735219999999998,0.08588144164974551,0.011396749999999992,0.017733041666666664,0.018180111111111112,0.006336291666666672,0,True,True,3.341222,0.5427309342000002,0.21590624859576996,0.0010181041666666633,0.004231463949999997,2.452731715540986,0.6071428571428571,5.136427922070065,0.9794181456766013,REVIEW,0.494269,"[""EARLY_DRIFT_ABOVE_PEER_SLOPE""]",REVIEW: 24-hour value is 3.4584; predicted 168-hour value is 5.13643 ± 0.979418. The 0h to 24h slope is 2.45 robust deviations from the peer slope median.,0.011396749999999992
L03-C014,LOT-03,SYNTH-SPACE-ASIC-A,LeakageCurrent,uA,125.0,3.3,0.0,20.0,healthy,3.969862,4.079133,4.099767,4.359864,0.10927099999999967,0.02752513815341684,0.0045529583333333195,0.000286583333333337,0.003612458333333334,-0.004266374999999983,0,True,True,3.341222,0.5427309342000002,1.359625835751743,0.0010181041666666633,0.004231463949999997,0.8353738111526766,0.9285714285714286,4.9242787253427265,0.9794181456766013,REVIEW,0.48272,"[""PEER_DEVIATION_HIGH""]",REVIEW: 24-hour value is 4.07913; predicted 168-hour value is 4.92428 ± 0.979418. The 24-hour value is 1.36 robust deviations from its lot/device/parameter peer median.,0.0045529583333333195
L01-C018,LOT-01,SYNTH-SPACE-ASIC-A,Iddq,uA,125.0,3.3,0.0,50.0,healthy,9.633206,10.008982,10.398248,10.591158,0.3757760000000001,0.03900840488618225,0.01565733333333334,0.005406472222222236,0.002679305555555548,-0.010250861111111103,0,True,True,10.403443,0.5576970399000016,-0.7073033776021636,0.00595983333333335,0.005656396987500031,1.7144305856590898,0.25,11.397817849812528,0.9794181456766013,REVIEW,0.481494,"[""EARLY_DRIFT_ABOVE_PEER_SLOPE""]",REVIEW: 24-hour value is 10.009; predicted 168-hour value is 11.3978 ± 0.979418. The 0h to 24h slope is 1.71 robust deviations from the peer slope median.,0.01565733333333334
L03-C026,LOT-03,SYNTH-SPACE-ASIC-A,Iddq,uA,125.0,3.3,0.0,50.0,healthy,9.352901,9.061425,9.139856,8.799355,-0.2914759999999994,-0.031164234497938065,-0.012144833333333308,0.0010893194444444464,-0.004729180555555552,0.013234152777777754,0,True,True,9.170887,0.31588720379999996,-0.3465224253569483,0.0020607499999999814,0.006466668775000015,-2.1967389745167916,0.39285714285714285,9.538942390946605,0.9794181456766013,REVIEW,0.480118,"[""EARLY_DRIFT_ABOVE_PEER_SLOPE""]",REVIEW: 24-hour value is 9.06142; predicted 168-hour value is 9.53894 ± 0.979418. The 0h to 24h slope is 2.20 robust deviations from the peer slope median.,-0.012144833333333308
L02-C022,LOT-02,SYNTH-SPACE-ASIC-A,LeakageCurrent,uA,125.0,3.3,0.0,20.0,healthy,4.999034,5.161759,5.222395,5.354772,0.162725,0.03255128890901723,0.006780208333333333,0.0008421666666666624,0.0018385694444444439,-0.005938041666666671,0,True,True,4.7379195,0.3051198212999994,1.3890919907929316,0.001570395833333312,0.00676093398750001,0.7705758567724833,0.8928571428571429,6.118067299896193,0.9794181456766013,REVIEW,0.478259,"[""PEER_DEVIATION_HIGH""]",REVIEW: 24-hour value is 5.16176; predicted 168-hour value is 6.11807 ± 0.979418. The 24-hour value is 1.39 robust deviations from its lot/device/parameter peer median.,0.006780208333333333
L02-C005,LOT-02,SYNTH-SPACE-ASIC-A,Iddq,uA,125.0,3.3,0.0,50.0,healthy,10.877181,10.425436,10.611652,10.778611,-0.45174500000000073,-0.04153144091286159,-0.018822708333333365,0.0025863333333333324,0.002318875000000004,0.021409041666666698,0,True,True,10.470457,0.570160516800001,-0.07896197416944695,0.0014842708333333565,0.0069718647249999615,-2.912704128330148,0.5,11.320041108257684,0.9794181456766013,REVIEW,0.469302,"[""EARLY_DRIFT_ABOVE_PEER_SLOPE""]",REVIEW: 24-hour value is 10.4254; predicted 168-hour value is 11.32 ± 0.979418. The 0h to 24h slope is 2.91 robust deviations from the peer slope median.,-0.018822708333333365
L05-C024,LOT-05,SYNTH-SPACE-ASIC-A,Iddq,uA,125.0,3.3,0.0,50.0,healthy,10.643968,10.92167,11.174326,11.44669,0.27770200000000145,0.026090082194910907,0.011570916666666728,0.003509111111111111,0.0037828333333333277,-0.008061805555555617,0,True,True,10.3230955,0.4488764237999995,1.333495074062298,0.003383416666666713,0.010336656312500045,0.7920839923930652,0.8571428571428571,12.10283415081988,0.9794181456766013,REVIEW,0.468541,"[""PEER_DEVIATION_HIGH""]",REVIEW: 24-hour value is 10.9217; predicted 168-hour value is 12.1028 ± 0.979418. The 24-hour value is 1.33 robust deviations from its lot/device/parameter peer median.,0.011570916666666728
L04-C024,LOT-04,SYNTH-SPACE-ASIC-A,LeakageCurrent,uA,125.0,3.3,0.0,20.0,healthy,3.862627,4.152332,4.307637,4.824447,0.28970500000000055,0.07500206465703278,0.01207104166666669,0.00215701388888888,0.007177916666666673,-0.00991402777777781,0,True,True,4.0562214999999995,0.3065512715999997,0.3135217789127611,0.0023232916666666528,0.0044775446624999915,2.1770302106953148,0.6428571428571429,5.7354121441993495,0.9794181456766013,REVIEW,0.468504,"[""EARLY_DRIFT_ABOVE_PEER_SLOPE""]",REVIEW: 24-hour value is 4.15233; predicted 168-hour value is 5.73541 ± 0.979418. The 0h to 24h slope is 2.18 robust deviations from the peer slope median.,0.01207104166666669
L04-C028,LOT-04,SYNTH-SPACE-ASIC-A,Iddq,uA,125.0,3.3,0.0,50.0,healthy,10.522465,10.333572,10.45319,10.706853,-0.1888930000000002,-0.017951402071662886,-0.007870541666666675,0.0016613611111110987,0.0035230972222222404,0.009531902777777775,0,True,True,9.8027045,0.5954343990000007,0.8915633710305654,0.0034223124999999874,0.008129806212499984,-1.3890680628159788,0.8571428571428571,10.84859243725601,0.9794181456766013,REVIEW,0.46797,"[""PEER_DEVIATION_HIGH"", ""EARLY_DRIFT_ABOVE_PEER_SLOPE""]",REVIEW: 24-hour value is 10.3336; predicted 168-hour value is 10.8486 ± 0.979418. The 24-hour value is 0.89 robust deviations from its lot/device/parameter peer median. The 0h to 24h slope is 1.39 robust deviations from the peer slope median.,-0.007870541666666675
L01-C019,LOT-01,SYNTH-SPACE-ASIC-A,Iddq,uA,125.0,3.3,0.0,50.0,healthy,10.906179,10.840966,10.88151,11.099339,-0.06521299999999997,-0.005979454399198837,-0.002717208333333332,0.0005631111111111191,0.0030254027777777783,0.003280319444444451,0,True,True,10.403443,0.5576970399000016,0.7845173431052297,0.00595983333333335,0.005656396987500031,-1.5340227508503945,0.8928571428571429,11.462410126337097,0.9794181456766013,REVIEW,0.467895,"[""PEER_DEVIATION_HIGH"", ""EARLY_DRIFT_ABOVE_PEER_SLOPE""]",REVIEW: 24-hour value is 10.841; predicted 168-hour value is 11.4624 ± 0.979418. The 24-hour value is 0.78 robust deviations from its lot/device/parameter peer median. The 0h to 24h slope is 1.53 robust deviations from the peer slope median.,-0.002717208333333332
L01-C008,LOT-01,SYNTH-SPACE-ASIC-A,Iddq,uA,125.0,3.3,0.0,50.0,healthy,10.522947,10.337326,10.726664,10.891742,-0.18562100000000115,-0.01763964030228425,-0.007734208333333381,0.005407472222222228,0.002292750000000016,0.013141680555555608,0,True,True,10.403443,0.5576970399000016,-0.11855361472217132,0.00595983333333335,0.005656396987500031,-2.4209831270557824,0.5,10.87314097744558,0.9794181456766013,REVIEW,0.464757,"[""EARLY_DRIFT_ABOVE_PEER_SLOPE""]",REVIEW: 24-hour value is 10.3373; predicted 168-hour value is 10.8731 ± 0.979418. The 0h to 24h slope is 2.42 robust deviations from the peer slope median.,-0.007734208333333381
L02-C019,LOT-02,SYNTH-SPACE-ASIC-A,LeakageCurrent,uA,125.0,3.3,0.0,20.0,healthy,5.24658,5.21737,5.735942,6.090461,-0.029209999999999958,-0.00556743631089204,-0.0012170833333333315,0.007202388888888887,0.00492387500000001,0.008419472222222219,0,True,True,4.7379195,0.3051198212999994,1.571351536446382,0.001570395833333312,0.00676093398750001,-0.4122920253060139,0.9642857142857143,5.790264194014036,0.9794181456766013,REVIEW,0.458321,"[""PEER_DEVIATION_HIGH""]",REVIEW: 24-hour value is 5.21737; predicted 168-hour value is 5.79026 ± 0.979418. The 24-hour value is 1.57 robust deviations from its lot/device/parameter peer median.,-0.0012170833333333315
L03-C018,LOT-03,SYNTH-SPACE-ASIC-A,Iddq,uA,125.0,3.3,0.0,50.0,healthy,9.438156,9.593129,9.716215,10.085816,0.15497300000000003,0.01641983879054341,0.006457208333333335,0.0017095277777777875,0.005133347222222214,-0.0047476805555555475,0,True,True,9.170887,0.31588720379999996,1.336685990823915,0.0020607499999999814,0.006466668775000015,0.6798644690648074,0.7857142857142857,10.383883688648979,0.9794181456766013,REVIEW,0.449121,"[""PEER_DEVIATION_HIGH""]",REVIEW: 24-hour value is 9.59313; predicted 168-hour value is 10.3839 ± 0.979418. The 24-hour value is 1.34 robust deviations from its lot/device/parameter peer median.,0.006457208333333335
L01-C014,LOT-01,SYNTH-SPACE-ASIC-A,Iddq,uA,125.0,3.3,0.0,50.0,defective,9.354839,9.550421,11.024042,12.220682,0.19558199999999992,0.02090704073047114,0.008149249999999997,0.020466958333333327,0.016620000000000006,0.01231770833333333,0,True,True,10.403443,0.5576970399000016,-1.5295437109598988,0.00595983333333335,0.005656396987500031,0.3870691310219207,0.07142857142857142,10.236751967250054,0.9794181456766013,REVIEW,0.443561,"[""PEER_DEVIATION_HIGH""]",REVIEW: 24-hour value is 9.55042; predicted 168-hour value is 10.2368 ± 0.979418. The 24-hour value is 1.53 robust deviations from its lot/device/parameter peer median.,0.008149249999999997
L02-C004,LOT-02,SYNTH-SPACE-ASIC-A,Iddq,uA,125.0,3.3,0.0,50.0,defective,9.971426,10.378404,11.609512,12.998479,0.4069780000000005,0.04081442313265932,0.016957416666666687,0.017098722222222234,0.019291208333333323,0.0001413055555555473,0,True,True,10.470457,0.570160516800001,-0.16145102525976904,0.0014842708333333565,0.0069718647249999615,2.219369773175485,0.4642857142857143,11.998060578066553,0.9794181456766013,REVIEW,0.438952,"[""EARLY_DRIFT_ABOVE_PEER_SLOPE""]",REVIEW: 24-hour value is 10.3784; predicted 168-hour value is 11.9981 ± 0.979418. The 0h to 24h slope is 2.22 robust deviations from the peer slope median.,0.016957416666666687
L05-C027,LOT-05,SYNTH-SPACE-ASIC-A,LeakageCurrent,uA,125.0,3.3,0.0,20.0,healthy,4.300958,4.564047,4.728457,5.009594,0.2630890000000008,0.06116986029624117,0.0109620416666667,0.0022834722222222124,0.0039046805555555584,-0.008678569444444487,0,True,True,4.429527,0.22635595499999983,0.5942852265583218,0.0018850833333333334,0.005643362462500019,1.6084308590223457,0.7142857142857143,5.907710695617239,0.9794181456766013,REVIEW,0.434787,"[""EARLY_DRIFT_ABOVE_PEER_SLOPE""]",REVIEW: 24-hour value is 4.56405; predicted 168-hour value is 5.90771 ± 0.979418. The 0h to 24h slope is 1.61 robust deviations from the peer slope median.,0.0109620416666667
L02-C028,LOT-02,SYNTH-SPACE-ASIC-A,Iddq,uA,125.0,3.3,0.0,50.0,healthy,10.463802,10.202653,10.534989,10.836168,-0.26114899999999963,-0.024957372090947404,-0.010881208333333317,0.004615777777777774,0.004183041666666683,0.015496986111111092,0,True,True,10.470457,0.570160516800001,-0.4696993076669659,0.0014842708333333565,0.0069718647249999615,-1.7736258023375149,0.32142857142857145,10.569872805379815,0.9794181456766013,REVIEW,0.434068,"[""EARLY_DRIFT_ABOVE_PEER_SLOPE""]",REVIEW: 24-hour value is 10.2027; predicted 168-hour value is 10.5699 ± 0.979418. The 0h to 24h slope is 1.77 robust deviations from the peer slope median.,-0.010881208333333317
L03-C006,LOT-03,SYNTH-SPACE-ASIC-A,LeakageCurrent,uA,125.0,3.3,0.0,20.0,defective,2.9674,3.19922,4.146536,5.022329,0.23181999999999992,0.07812226191278557,0.009659166666666663,0.013157166666666671,0.012163791666666665,0.003498000000000008,0,True,True,3.341222,0.5427309342000002,-0.2616434609707938,0.0010181041666666633,0.004231463949999997,2.042097629119588,0.35714285714285715,4.540425418634076,0.9794181456766013,REVIEW,0.431535,"[""EARLY_DRIFT_ABOVE_PEER_SLOPE""]",REVIEW: 24-hour value is 3.19922; predicted 168-hour value is 4.54043 ± 0.979418. The 0h to 24h slope is 2.04 robust deviations from the peer slope median.,0.009659166666666663
L01-C011,LOT-01,SYNTH-SPACE-ASIC-A,Iddq,uA,125.0,3.3,0.0,50.0,healthy,10.386466,10.255355,10.767317,10.949245,-0.13111100000000064,-0.012623254146309307,-0.0054629583333333604,0.00711058333333334,0.0025267777777777667,0.012573541666666702,0,True,True,10.403443,0.5576970399000016,-0.2655348502953371,0.00595983333333335,0.005656396987500031,-2.0194466003552667,0.39285714285714285,10.686764035103808,0.9794181456766013,REVIEW,0.428409,"[""EARLY_DRIFT_ABOVE_PEER_SLOPE""]",REVIEW: 24-hour value is 10.2554; predicted 168-hour value is 10.6868 ± 0.979418. The 0h to 24h slope is 2.02 robust deviations from the peer slope median.,-0.0054629583333333604
L01-C028,LOT-01,SYNTH-SPACE-ASIC-A,Iddq,uA,125.0,3.3,0.0,50.0,healthy,10.758562,11.020488,10.862343,11.40868,0.26192600000000077,0.024345818706998274,0.010913583333333365,-0.0021964583333333484,0.007588013888888905,-0.013110041666666714,0,True,True,10.403443,0.5576970399000016,1.1064161289266314,0.00595983333333335,0.005656396987500031,0.8757783463478992,0.9285714285714286,12.195330849402954,0.9794181456766013,REVIEW,0.428097,"[""PEER_DEVIATION_HIGH""]",REVIEW: 24-hour value is 11.0205; predicted 168-hour value is 12.1953 ± 0.979418. The 24-hour value is 1.11 robust deviations from its lot/device/parameter peer median.,0.010913583333333365
L04-C027,LOT-04,SYNTH-SPACE-ASIC-A,LeakageCurrent,uA,125.0,3.3,0.0,20.0,healthy,4.187807,4.354283,4.40055,4.563424,0.1664759999999994,0.03975254829078785,0.006936499999999975,0.0006425972222222261,0.0022621388888888947,-0.006293902777777749,0,True,True,4.0562214999999995,0.3065512715999997,0.9723055410741298,0.0023232916666666528,0.0044775446624999915,1.0302986750683987,0.8571428571428571,5.339275683902749,0.9794181456766013,REVIEW,0.423128,"[""PEER_DEVIATION_HIGH"", ""EARLY_DRIFT_ABOVE_PEER_SLOPE""]",REVIEW: 24-hour value is 4.35428; predicted 168-hour value is 5.33928 ± 0.979418. The 24-hour value is 0.97 robust deviations from its lot/device/parameter peer median. The 0h to 24h slope is 1.03 robust deviations from the peer slope median.,0.006936499999999975
L04-C026,LOT-04,SYNTH-SPACE-ASIC-A,LeakageCurrent,uA,125.0,3.3,0.0,20.0,defective,3.92178,4.172335,5.096724,6.351543,0.2505550000000003,0.06388808143241087,0.010439791666666679,0.012838736111111106,0.01742804166666667,0.0023989444444444275,0,True,True,4.0562214999999995,0.3065512715999997,0.37877350628481615,0.0023232916666666528,0.0044775446624999915,1.8127122366811326,0.6785714285714286,5.506670532668948,0.9794181456766013,REVIEW,0.418877,"[""EARLY_DRIFT_ABOVE_PEER_SLOPE""]",REVIEW: 24-hour value is 4.17234; predicted 168-hour value is 5.50667 ± 0.979418. The 0h to 24h slope is 1.81 robust deviations from the peer slope median.,0.010439791666666679
L05-C010,LOT-05,SYNTH-SPACE-ASIC-A,Iddq,uA,125.0,3.3,0.0,50.0,healthy,9.489908,9.611217,10.239753,10.806632,0.12130900000000011,0.01278294794849435,0.005054541666666672,0.008729666666666672,0.007873319444444447,0.0036751250000000004,0,True,True,10.3230955,0.4488764237999995,-1.5859119843576017,0.003383416666666713,0.010336656312500045,0.16166978464584134,0.10714285714285714,10.10078342870963,0.9794181456766013,REVIEW,0.416768,"[""PEER_DEVIATION_HIGH""]",REVIEW: 24-hour value is 9.61122; predicted 168-hour value is 10.1008 ± 0.979418. The 24-hour value is 1.59 robust deviations from its lot/device/parameter peer median.,0.005054541666666672
L03-C007,LOT-03,SYNTH-SPACE-ASIC-A,Iddq,uA,125.0,3.3,0.0,50.0,healthy,8.62434,8.753523,8.599558,9.116206,0.12918299999999938,0.014978885340791224,0.005382624999999974,-0.0021384027777777703,0.007175666666666667,-0.0075210277777777446,0,True,True,9.170887,0.31588720379999996,-1.3212437698623898,0.0020607499999999814,0.006466668775000015,0.5136918428298479,0.14285714285714285,9.26807652894686,0.9794181456766013,REVIEW,0.415435,"[""PEER_DEVIATION_HIGH""]",REVIEW: 24-hour value is 8.75352; predicted 168-hour value is 9.26808 ± 0.979418. The 24-hour value is 1.32 robust deviations from its lot/device/parameter peer median.,0.005382624999999974
L03-C008,LOT-03,SYNTH-SPACE-ASIC-A,LeakageCurrent,uA,125.0,3.3,0.0,20.0,healthy,2.608419,2.589511,2.793172,2.798494,-0.018908000000000147,-0.0072488354056614935,-0.0007878333333333395,0.0028286250000000043,7.391666666666118e-05,0.003616458333333344,0,True,True,3.341222,0.5427309342000002,-1.3850527998888478,0.0010181041666666633,0.004231463949999997,-0.4267878732607433,0.03571428571428571,2.831952576284568,0.9794181456766013,REVIEW,0.41539,"[""PEER_DEVIATION_HIGH""]",REVIEW: 24-hour value is 2.58951; predicted 168-hour value is 2.83195 ± 0.979418. The 24-hour value is 1.39 robust deviations from its lot/device/parameter peer median.,-0.0007878333333333395
L03-C013,LOT-03,SYNTH-SPACE-ASIC-A,LeakageCurrent,uA,125.0,3.3,0.0,20.0,healthy,2.68873,2.811435,3.107363,3.423737,0.12270499999999984,0.0456367876283598,0.005112708333333327,0.00411011111111111,0.004394083333333336,-0.0010025972222222164,0,True,True,3.341222,0.5427309342000002,-0.9761503658915635,0.0010181041666666633,0.004231463949999997,0.9676566349257605,0.14285714285714285,3.4992707823644107,0.9794181456766013,REVIEW,0.412793,"[""PEER_DEVIATION_HIGH""]",REVIEW: 24-hour value is 2.81143; predicted 168-hour value is 3.49927 ± 0.979418. The 24-hour value is 0.98 robust deviations from its lot/device/parameter peer median.,0.005112708333333327
L02-C010,LOT-02,SYNTH-SPACE-ASIC-A,Iddq,uA,125.0,3.3,0.0,50.0,healthy,10.465389,10.223255,10.470614,10.863961,-0.24213400000000007,-0.023136645947895492,-0.01008891666666667,0.003435541666666659,0.005463152777777782,0.01352445833333333,0,True,True,10.470457,0.570160516800001,-0.4335656235675687,0.0014842708333333565,0.0069718647249999615,-1.6599845172698886,0.35714285714285715,10.566336852796551,0.9794181456766013,REVIEW,0.40478,"[""EARLY_DRIFT_ABOVE_PEER_SLOPE""]",REVIEW: 24-hour value is 10.2233; predicted 168-hour value is 10.5663 ± 0.979418. The 0h to 24h slope is 1.66 robust deviations from the peer slope median.,-0.01008891666666667
L01-C016,LOT-01,SYNTH-SPACE-ASIC-A,Iddq,uA,125.0,3.3,0.0,50.0,healthy,9.346188,9.490498,9.580652,9.815142,0.14431000000000083,0.015440519707072105,0.006012916666666701,0.0012521388888888899,0.0032568055555555445,-0.004760777777777812,0,True,True,10.403443,0.5576970399000016,-1.636990937164908,0.00595983333333335,0.005656396987500031,0.009384654834280382,0.03571428571428571,10.052006712384213,0.9794181456766013,REVIEW,0.401843,"[""PEER_DEVIATION_HIGH""]",REVIEW: 24-hour value is 9.4905; predicted 168-hour value is 10.052 ± 0.979418. The 24-hour value is 1.64 robust deviations from its lot/device/parameter peer median.,0.006012916666666701
L05-C012,LOT-05,SYNTH-SPACE-ASIC-A,Iddq,uA,125.0,3.3,0.0,50.0,healthy,10.866096,10.618681,10.724453,10.749059,-0.24741500000000016,-0.02276944727894914,-0.01030895833333334,0.0014690555555555553,0.00034175000000000486,0.011778013888888895,0,True,True,10.3230955,0.4488764237999995,0.6585008352581693,0.003383416666666713,0.010336656312500045,-1.3246425716449488,0.7142857142857143,11.046432379519015,0.9794181456766013,REVIEW,0.399403,"[""EARLY_DRIFT_ABOVE_PEER_SLOPE""]",REVIEW: 24-hour value is 10.6187; predicted 168-hour value is 11.0464 ± 0.979418. The 0h to 24h slope is 1.32 robust deviations from the peer slope median.,-0.01030895833333334
L01-C011,LOT-01,SYNTH-SPACE-ASIC-A,LeakageCurrent,uA,125.0,3.3,0.0,20.0,healthy,4.673202,4.59208,4.620487,4.868327,-0.0811219999999997,-0.017358975708732405,-0.0033800833333333205,0.0003945416666666615,0.0034422222222222233,0.003774624999999982,0,True,True,4.300483,0.3281772165000001,0.8885351734952028,0.0027300625000000007,0.006139724587499993,-0.9951823972321345,0.75,4.9948875365344065,0.9794181456766013,REVIEW,0.39633,"[""PEER_DEVIATION_HIGH""]",REVIEW: 24-hour value is 4.59208; predicted 168-hour value is 4.99489 ± 0.979418. The 24-hour value is 0.89 robust deviations from its lot/device/parameter peer median.,-0.0033800833333333205
L01-C023,LOT-01,SYNTH-SPACE-ASIC-A,Iddq,uA,125.0,3.3,0.0,50.0,healthy,10.28927,10.200789,10.65251,11.129938,-0.08848099999999981,-0.008599346698065053,-0.0036867083333333253,0.006273902777777766,0.006630944444444441,0.009960611111111092,0,True,True,10.403443,0.5576970399000016,-0.3633765028344709,0.00595983333333335,0.005656396987500031,-1.7054216116698302,0.32142857142857145,10.585084462631205,0.9794181456766013,REVIEW,0.395801,"[""EARLY_DRIFT_ABOVE_PEER_SLOPE""]",REVIEW: 24-hour value is 10.2008; predicted 168-hour value is 10.5851 ± 0.979418. The 0h to 24h slope is 1.71 robust deviations from the peer slope median.,-0.0036867083333333253
L01-C002,LOT-01,SYNTH-SPACE-ASIC-A,LeakageCurrent,uA,125.0,3.3,0.0,20.0,healthy,3.800814,4.013965,4.054251,4.26372,0.21315099999999987,0.0560803554186024,0.00888129166666666,0.0005595277777777784,0.0029092916666666716,-0.008321763888888882,0,True,True,4.300483,0.3281772165000001,-0.8730587792038268,0.0027300625000000007,0.006139724587499993,1.0018737940118827,0.10714285714285714,4.992644487873924,0.9794181456766013,REVIEW,0.393752,"[""PEER_DEVIATION_HIGH"", ""EARLY_DRIFT_ABOVE_PEER_SLOPE""]",REVIEW: 24-hour value is 4.01396; predicted 168-hour value is 4.99264 ± 0.979418. The 24-hour value is 0.87 robust deviations from its lot/device/parameter peer median. The 0h to 24h slope is 1.00 robust deviations from the peer slope median.,0.00888129166666666
L01-C015,LOT-01,SYNTH-SPACE-ASIC-A,Iddq,uA,125.0,3.3,0.0,50.0,healthy,10.296127,10.652784,10.58351,10.880729,0.3566570000000002,0.034639918485853974,0.014860708333333342,-0.0009621388888888897,0.004128041666666669,-0.01582284722222223,0,True,True,10.403443,0.5576970399000016,0.4470904131833109,0.00595983333333335,0.005656396987500031,1.5735944665252235,0.75,12.094205638654937,0.9794181456766013,REVIEW,0.392536,"[""EARLY_DRIFT_ABOVE_PEER_SLOPE""]",REVIEW: 24-hour value is 10.6528; predicted 168-hour value is 12.0942 ± 0.979418. The 0h to 24h slope is 1.57 robust deviations from the peer slope median.,0.014860708333333342
L02-C025,LOT-02,SYNTH-SPACE-ASIC-A,LeakageCurrent,uA,125.0,3.3,0.0,20.0,healthy,5.006298,5.120844,5.432943,5.773852,0.11454599999999981,0.022880379873511287,0.004772749999999992,0.004334708333333332,0.004734847222222221,-0.00043804166666666037,0,True,True,4.7379195,0.3051198212999994,1.2549971298767288,0.001570395833333312,0.00676093398750001,0.47365558850114065,0.8571428571428571,5.8934397621195,0.9794181456766013,REVIEW,0.392035,"[""PEER_DEVIATION_HIGH""]",REVIEW: 24-hour value is 5.12084; predicted 168-hour value is 5.89344 ± 0.979418. The 24-hour value is 1.25 robust deviations from its lot/device/parameter peer median.,0.004772749999999992
L02-C010,LOT-02,SYNTH-SPACE-ASIC-A,LeakageCurrent,uA,125.0,3.3,0.0,20.0,healthy,5.151957,5.101705,5.14369,5.387809,-0.05025200000000041,-0.009753963396821908,-0.0020938333333333503,0.0005831250000000053,0.00339054166666666,0.002676958333333356,0,True,True,4.7379195,0.3051198212999994,1.1922709526049409,0.001570395833333312,0.00676093398750001,-0.5419708539443355,0.8214285714285714,5.547163690588111,0.9794181456766013,REVIEW,0.388999,"[""PEER_DEVIATION_HIGH""]",REVIEW: 24-hour value is 5.1017; predicted 168-hour value is 5.54716 ± 0.979418. The 24-hour value is 1.19 robust deviations from its lot/device/parameter peer median.,-0.0020938333333333503
L01-C003,LOT-01,SYNTH-SPACE-ASIC-A,Iddq,uA,125.0,3.3,0.0,50.0,healthy,10.830148,11.051686,11.068096,11.251149,0.22153800000000068,0.020455676136651196,0.009230750000000029,0.00022791666666667333,0.002542402777777767,-0.009002833333333356,0,True,True,10.403443,0.5576970399000016,1.1623568956296317,0.00595983333333335,0.005656396987500031,0.5782685822609372,0.9642857142857143,12.121337757024312,0.9794181456766013,REVIEW,0.38822,"[""PEER_DEVIATION_HIGH""]",REVIEW: 24-hour value is 11.0517; predicted 168-hour value is 12.1213 ± 0.979418. The 24-hour value is 1.16 robust deviations from its lot/device/parameter peer median.,0.009230750000000029
L04-C022,LOT-04,SYNTH-SPACE-ASIC-A,Iddq,uA,125.0,3.3,0.0,50.0,healthy,10.182588,10.411812,10.666347,11.35005,0.22922399999999854,0.022511369408248525,0.00955099999999994,0.003535208333333342,0.009495874999999994,-0.006015791666666598,0,True,True,9.8027045,0.5954343990000007,1.022963236626841,0.0034223124999999874,0.008129806212499984,0.7538540698026465,0.8928571428571429,11.460933387259189,0.9794181456766013,REVIEW,0.385751,"[""PEER_DEVIATION_HIGH""]",REVIEW: 24-hour value is 10.4118; predicted 168-hour value is 11.4609 ± 0.979418. The 24-hour value is 1.02 robust deviations from its lot/device/parameter peer median.,0.00955099999999994
L05-C007,LOT-05,SYNTH-SPACE-ASIC-A,Iddq,uA,125.0,3.3,0.0,50.0,healthy,10.545601,10.798555,10.835516,10.806853,0.2529540000000008,0.02398668411596464,0.010539750000000033,0.0005133472222222194,-0.0003980972222222206,-0.010026402777777815,0,True,True,10.3230955,0.4488764237999995,1.0592213687120362,0.003383416666666713,0.010336656312500045,0.6923257499312633,0.7857142857142857,11.847516854729514,0.9794181456766013,REVIEW,0.383539,"[""PEER_DEVIATION_HIGH""]",REVIEW: 24-hour value is 10.7986; predicted 168-hour value is 11.8475 ± 0.979418. The 24-hour value is 1.06 robust deviations from its lot/device/parameter peer median.,0.010539750000000033
L03-C024,LOT-03,SYNTH-SPACE-ASIC-A,Iddq,uA,125.0,3.3,0.0,50.0,healthy,8.674721,8.82177,8.908858,9.229315,0.14704900000000087,0.01695143855347058,0.006127041666666703,0.00120955555555555,0.004450791666666658,-0.004917486111111154,0,True,True,9.170887,0.31588720379999996,-1.105195132313871,0.0020607499999999814,0.006466668775000015,0.6288077846799432,0.17857142857142858,9.384391007837397,0.9794181456766013,REVIEW,0.383344,"[""PEER_DEVIATION_HIGH""]",REVIEW: 24-hour value is 8.82177; predicted 168-hour value is 9.38439 ± 0.979418. The 24-hour value is 1.11 robust deviations from its lot/device/parameter peer median.,0.006127041666666703
L03-C007,LOT-03,SYNTH-SPACE-ASIC-A,LeakageCurrent,uA,125.0,3.3,0.0,20.0,healthy,2.661018,2.647445,2.554794,2.648261,-0.013573000000000057,-0.00510067951438136,-0.000565541666666669,-0.001286819444444445,0.0012981527777777835,-0.000721277777777776,0,True,True,3.341222,0.5427309342000002,-1.278307456387475,0.0010181041666666633,0.004231463949999997,-0.3742548328536117,0.10714285714285714,2.8864587417617313,0.9794181456766013,REVIEW,0.379841,"[""PEER_DEVIATION_HIGH""]",REVIEW: 24-hour value is 2.64744; predicted 168-hour value is 2.88646 ± 0.979418. The 24-hour value is 1.28 robust deviations from its lot/device/parameter peer median.,-0.000565541666666669
L03-C025,LOT-03,SYNTH-SPACE-ASIC-A,LeakageCurrent,uA,125.0,3.3,0.0,20.0,healthy,4.003558,3.976844,4.35043,4.596908,-0.026714000000000127,-0.006672564753651658,-0.0011130833333333385,0.005188694444444451,0.0034233055555555523,0.006301777777777789,0,True,True,3.341222,0.5427309342000002,1.1711549129531809,0.0010181041666666633,0.004231463949999997,-0.5036525243231728,0.8571428571428571,4.46336349026665,0.9794181456766013,REVIEW,0.37694,"[""PEER_DEVIATION_HIGH""]",REVIEW: 24-hour value is 3.97684; predicted 168-hour value is 4.46336 ± 0.979418. The 24-hour value is 1.17 robust deviations from its lot/device/parameter peer median.,-0.0011130833333333385
L01-C008,LOT-01,SYNTH-SPACE-ASIC-A,LeakageCurrent,uA,125.0,3.3,0.0,20.0,healthy,4.408668,4.599491,5.004465,5.267754,0.19082300000000085,0.04328359495430385,0.007950958333333369,0.005624638888888879,0.003656791666666671,-0.00232631944444449,0,True,True,4.300483,0.3281772165000001,0.9111174845984488,0.0027300625000000007,0.006139724587499993,0.8503469103423157,0.7857142857142857,5.609192536094241,0.9794181456766013,REVIEW,0.37578,"[""PEER_DEVIATION_HIGH""]",REVIEW: 24-hour value is 4.59949; predicted 168-hour value is 5.60919 ± 0.979418. The 24-hour value is 0.91 robust deviations from its lot/device/parameter peer median.,0.007950958333333369
L02-C021,LOT-02,SYNTH-SPACE-ASIC-A,LeakageCurrent,uA,125.0,3.3,0.0,20.0,healthy,4.232114,4.271158,4.268866,4.080097,0.039043999999999635,0.009225649403584031,0.001626833333333318,-3.183333333332971e-05,-0.002621791666666663,-0.0016586666666666477,0,True,True,4.7379195,0.3051198212999994,-1.5297645954671426,0.001570395833333312,0.00676093398750001,0.008347589268635209,0.17857142857142858,4.5966449433753676,0.9794181456766013,REVIEW,0.375445,"[""PEER_DEVIATION_HIGH""]",REVIEW: 24-hour value is 4.27116; predicted 168-hour value is 4.59664 ± 0.979418. The 24-hour value is 1.53 robust deviations from its lot/device/parameter peer median.,0.001626833333333318
L03-C021,LOT-03,SYNTH-SPACE-ASIC-A,Iddq,uA,125.0,3.3,0.0,50.0,healthy,8.702967,8.8779,8.858364,8.788425,0.17493300000000112,0.020100386454412745,0.007288875000000046,-0.00027133333333333946,-0.0009713749999999965,-0.007560208333333386,0,True,True,9.170887,0.31588720379999996,-0.9275051235867762,0.0020607499999999814,0.006466668775000015,0.8084726745572418,0.21428571428571427,9.521910978544604,0.9794181456766013,REVIEW,0.372249,"[""PEER_DEVIATION_HIGH""]",REVIEW: 24-hour value is 8.8779; predicted 168-hour value is 9.52191 ± 0.979418. The 24-hour value is 0.93 robust deviations from its lot/device/parameter peer median.,0.007288875000000046
L01-C017,LOT-01,SYNTH-SPACE-ASIC-A,LeakageCurrent,uA,125.0,3.3,0.0,20.0,healthy,4.007069,3.969738,4.271293,4.369356,-0.03733100000000045,-0.009316285793930786,-0.001555458333333352,0.004188263888888889,0.001361986111111108,0.005743722222222241,0,True,True,4.300483,0.3281772165000001,-1.0078243807641039,0.0027300625000000007,0.006139724587499993,-0.6979988714898293,0.07142857142857142,4.2228030266359,0.9794181456766013,REVIEW,0.371997,"[""PEER_DEVIATION_HIGH""]",REVIEW: 24-hour value is 3.96974; predicted 168-hour value is 4.2228 ± 0.979418. The 24-hour value is 1.01 robust deviations from its lot/device/parameter peer median.,-0.001555458333333352
L05-C013,LOT-05,SYNTH-SPACE-ASIC-A,LeakageCurrent,uA,125.0,3.3,0.0,20.0,defective,4.139962,4.449119,5.767133,7.309405,0.3091569999999999,0.07467628929927374,0.012881541666666663,0.01830575000000001,0.02142044444444444,0.005424208333333347,0,True,True,4.429527,0.22635595499999983,0.08655394111455739,0.0018850833333333334,0.005643362462500019,1.9485649568682637,0.6071428571428571,6.032315556250062,0.9794181456766013,REVIEW,0.371899,"[""EARLY_DRIFT_ABOVE_PEER_SLOPE""]",REVIEW: 24-hour value is 4.44912; predicted 168-hour value is 6.03232 ± 0.979418. The 0h to 24h slope is 1.95 robust deviations from the peer slope median.,0.012881541666666663
L02-C006,LOT-02,SYNTH-SPACE-ASIC-A,Iddq,uA,125.0,3.3,0.0,50.0,healthy,11.043577,10.908059,11.349383,11.448224,-0.13551800000000114,-0.012271205244460298,-0.005646583333333381,0.006129499999999998,0.001372791666666669,0.011776083333333378,0,True,True,10.470457,0.570160516800001,0.7675066706758662,0.0014842708333333565,0.0069718647249999615,-1.0228044358199702,0.75,11.320836826234325,0.9794181456766013,REVIEW,0.371718,"[""PEER_DEVIATION_HIGH"", ""EARLY_DRIFT_ABOVE_PEER_SLOPE""]",REVIEW: 24-hour value is 10.9081; predicted 168-hour value is 11.3208 ± 0.979418. The 24-hour value is 0.77 robust deviations from its lot/device/parameter peer median. The 0h to 24h slope is 1.02 robust deviations from the peer slope median.,-0.005646583333333381
L04-C010,LOT-04,SYNTH-SPACE-ASIC-A,Iddq,uA,125.0,3.3,0.0,50.0,healthy,9.603068,9.443666,10.028814,10.311024,-0.15940200000000004,-0.01659907021381084,-0.006641750000000002,0.00812705555555556,0.003919583333333322,0.014768805555555561,0,True,True,9.8027045,0.5954343990000007,-0.6029858211130997,0.0034223124999999874,0.008129806212499984,-1.2379215736441527,0.35714285714285715,9.707288124873301,0.9794181456766013,REVIEW,0.370222,"[""EARLY_DRIFT_ABOVE_PEER_SLOPE""]",REVIEW: 24-hour value is 9.44367; predicted 168-hour value is 9.70729 ± 0.979418. The 0h to 24h slope is 1.24 robust deviations from the peer slope median.,-0.006641750000000002
L04-C001,LOT-04,SYNTH-SPACE-ASIC-A,LeakageCurrent,uA,125.0,3.3,0.0,20.0,healthy,3.544681,3.598744,3.659093,3.693753,0.05406299999999975,0.015251866105863899,0.0022526249999999894,0.0008381805555555553,0.0004813888888888908,-0.001414444444444434,0,True,True,4.0562214999999995,0.3065512715999997,-1.4923360050417094,0.0023232916666666528,0.0044775446624999915,-0.015782459359591806,0.07142857142857142,3.984725494442028,0.9794181456766013,REVIEW,0.367634,"[""PEER_DEVIATION_HIGH""]",REVIEW: 24-hour value is 3.59874; predicted 168-hour value is 3.98473 ± 0.979418. The 24-hour value is 1.49 robust deviations from its lot/device/parameter peer median.,0.0022526249999999894
L03-C021,LOT-03,SYNTH-SPACE-ASIC-A,LeakageCurrent,uA,125.0,3.3,0.0,20.0,healthy,3.708748,3.819151,3.642705,3.671752,0.11040300000000025,0.029768266811333703,0.0046001250000000105,-0.0024506388888888933,0.00040343055555555927,-0.007050763888888903,0,True,True,3.341222,0.5427309342000002,0.8806002567450483,0.0010181041666666633,0.004231463949999997,0.8465204656495656,0.75,4.553756713783332,0.9794181456766013,REVIEW,0.367632,"[""PEER_DEVIATION_HIGH""]",REVIEW: 24-hour value is 3.81915; predicted 168-hour value is 4.55376 ± 0.979418. The 24-hour value is 0.88 robust deviations from its lot/device/parameter peer median.,0.0046001250000000105
L05-C007,LOT-05,SYNTH-SPACE-ASIC-A,LeakageCurrent,uA,125.0,3.3,0.0,20.0,healthy,4.066693,4.206723,4.327569,4.64579,0.14003000000000032,0.03443338358710636,0.005834583333333347,0.0016784166666666699,0.0044197361111111035,-0.004156166666666677,0,True,True,4.429527,0.22635595499999983,-0.9843081000453474,0.0018850833333333334,0.005643362462500019,0.6998487207306509,0.21428571428571427,4.8417462153809865,0.9794181456766013,REVIEW,0.366581,"[""PEER_DEVIATION_HIGH""]",REVIEW: 24-hour value is 4.20672; predicted 168-hour value is 4.84175 ± 0.979418. The 24-hour value is 0.98 robust deviations from its lot/device/parameter peer median.,0.005834583333333347
L01-C006,LOT-01,SYNTH-SPACE-ASIC-A,LeakageCurrent,uA,125.0,3.3,0.0,20.0,healthy,4.699992,4.726169,4.821948,5.04077,0.026176999999999673,0.005569583948227927,0.0010907083333333196,0.0013302638888888928,0.0030391944444444485,0.00023955555555557314,0,True,True,4.300483,0.3281772165000001,1.2971223430435783,0.0027300625000000007,0.006139724587499993,-0.2670077693719813,0.9642857142857143,5.376887103556362,0.9794181456766013,REVIEW,0.365136,"[""PEER_DEVIATION_HIGH""]",REVIEW: 24-hour value is 4.72617; predicted 168-hour value is 5.37689 ± 0.979418. The 24-hour value is 1.30 robust deviations from its lot/device/parameter peer median.,0.0010907083333333196
L02-C022,LOT-02,SYNTH-SPACE-ASIC-A,Iddq,uA,125.0,3.3,0.0,50.0,healthy,11.051405,11.15374,11.320333,11.562172,0.10233500000000006,0.00925990858175952,0.004263958333333336,0.002313791666666651,0.003358875000000008,-0.0019501666666666847,0,True,True,10.470457,0.570160516800001,1.1984046244290902,0.0014842708333333565,0.0069718647249999615,0.39870072206542917,0.8214285714285714,11.828255591740474,0.9794181456766013,REVIEW,0.364709,"[""PEER_DEVIATION_HIGH""]",REVIEW: 24-hour value is 11.1537; predicted 168-hour value is 11.8283 ± 0.979418. The 24-hour value is 1.20 robust deviations from its lot/device/parameter peer median.,0.004263958333333336
L02-C023,LOT-02,SYNTH-SPACE-ASIC-A,Iddq,uA,125.0,3.3,0.0,50.0,healthy,11.110405,11.032571,11.620633,11.810581,-0.07783399999999929,-0.007005505199855387,-0.003243083333333304,0.008167527777777763,0.0026381666666666823,0.011410611111111068,0,True,True,10.470457,0.570160516800001,0.9858872781209744,0.0014842708333333565,0.0069718647249999615,-0.6780616597042031,0.7857142857142857,11.469505384986531,0.9794181456766013,REVIEW,0.363046,"[""PEER_DEVIATION_HIGH""]",REVIEW: 24-hour value is 11.0326; predicted 168-hour value is 11.4695 ± 0.979418. The 24-hour value is 0.99 robust deviations from its lot/device/parameter peer median.,-0.003243083333333304
L02-C027,LOT-02,SYNTH-SPACE-ASIC-A,Iddq,uA,125.0,3.3,0.0,50.0,healthy,10.362768,10.178929,10.312203,10.365034,-0.18383900000000075,-0.017740337330720973,-0.007659958333333365,0.0018510277777777793,0.0007337638888888806,0.009510986111111144,0,True,True,10.470457,0.570160516800001,-0.5113086427593877,0.0014842708333333565,0.0069718647249999615,-1.311590159498795,0.2857142857142857,10.450645109526654,0.9794181456766013,REVIEW,0.361073,"[""EARLY_DRIFT_ABOVE_PEER_SLOPE""]",REVIEW: 24-hour value is 10.1789; predicted 168-hour value is 10.4506 ± 0.979418. The 0h to 24h slope is 1.31 robust deviations from the peer slope median.,-0.007659958333333365
L05-C028,LOT-05,SYNTH-SPACE-ASIC-A,Iddq,uA,125.0,3.3,0.0,50.0,healthy,10.808793,10.601309,10.827584,10.675079,-0.2074839999999991,-0.019195852857946224,-0.00864516666666663,0.003142708333333324,-0.0021181249999999954,0.011787874999999953,0,True,True,10.3230955,0.4488764237999995,0.6197997605772227,0.003383416666666713,0.010336656312500045,-1.1636822362747288,0.6785714285714286,10.97943773362134,0.9794181456766013,REVIEW,0.360969,"[""EARLY_DRIFT_ABOVE_PEER_SLOPE""]",REVIEW: 24-hour value is 10.6013; predicted 168-hour value is 10.9794 ± 0.979418. The 0h to 24h slope is 1.16 robust deviations from the peer slope median.,-0.00864516666666663
L01-C013,LOT-01,SYNTH-SPACE-ASIC-A,LeakageCurrent,uA,125.0,3.3,0.0,20.0,healthy,3.956073,3.944046,4.186925,4.522965,-0.012026999999999788,-0.003040136013668046,-0.0005011249999999912,0.003373319444444436,0.00466722222222223,0.0038744444444444273,0,True,True,4.300483,0.3281772165000001,-1.086111351060227,0.0027300625000000007,0.006139724587499993,-0.5262756421645428,0.03571428571428571,4.228789864302804,0.9794181456766013,REVIEW,0.360224,"[""PEER_DEVIATION_HIGH""]",REVIEW: 24-hour value is 3.94405; predicted 168-hour value is 4.22879 ± 0.979418. The 24-hour value is 1.09 robust deviations from its lot/device/parameter peer median.,-0.0005011249999999912
L04-C014,LOT-04,SYNTH-SPACE-ASIC-A,LeakageCurrent,uA,125.0,3.3,0.0,20.0,healthy,3.689422,3.699987,4.126736,4.294669,0.010565000000000158,0.0028635921832742793,0.0004402083333333399,0.005927069444444445,0.002332402777777773,0.005486861111111105,0,True,True,4.0562214999999995,0.3065512715999997,-1.1620715129990664,0.0023232916666666528,0.0044775446624999915,-0.4205615968734776,0.14285714285714285,3.99803538695223,0.9794181456766013,REVIEW,0.359763,"[""PEER_DEVIATION_HIGH""]",REVIEW: 24-hour value is 3.69999; predicted 168-hour value is 3.99804 ± 0.979418. The 24-hour value is 1.16 robust deviations from its lot/device/parameter peer median.,0.0004402083333333399
L01-C012,LOT-01,SYNTH-SPACE-ASIC-A,LeakageCurrent,uA,125.0,3.3,0.0,20.0,healthy,4.661776,4.64403,4.771125,4.794423,-0.017745999999999817,-0.003806703711203588,-0.0007394166666666591,0.0017652083333333296,0.00032358333333334005,0.0025046249999999886,0,True,True,4.300483,0.3281772165000001,1.0468337920100554,0.0027300625000000007,0.006139724587499993,-0.565087100768372,0.8928571428571429,5.17603192318302,0.9794181456766013,REVIEW,0.357608,"[""PEER_DEVIATION_HIGH""]",REVIEW: 24-hour value is 4.64403; predicted 168-hour value is 5.17603 ± 0.979418. The 24-hour value is 1.05 robust deviations from its lot/device/parameter peer median.,-0.0007394166666666591
L05-C012,LOT-05,SYNTH-SPACE-ASIC-A,LeakageCurrent,uA,125.0,3.3,0.0,20.0,healthy,4.682077,4.600357,4.728741,4.817792,-0.08171999999999979,-0.01745379240879631,-0.0034049999999999914,0.0017831111111111181,0.0012368194444444382,0.0051881111111111095,0,True,True,4.429527,0.22635595499999983,0.7546962923948686,0.0018850833333333334,0.005643362462500019,-0.937399177969832,0.75,4.992213790725367,0.9794181456766013,REVIEW,0.353213,"[""PEER_DEVIATION_HIGH""]",REVIEW: 24-hour value is 4.60036; predicted 168-hour value is 4.99221 ± 0.979418. The 24-hour value is 0.75 robust deviations from its lot/device/parameter peer median.,-0.0034049999999999914
L02-C020,LOT-02,SYNTH-SPACE-ASIC-A,LeakageCurrent,uA,125.0,3.3,0.0,20.0,healthy,4.81167,4.986738,5.302054,5.62887,0.17506799999999956,0.036384041299590275,0.0072944999999999816,0.004379388888888891,0.004539111111111111,-0.0029151111111110906,0,True,True,4.7379195,0.3051198212999994,0.8154779946444602,0.001570395833333312,0.00676093398750001,0.8466439958221322,0.7857142857142857,5.913482623500959,0.9794181456766013,REVIEW,0.351735,"[""PEER_DEVIATION_HIGH""]",REVIEW: 24-hour value is 4.98674; predicted 168-hour value is 5.91348 ± 0.979418. The 24-hour value is 0.82 robust deviations from its lot/device/parameter peer median.,0.0072944999999999816
L01-C026,LOT-01,SYNTH-SPACE-ASIC-A,Iddq,uA,125.0,3.3,0.0,50.0,healthy,9.604587,9.818103,9.558665,9.682275,0.21351600000000026,0.022230627928093133,0.00889650000000001,-0.003603305555555572,0.001716805555555571,-0.012499805555555582,0,True,True,10.403443,0.5576970399000016,-1.0495662664893355,0.00595983333333335,0.005656396987500031,0.5191761952275179,0.17857142857142858,10.551992522076764,0.9794181456766013,REVIEW,0.350012,"[""PEER_DEVIATION_HIGH""]",REVIEW: 24-hour value is 9.8181; predicted 168-hour value is 10.552 ± 0.979418. The 24-hour value is 1.05 robust deviations from its lot/device/parameter peer median.,0.00889650000000001
L01-C014,LOT-01,SYNTH-SPACE-ASIC-A,LeakageCurrent,uA,125.0,3.3,0.0,20.0,defective,3.962304,4.309094,5.6676,7.43545,0.34678999999999993,0.08752231025181306,0.01444958333333333,0.018868138888888893,0.024553472222222223,0.004418555555555563,0,True,True,4.300483,0.3281772165000001,0.02623887206990234,0.0027300625000000007,0.006139724587499993,1.9088023683005868,0.5357142857142857,6.111579940013049,0.9794181456766013,REVIEW,0.349998,"[""EARLY_DRIFT_ABOVE_PEER_SLOPE""]",REVIEW: 24-hour value is 4.30909; predicted 168-hour value is 6.11158 ± 0.979418. The 0h to 24h slope is 1.91 robust deviations from the peer slope median.,0.01444958333333333
L03-C004,LOT-03,SYNTH-SPACE-ASIC-A,Iddq,uA,125.0,3.3,0.0,50.0,defective,9.528432,9.595828,10.776249,11.753378,0.06739599999999868,0.007073146977382918,0.0028081666666666116,0.016394736111111124,0.013571236111111107,0.013586569444444512,0,True,True,9.170887,0.31588720379999996,1.3452301799127158,0.0020607499999999814,0.006466668775000015,0.11557985922460184,0.8214285714285714,10.21200602345844,0.9794181456766013,REVIEW,0.349638,"[""PEER_DEVIATION_HIGH""]",REVIEW: 24-hour value is 9.59583; predicted 168-hour value is 10.212 ± 0.979418. The 24-hour value is 1.35 robust deviations from its lot/device/parameter peer median.,0.0028081666666666116
L01-C022,LOT-01,SYNTH-SPACE-ASIC-A,LeakageCurrent,uA,125.0,3.3,0.0,20.0,defective,3.921049,4.228133,5.287345,6.511745,0.3070839999999997,0.07831679736723507,0.012795166666666654,0.014711277777777785,0.01700555555555556,0.0019161111111111306,0,True,True,4.300483,0.3281772165000001,-0.22046015494802065,0.0027300625000000007,0.006139724587499993,1.6393413129895813,0.39285714285714285,5.736541035052221,0.9794181456766013,REVIEW,0.348972,"[""EARLY_DRIFT_ABOVE_PEER_SLOPE""]",REVIEW: 24-hour value is 4.22813; predicted 168-hour value is 5.73654 ± 0.979418. The 0h to 24h slope is 1.64 robust deviations from the peer slope median.,0.012795166666666654
L02-C011,LOT-02,SYNTH-SPACE-ASIC-A,LeakageCurrent,uA,125.0,3.3,0.0,20.0,healthy,4.318617,4.33378,4.411895,4.406465,0.01516300000000026,0.003511077736229043,0.0006317916666666775,0.0010849305555555608,-7.541666666667347e-05,0.00045313888888888325,0,True,True,4.7379195,0.3051198212999994,-1.3245271915738406,0.001570395833333312,0.00676093398750001,-0.13882758926532604,0.25,4.615347002955616,0.9794181456766013,REVIEW,0.348762,"[""PEER_DEVIATION_HIGH""]",REVIEW: 24-hour value is 4.33378; predicted 168-hour value is 4.61535 ± 0.979418. The 24-hour value is 1.32 robust deviations from its lot/device/parameter peer median.,0.0006317916666666775
L01-C019,LOT-01,SYNTH-SPACE-ASIC-A,LeakageCurrent,uA,125.0,3.3,0.0,20.0,healthy,4.182472,4.092471,4.266217,4.349287,-0.090001,-0.021518613872370217,-0.0037500416666666667,0.0024131388888888943,0.0011537500000000029,0.006163180555555561,0,True,True,4.300483,0.3281772165000001,-0.633840466496857,0.0027300625000000007,0.006139724587499993,-1.0554389002822147,0.17857142857142858,4.320182511375866,0.9794181456766013,REVIEW,0.344918,"[""EARLY_DRIFT_ABOVE_PEER_SLOPE""]",REVIEW: 24-hour value is 4.09247; predicted 168-hour value is 4.32018 ± 0.979418. The 0h to 24h slope is 1.06 robust deviations from the peer slope median.,-0.0037500416666666667
L02-C004,LOT-02,SYNTH-SPACE-ASIC-A,LeakageCurrent,uA,125.0,3.3,0.0,20.0,defective,4.500558,4.801222,5.95323,7.348141,0.30066400000000026,0.06680593828587483,0.012527666666666678,0.016000111111111104,0.019373763888888895,0.0034724444444444256,0,True,True,4.7379195,0.3051198212999994,0.20746767525718898,0.001570395833333312,0.00676093398750001,1.6206741337205446,0.6428571428571429,6.261101350948701,0.9794181456766013,REVIEW,0.342436,"[""EARLY_DRIFT_ABOVE_PEER_SLOPE""]",REVIEW: 24-hour value is 4.80122; predicted 168-hour value is 6.2611 ± 0.979418. The 0h to 24h slope is 1.62 robust deviations from the peer slope median.,0.012527666666666678
L01-C026,LOT-01,SYNTH-SPACE-ASIC-A,LeakageCurrent,uA,125.0,3.3,0.0,20.0,healthy,4.486357,4.629076,4.725346,5.001506,0.14271900000000048,0.03181177957973485,0.0059466250000000205,0.0013370833333333281,0.003835555555555555,-0.004609541666666692,0,True,True,4.300483,0.3281772165000001,1.0012669480972347,0.0027300625000000007,0.006139724587499993,0.5238936134934609,0.8571428571428571,5.497332810765983,0.9794181456766013,REVIEW,0.339055,"[""PEER_DEVIATION_HIGH""]",REVIEW: 24-hour value is 4.62908; predicted 168-hour value is 5.49733 ± 0.979418. The 24-hour value is 1.00 robust deviations from its lot/device/parameter peer median.,0.0059466250000000205
L04-C015,LOT-04,SYNTH-SPACE-ASIC-A,Iddq,uA,125.0,3.3,0.0,50.0,healthy,8.906081,8.990702,9.010058,8.994624,0.08462100000000028,0.009501485558013707,0.0035258750000000116,0.00026883333333333544,-0.00021436111111112273,-0.0032570416666666763,0,True,True,9.8027045,0.5954343990000007,-1.3637144601717899,0.0034223124999999874,0.008129806212499984,0.012738618522147757,0.10714285714285714,9.412782240637664,0.9794181456766013,REVIEW,0.335645,"[""PEER_DEVIATION_HIGH""]",REVIEW: 24-hour value is 8.9907; predicted 168-hour value is 9.41278 ± 0.979418. The 24-hour value is 1.36 robust deviations from its lot/device/parameter peer median.,0.0035258750000000116
L04-C026,LOT-04,SYNTH-SPACE-ASIC-A,Iddq,uA,125.0,3.3,0.0,50.0,defective,9.872224,10.158067,11.687859,13.270115,0.2858430000000016,0.02895426602962024,0.011910125000000068,0.02124711111111109,0.021975777777777792,0.009336986111111023,0,True,True,9.8027045,0.5954343990000007,0.5968121771211267,0.0034223124999999874,0.008129806212499984,1.0440362633674642,0.75,11.309018590470862,0.9794181456766013,REVIEW,0.333814,"[""EARLY_DRIFT_ABOVE_PEER_SLOPE""]",REVIEW: 24-hour value is 10.1581; predicted 168-hour value is 11.309 ± 0.979418. The 0h to 24h slope is 1.04 robust deviations from the peer slope median.,0.011910125000000068
L03-C003,LOT-03,SYNTH-SPACE-ASIC-A,LeakageCurrent,uA,125.0,3.3,0.0,20.0,healthy,3.8123,3.755002,3.967365,3.979407,-0.05729799999999985,-0.015029772053615888,-0.0023874166666666605,0.0029494861111111093,0.0001672500000000015,0.00533690277777777,0,True,True,3.341222,0.5427309342000002,0.7624035667138133,0.0010181041666666633,0.004231463949999997,-0.8048091330976189,0.7142857142857143,4.130418423179838,0.9794181456766013,REVIEW,0.331231,"[""PEER_DEVIATION_HIGH""]",REVIEW: 24-hour value is 3.755; predicted 168-hour value is 4.13042 ± 0.979418. The 24-hour value is 0.76 robust deviations from its lot/device/parameter peer median.,-0.0023874166666666605
L03-C012,LOT-03,SYNTH-SPACE-ASIC-A,LeakageCurrent,uA,125.0,3.3,0.0,20.0,healthy,3.552601,3.40804,3.251194,3.043389,-0.14456099999999994,-0.04069159469357801,-0.0060233749999999975,-0.0021784166666666705,-0.002886180555555556,0.003844958333333327,0,True,True,3.341222,0.5427309342000002,0.12311441229804149,0.0010181041666666633,0.004231463949999997,-1.664076369282708,0.5714285714285714,3.765236615237516,0.9794181456766013,REVIEW,0.329628,"[""EARLY_DRIFT_ABOVE_PEER_SLOPE""]",REVIEW: 24-hour value is 3.40804; predicted 168-hour value is 3.76524 ± 0.979418. The 0h to 24h slope is 1.66 robust deviations from the peer slope median.,-0.0060233749999999975
L03-C001,LOT-03,SYNTH-SPACE-ASIC-A,LeakageCurrent,uA,125.0,3.3,0.0,20.0,healthy,2.593516,2.616838,2.831098,3.111406,0.023321999999999843,0.008992425726311247,0.0009717499999999935,0.002975833333333332,0.0038931666666666698,0.0020040833333333386,0,True,True,3.341222,0.5427309342000002,-1.3347018832964836,0.0010181041666666633,0.004231463949999997,-0.010954640572246831,0.07142857142857142,2.932722230249455,0.9794181456766013,REVIEW,0.328232,"[""PEER_DEVIATION_HIGH""]",REVIEW: 24-hour value is 2.61684; predicted 168-hour value is 2.93272 ± 0.979418. The 24-hour value is 1.33 robust deviations from its lot/device/parameter peer median.,0.0009717499999999935
L01-C004,LOT-01,SYNTH-SPACE-ASIC-A,LeakageCurrent,uA,125.0,3.3,0.0,20.0,healthy,4.435514,4.591875,5.155126,5.600453,0.15636099999999953,0.03525205872419736,0.006515041666666647,0.007822930555555559,0.0061850972222222194,0.0013078888888889114,0,True,True,4.300483,0.3281772165000001,0.8879105109967316,0.0027300625000000007,0.006139724587499993,0.616473770561724,0.7142857142857143,5.42643374661059,0.9794181456766013,REVIEW,0.32801,"[""PEER_DEVIATION_HIGH""]",REVIEW: 24-hour value is 4.59187; predicted 168-hour value is 5.42643 ± 0.979418. The 24-hour value is 0.89 robust deviations from its lot/device/parameter peer median.,0.006515041666666647
L04-C023,LOT-04,SYNTH-SPACE-ASIC-A,LeakageCurrent,uA,125.0,3.3,0.0,20.0,healthy,3.818696,3.800778,4.242053,4.625505,-0.01791799999999988,-0.004692177643886782,-0.0007465833333333283,0.006128819444444445,0.005325722222222224,0.006875402777777774,0,True,True,4.0562214999999995,0.3065512715999997,-0.8332814888248519,0.0023232916666666528,0.0044775446624999915,-0.6856157182999371,0.21428571428571427,4.069181205970548,0.9794181456766013,REVIEW,0.327102,"[""PEER_DEVIATION_HIGH""]",REVIEW: 24-hour value is 3.80078; predicted 168-hour value is 4.06918 ± 0.979418. The 24-hour value is 0.83 robust deviations from its lot/device/parameter peer median.,-0.0007465833333333283
L05-C003,LOT-05,SYNTH-SPACE-ASIC-A,Iddq,uA,125.0,3.3,0.0,50.0,healthy,9.88907,9.864572,9.83337,10.015987,-0.024497999999999465,-0.0024772804722789366,-0.0010207499999999776,-0.0004333611111111166,0.002536347222222229,0.0005873888888888611,0,True,True,10.3230955,0.4488764237999995,-1.0214916081319942,0.003383416666666713,0.010336656312500045,-0.4260726615569837,0.17857142857142858,10.130945601422265,0.9794181456766013,REVIEW,0.326391,"[""PEER_DEVIATION_HIGH""]",REVIEW: 24-hour value is 9.86457; predicted 168-hour value is 10.1309 ± 0.979418. The 24-hour value is 1.02 robust deviations from its lot/device/parameter peer median.,-0.0010207499999999776
L02-C003,LOT-02,SYNTH-SPACE-ASIC-A,Iddq,uA,125.0,3.3,0.0,50.0,healthy,10.337619,10.617666,10.613928,10.844148,0.2800469999999997,0.027090087185453412,0.011668624999999988,-5.191666666667002e-05,0.0031975000000000137,-0.011720541666666659,0,True,True,10.470457,0.570160516800001,0.25818869539792705,0.0014842708333333565,0.0069718647249999615,1.4607790839869872,0.5714285714285714,11.688036311268554,0.9794181456766013,REVIEW,0.326053,"[""EARLY_DRIFT_ABOVE_PEER_SLOPE""]",REVIEW: 24-hour value is 10.6177; predicted 168-hour value is 11.688 ± 0.979418. The 0h to 24h slope is 1.46 robust deviations from the peer slope median.,0.011668624999999988
L05-C006,LOT-05,SYNTH-SPACE-ASIC-A,Iddq,uA,125.0,3.3,0.0,50.0,healthy,10.764808,10.629323,11.090601,11.340664,-0.13548500000000097,-0.01258591885707585,-0.005645208333333374,0.00640663888888889,0.0034730972222222333,0.012051847222222262,0,True,True,10.3230955,0.4488764237999995,0.6822089193448946,0.003383416666666713,0.010336656312500045,-0.873457018115407,0.75,11.0211151685296,0.9794181456766013,REVIEW,0.323984,"[""WITHIN_CONFIGURED_RISK_POLICY""]","REVIEW: 24-hour value is 10.6293; predicted 168-hour value is 11.0211 ± 0.979418. The early measurements, peer-relative values, forecast, and uncertainty interval are within the configured policy.",-0.005645208333333374
L04-C018,LOT-04,SYNTH-SPACE-ASIC-A,LeakageCurrent,uA,125.0,3.3,0.0,20.0,healthy,4.396294,4.45431,4.702692,4.892055,0.05801600000000029,0.013196569656169558,0.0024173333333333455,0.0034497499999999923,0.002630041666666669,0.0010324166666666468,0,True,True,4.0562214999999995,0.3065512715999997,1.2986033230990564,0.0023232916666666528,0.0044775446624999915,0.02100295446616172,0.8928571428571429,5.114177276157848,0.9794181456766013,REVIEW,0.321217,"[""PEER_DEVIATION_HIGH""]",REVIEW: 24-hour value is 4.45431; predicted 168-hour value is 5.11418 ± 0.979418. The 24-hour value is 1.30 robust deviations from its lot/device/parameter peer median.,0.0024173333333333455
L04-C006,LOT-04,SYNTH-SPACE-ASIC-A,Iddq,uA,125.0,3.3,0.0,50.0,healthy,9.383983,9.332928,9.35491,9.526887,-0.05105499999999985,-0.005440653505020186,-0.0021272916666666606,0.00030530555555554863,0.002388569444444445,0.0024325972222222093,0,True,True,9.8027045,0.5954343990000007,-0.7889643272020626,0.0034223124999999874,0.008129806212499984,-0.6826244096856643,0.25,9.591488977921372,0.9794181456766013,REVIEW,0.31573,"[""PEER_DEVIATION_HIGH""]",REVIEW: 24-hour value is 9.33293; predicted 168-hour value is 9.59149 ± 0.979418. The 24-hour value is 0.79 robust deviations from its lot/device/parameter peer median.,-0.0021272916666666606
L05-C009,LOT-05,SYNTH-SPACE-ASIC-A,Iddq,uA,125.0,3.3,0.0,50.0,healthy,10.760326,10.86668,10.829713,11.086667,0.10635400000000139,0.009883901287005746,0.004431416666666725,-0.0005134305555555644,0.0035688055555555603,-0.00494484722222229,0,True,True,10.3230955,0.4488764237999995,1.2109891969781825,0.003383416666666713,0.010336656312500045,0.10138675102631332,0.8214285714285714,11.553858294108501,0.9794181456766013,REVIEW,0.314269,"[""PEER_DEVIATION_HIGH""]",REVIEW: 24-hour value is 10.8667; predicted 168-hour value is 11.5539 ± 0.979418. The 24-hour value is 1.21 robust deviations from its lot/device/parameter peer median.,0.004431416666666725
L02-C005,LOT-02,SYNTH-SPACE-ASIC-A,LeakageCurrent,uA,125.0,3.3,0.0,20.0,healthy,4.646808,4.867751,4.765383,4.801441,0.2209430000000001,0.047547262550981254,0.009205958333333339,-0.0014217777777777811,0.0005008055555555514,-0.010627736111111119,0,True,True,4.7379195,0.3051198212999994,0.425509884762115,0.001570395833333312,0.00676093398750001,1.129365042480385,0.7142857142857143,5.945703701996553,0.9794181456766013,REVIEW,0.307299,"[""EARLY_DRIFT_ABOVE_PEER_SLOPE""]",REVIEW: 24-hour value is 4.86775; predicted 168-hour value is 5.9457 ± 0.979418. The 0h to 24h slope is 1.13 robust deviations from the peer slope median.,0.009205958333333339
L04-C021,LOT-04,SYNTH-SPACE-ASIC-A,Iddq,uA,125.0,3.3,0.0,50.0,healthy,9.143993,9.361698,9.627523,9.659748,0.21770500000000048,0.023808526537585986,0.009071041666666687,0.0036920138888888823,0.00044756944444444987,-0.0053790277777778055,0,True,True,9.8027045,0.5954343990000007,-0.7406466619003645,0.0034223124999999874,0.008129806212499984,0.6948171972391538,0.2857142857142857,10.123351403112439,0.9794181456766013,REVIEW,0.306114,"[""WITHIN_CONFIGURED_RISK_POLICY""]","REVIEW: 24-hour value is 9.3617; predicted 168-hour value is 10.1234 ± 0.979418. The early measurements, peer-relative values, forecast, and uncertainty interval are within the configured policy.",0.009071041666666687
L04-C001,LOT-04,SYNTH-SPACE-ASIC-A,Iddq,uA,125.0,3.3,0.0,50.0,healthy,9.229215,9.51435,9.54946,9.453639,0.28513500000000036,0.030894826916482102,0.011880625000000014,0.00048763888888888235,-0.001330847222222209,-0.011392986111111131,0,True,True,9.8027045,0.5954343990000007,-0.48427585051229155,0.0034223124999999874,0.008129806212499984,1.0404076405898761,0.39285714285714285,10.525017448574548,0.9794181456766013,REVIEW,0.305652,"[""EARLY_DRIFT_ABOVE_PEER_SLOPE""]",REVIEW: 24-hour value is 9.51435; predicted 168-hour value is 10.525 ± 0.979418. The 0h to 24h slope is 1.04 robust deviations from the peer slope median.,0.011880625000000014
L03-C005,LOT-03,SYNTH-SPACE-ASIC-A,LeakageCurrent,uA,125.0,3.3,0.0,20.0,healthy,3.786675,3.852285,3.805831,4.077194,0.06561000000000039,0.017326546376438535,0.002733750000000016,-0.0006451944444444475,0.003768930555555562,-0.0033789444444444635,0,True,True,3.341222,0.5427309342000002,0.94165076614496,0.0010181041666666633,0.004231463949999997,0.4054497104562014,0.7857142857142857,4.457676233843367,0.9794181456766013,REVIEW,0.303162,"[""PEER_DEVIATION_HIGH""]",REVIEW: 24-hour value is 3.85229; predicted 168-hour value is 4.45768 ± 0.979418. The 24-hour value is 0.94 robust deviations from its lot/device/parameter peer median.,0.002733750000000016
L04-C008,LOT-04,SYNTH-SPACE-ASIC-A,LeakageCurrent,uA,125.0,3.3,0.0,20.0,healthy,3.646308,3.694255,3.905168,4.068556,0.047947000000000184,0.013149465157633471,0.001997791666666674,0.002929347222222224,0.002269277777777776,0.0009315555555555496,0,True,True,4.0562214999999995,0.3065512715999997,-1.1807698533128506,0.0023232916666666528,0.0044775446624999915,-0.07269609228604298,0.10714285714285714,4.066703438044457,0.9794181456766013,REVIEW,0.301718,"[""PEER_DEVIATION_HIGH""]",REVIEW: 24-hour value is 3.69426; predicted 168-hour value is 4.0667 ± 0.979418. The 24-hour value is 1.18 robust deviations from its lot/device/parameter peer median.,0.001997791666666674
L04-C012,LOT-04,SYNTH-SPACE-ASIC-A,LeakageCurrent,uA,125.0,3.3,0.0,20.0,healthy,3.729431,3.882249,4.112077,4.386917,0.1528179999999999,0.04097622398698351,0.006367416666666663,0.003192055555555561,0.003817222222222225,-0.003175361111111102,0,True,True,4.0562214999999995,0.3065512715999997,-0.5675151797347815,0.0023232916666666528,0.0044775446624999915,0.9032014876077223,0.32142857142857145,4.604984415838839,0.9794181456766013,REVIEW,0.301302,"[""WITHIN_CONFIGURED_RISK_POLICY""]","REVIEW: 24-hour value is 3.88225; predicted 168-hour value is 4.60498 ± 0.979418. The early measurements, peer-relative values, forecast, and uncertainty interval are within the configured policy.",0.006367416666666663
L01-C005,LOT-01,SYNTH-SPACE-ASIC-A,Iddq,uA,125.0,3.3,0.0,50.0,healthy,9.777365,9.871927,9.928662,9.97605,0.09456199999999981,0.00967152192845412,0.003940083333333326,0.0007879861111111078,0.0006581666666666881,-0.003152097222222218,0,True,True,10.403443,0.5576970399000016,-0.9530550854193234,0.00595983333333335,0.005656396987500031,-0.3570735937494191,0.21428571428571427,10.329423105001013,0.9794181456766013,REVIEW,0.297242,"[""PEER_DEVIATION_HIGH""]",REVIEW: 24-hour value is 9.87193; predicted 168-hour value is 10.3294 ± 0.979418. The 24-hour value is 0.95 robust deviations from its lot/device/parameter peer median.,0.003940083333333326
L03-C015,LOT-03,SYNTH-SPACE-ASIC-A,Iddq,uA,125.0,3.3,0.0,50.0,healthy,8.803344,8.981683,9.320308,9.509127,0.17833900000000114,0.02025809737754212,0.007430791666666714,0.004703125000000006,0.0026224861111110937,-0.002727666666666708,0,True,True,9.170887,0.31588720379999996,-0.5989606344415024,0.0020607499999999814,0.006466668775000015,0.8304185436908698,0.2857142857142857,9.643201717622263,0.9794181456766013,REVIEW,0.295888,"[""WITHIN_CONFIGURED_RISK_POLICY""]","REVIEW: 24-hour value is 8.98168; predicted 168-hour value is 9.6432 ± 0.979418. The early measurements, peer-relative values, forecast, and uncertainty interval are within the configured policy.",0.007430791666666714
L02-C015,LOT-02,SYNTH-SPACE-ASIC-A,Iddq,uA,125.0,3.3,0.0,50.0,healthy,9.851628,9.857124,10.050225,10.412479,0.0054960000000008336,0.000557877337634027,0.00022900000000003473,0.0026819583333333144,0.005031305555555556,0.0024529583333332797,0,True,True,10.470457,0.570160516800001,-1.0757198752419783,0.0014842708333333565,0.0069718647249999615,-0.1800480764969703,0.07142857142857142,10.162573780408202,0.9794181456766013,REVIEW,0.295362,"[""PEER_DEVIATION_HIGH""]",REVIEW: 24-hour value is 9.85712; predicted 168-hour value is 10.1626 ± 0.979418. The 24-hour value is 1.08 robust deviations from its lot/device/parameter peer median.,0.00022900000000003473
L03-C009,LOT-03,SYNTH-SPACE-ASIC-A,LeakageCurrent,uA,125.0,3.3,0.0,20.0,healthy,3.962437,3.987984,4.204444,4.396726,0.025546999999999986,0.006447294934910003,0.0010644583333333328,0.003006388888888884,0.0026705833333333403,0.0019419305555555511,0,True,True,3.341222,0.5427309342000002,1.191680737626176,0.0010181041666666633,0.004231463949999997,0.010954640572246781,0.8928571428571429,4.570949769667475,0.9794181456766013,REVIEW,0.293272,"[""PEER_DEVIATION_HIGH""]",REVIEW: 24-hour value is 3.98798; predicted 168-hour value is 4.57095 ± 0.979418. The 24-hour value is 1.19 robust deviations from its lot/device/parameter peer median.,0.0010644583333333328
L01-C003,LOT-01,SYNTH-SPACE-ASIC-A,LeakageCurrent,uA,125.0,3.3,0.0,20.0,healthy,4.327069,4.506548,4.741286,5.214223,0.1794790000000006,0.04147819228211998,0.007478291666666692,0.0032602499999999893,0.006568569444444444,-0.004218041666666703,0,True,True,4.300483,0.3281772165000001,0.6279076963284578,0.0027300625000000007,0.006139724587499993,0.7733619153428675,0.6428571428571429,5.396811376850149,0.9794181456766013,REVIEW,0.292694,"[""WITHIN_CONFIGURED_RISK_POLICY""]","REVIEW: 24-hour value is 4.50655; predicted 168-hour value is 5.39681 ± 0.979418. The early measurements, peer-relative values, forecast, and uncertainty interval are within the configured policy.",0.007478291666666692
L04-C017,LOT-04,SYNTH-SPACE-ASIC-A,LeakageCurrent,uA,125.0,3.3,0.0,20.0,healthy,4.167912,4.286554,4.308573,4.340619,0.11864199999999947,0.02846557220977781,0.004943416666666645,0.0003058194444444477,0.00044508333333333666,-0.004637597222222197,0,True,True,4.0562214999999995,0.3065512715999997,0.75136696970074,0.0023232916666666528,0.0044775446624999915,0.5851700423993251,0.7857142857142857,5.038562225465661,0.9794181456766013,REVIEW,0.288998,"[""PEER_DEVIATION_HIGH""]",REVIEW: 24-hour value is 4.28655; predicted 168-hour value is 5.03856 ± 0.979418. The 24-hour value is 0.75 robust deviations from its lot/device/parameter peer median.,0.004943416666666645
L04-C017,LOT-04,SYNTH-SPACE-ASIC-A,Iddq,uA,125.0,3.3,0.0,50.0,healthy,9.134517,9.308968,9.474169,9.920995,0.17445099999999947,0.019097999379715364,0.007268791666666645,0.0022944583333333293,0.0062059166666666625,-0.004974333333333315,0,True,True,9.8027045,0.5954343990000007,-0.8292038565947886,0.0034223124999999874,0.008129806212499984,0.4731329463613171,0.21428571428571427,9.941418575436508,0.9794181456766013,REVIEW,0.287858,"[""PEER_DEVIATION_HIGH""]",REVIEW: 24-hour value is 9.30897; predicted 168-hour value is 9.94142 ± 0.979418. The 24-hour value is 0.83 robust deviations from its lot/device/parameter peer median.,0.007268791666666645
L05-C008,LOT-05,SYNTH-SPACE-ASIC-A,Iddq,uA,125.0,3.3,0.0,50.0,healthy,9.771149,10.023797,10.304642,10.811502,0.25264800000000065,0.025856529257715817,0.010527000000000028,0.003900624999999991,0.007039722222222242,-0.006626375000000037,0,True,True,10.3230955,0.4488764237999995,-0.6667725996082959,0.003383416666666713,0.010336656312500045,0.691092275622498,0.25,10.885984854828788,0.9794181456766013,REVIEW,0.287385,"[""WITHIN_CONFIGURED_RISK_POLICY""]","REVIEW: 24-hour value is 10.0238; predicted 168-hour value is 10.886 ± 0.979418. The early measurements, peer-relative values, forecast, and uncertainty interval are within the configured policy.",0.010527000000000028
L03-C026,LOT-03,SYNTH-SPACE-ASIC-A,LeakageCurrent,uA,125.0,3.3,0.0,20.0,healthy,3.423719,3.554984,3.602798,3.704619,0.13126499999999997,0.03833988712274575,0.0054693749999999985,0.0006640833333333305,0.0014141805555555578,-0.004805291666666668,0,True,True,3.341222,0.5427309342000002,0.39386367448373083,0.0010181041666666633,0.004231463949999997,1.0519458244074933,0.6428571428571429,4.327542359420416,0.9794181456766013,REVIEW,0.285628,"[""EARLY_DRIFT_ABOVE_PEER_SLOPE""]",REVIEW: 24-hour value is 3.55498; predicted 168-hour value is 4.32754 ± 0.979418. The 0h to 24h slope is 1.05 robust deviations from the peer slope median.,0.0054693749999999985
L03-C006,LOT-03,SYNTH-SPACE-ASIC-A,Iddq,uA,125.0,3.3,0.0,50.0,defective,8.800239,8.933965,9.720198,10.521196,0.13372600000000112,0.015195723661596137,0.005571916666666714,0.010919902777777768,0.01112497222222222,0.005347986111111054,0,True,True,9.170887,0.31588720379999996,-0.7500208845116881,0.0020607499999999814,0.006466668775000015,0.54296374050281,0.25,9.46724804993134,0.9794181456766013,REVIEW,0.281072,"[""PEER_DEVIATION_HIGH""]",REVIEW: 24-hour value is 8.93397; predicted 168-hour value is 9.46725 ± 0.979418. The 24-hour value is 0.75 robust deviations from its lot/device/parameter peer median.,0.005571916666666714
L01-C027,LOT-01,SYNTH-SPACE-ASIC-A,Iddq,uA,125.0,3.3,0.0,50.0,healthy,10.515814,10.46956,10.978582,11.438507,-0.04625400000000113,-0.004398518269722261,-0.001927250000000047,0.007069749999999998,0.0063878472222222244,0.008997000000000045,0,True,True,10.403443,0.5576970399000016,0.11855361472217132,0.00595983333333335,0.005656396987500031,-1.3943652382891298,0.5357142857142857,10.892196884407728,0.9794181456766013,REVIEW,0.279966,"[""EARLY_DRIFT_ABOVE_PEER_SLOPE""]",REVIEW: 24-hour value is 10.4696; predicted 168-hour value is 10.8922 ± 0.979418. The 0h to 24h slope is 1.39 robust deviations from the peer slope median.,-0.001927250000000047
L02-C019,LOT-02,SYNTH-SPACE-ASIC-A,Iddq,uA,125.0,3.3,0.0,50.0,healthy,9.951694,10.099578,10.501975,10.856761,0.14788399999999946,0.014860183602912174,0.006161833333333311,0.00558884722222223,0.004927583333333343,-0.0005729861111110806,0,True,True,10.470457,0.570160516800001,-0.6504817311474693,0.0014842708333333565,0.0069718647249999615,0.6709198592489873,0.21428571428571427,10.666047990351814,0.9794181456766013,REVIEW,0.279772,"[""WITHIN_CONFIGURED_RISK_POLICY""]","REVIEW: 24-hour value is 10.0996; predicted 168-hour value is 10.666 ± 0.979418. The early measurements, peer-relative values, forecast, and uncertainty interval are within the configured policy.",0.006161833333333311
L04-C007,LOT-04,SYNTH-SPACE-ASIC-A,LeakageCurrent,uA,125.0,3.3,0.0,20.0,healthy,3.729156,3.856201,4.037635,4.185178,0.12704499999999985,0.03406803040688023,0.005293541666666661,0.002519916666666665,0.00204920833333333,-0.0027736249999999957,0,True,True,4.0562214999999995,0.3065512715999997,-0.652486283798536,0.0023232916666666528,0.0044775446624999915,0.6633658006532533,0.25,4.469170405282016,0.9794181456766013,REVIEW,0.278902,"[""WITHIN_CONFIGURED_RISK_POLICY""]","REVIEW: 24-hour value is 3.8562; predicted 168-hour value is 4.46917 ± 0.979418. The early measurements, peer-relative values, forecast, and uncertainty interval are within the configured policy.",0.005293541666666661
L03-C022,LOT-03,SYNTH-SPACE-ASIC-A,LeakageCurrent,uA,125.0,3.3,0.0,20.0,healthy,3.010463,2.97187,3.227493,3.704497,-0.0385930000000001,-0.01281962276234589,-0.0016080416666666708,0.0035503194444444436,0.006625055555555555,0.005158361111111114,0,True,True,3.341222,0.5427309342000002,-0.6805434824614056,0.0010181041666666633,0.004231463949999997,-0.6206234684649354,0.17857142857142858,3.1966322418102227,0.9794181456766013,REVIEW,0.278067,"[""WITHIN_CONFIGURED_RISK_POLICY""]","REVIEW: 24-hour value is 2.97187; predicted 168-hour value is 3.19663 ± 0.979418. The early measurements, peer-relative values, forecast, and uncertainty interval are within the configured policy.",-0.0016080416666666708
L02-C008,LOT-02,SYNTH-SPACE-ASIC-A,Iddq,uA,125.0,3.3,0.0,50.0,healthy,9.901628,10.007175,10.084339,10.189675,0.10554699999999961,0.010659560225853728,0.0043977916666666506,0.0010717222222222194,0.001462999999999992,-0.003326069444444431,0,True,True,10.470457,0.570160516800001,-0.8125466186261859,0.0014842708333333565,0.0069718647249999615,0.41789692546470203,0.14285714285714285,10.474432763580888,0.9794181456766013,REVIEW,0.273844,"[""PEER_DEVIATION_HIGH""]",REVIEW: 24-hour value is 10.0072; predicted 168-hour value is 10.4744 ± 0.979418. The 24-hour value is 0.81 robust deviations from its lot/device/parameter peer median.,0.0043977916666666506
L05-C020,LOT-05,SYNTH-SPACE-ASIC-A,Iddq,uA,125.0,3.3,0.0,50.0,healthy,9.800495,9.856545,10.215021,10.363949,0.05605000000000082,0.005719098882250419,0.002335416666666701,0.004978833333333327,0.0020684444444444405,0.0026434166666666264,0,True,True,10.3230955,0.4488764237999995,-1.0393740353979377,0.003383416666666713,0.010336656312500045,-0.10138675102631332,0.14285714285714285,10.229712735763744,0.9794181456766013,REVIEW,0.272319,"[""PEER_DEVIATION_HIGH""]",REVIEW: 24-hour value is 9.85655; predicted 168-hour value is 10.2297 ± 0.979418. The 24-hour value is 1.04 robust deviations from its lot/device/parameter peer median.,0.002335416666666701
L01-C024,LOT-01,SYNTH-SPACE-ASIC-A,LeakageCurrent,uA,125.0,3.3,0.0,20.0,healthy,4.035697,4.039819,4.034332,4.147144,0.004121999999999737,0.0010213849057547524,0.00017174999999998905,-7.620833333332744e-05,0.0015668333333333322,-0.0002479583333333165,0,True,True,4.300483,0.3281772165000001,-0.7942781731772052,0.0027300625000000007,0.006139724587499993,-0.41668196407515395,0.14285714285714285,4.335746238926014,0.9794181456766013,REVIEW,0.26916,"[""PEER_DEVIATION_HIGH""]",REVIEW: 24-hour value is 4.03982; predicted 168-hour value is 4.33575 ± 0.979418. The 24-hour value is 0.79 robust deviations from its lot/device/parameter peer median.,0.00017174999999998905
L03-C002,LOT-03,SYNTH-SPACE-ASIC-A,LeakageCurrent,uA,125.0,3.3,0.0,20.0,healthy,3.85828,3.863657,4.337738,4.433198,0.005376999999999743,0.0013936261753941504,0.00022404166666665595,0.006584458333333333,0.0013258333333333347,0.0063604166666666765,0,True,True,3.341222,0.5427309342000002,0.9626040586208391,0.0010181041666666633,0.004231463949999997,-0.18765668557805107,0.8214285714285714,4.359294041840217,0.9794181456766013,REVIEW,0.269081,"[""PEER_DEVIATION_HIGH""]",REVIEW: 24-hour value is 3.86366; predicted 168-hour value is 4.35929 ± 0.979418. The 24-hour value is 0.96 robust deviations from its lot/device/parameter peer median.,0.00022404166666665595
L04-C018,LOT-04,SYNTH-SPACE-ASIC-A,Iddq,uA,125.0,3.3,0.0,50.0,healthy,9.944578,10.15938,10.497306,10.735079,0.2148020000000006,0.02159991102689331,0.008950083333333358,0.00469341666666666,0.0033024027777777873,-0.0042566666666666985,0,True,True,9.8027045,0.5954343990000007,0.5990172898962783,0.0034223124999999874,0.008129806212499984,0.6799388188163877,0.7857142857142857,11.08792519830104,0.9794181456766013,REVIEW,0.268815,"[""WITHIN_CONFIGURED_RISK_POLICY""]","REVIEW: 24-hour value is 10.1594; predicted 168-hour value is 11.0879 ± 0.979418. The early measurements, peer-relative values, forecast, and uncertainty interval are within the configured policy.",0.008950083333333358
L05-C023,LOT-05,SYNTH-SPACE-ASIC-A,Iddq,uA,125.0,3.3,0.0,50.0,healthy,10.133816,10.050275,10.094101,10.094064,-0.08354100000000031,-0.008243784967084493,-0.003480875000000013,0.0006086944444444588,-5.138888888990401e-07,0.004089569444444472,0,True,True,10.3230955,0.4488764237999995,-0.6077853180401362,0.003383416666666713,0.010336656312500045,-0.6640727387216877,0.32142857142857145,10.286964199454927,0.9794181456766013,REVIEW,0.268103,"[""WITHIN_CONFIGURED_RISK_POLICY""]","REVIEW: 24-hour value is 10.0503; predicted 168-hour value is 10.287 ± 0.979418. The early measurements, peer-relative values, forecast, and uncertainty interval are within the configured policy.",-0.003480875000000013
L04-C024,LOT-04,SYNTH-SPACE-ASIC-A,Iddq,uA,125.0,3.3,0.0,50.0,healthy,10.371478,10.452077,10.70897,10.719906,0.08059899999999942,0.0077712164071504,0.0033582916666666427,0.0035679583333333553,0.00015188888888887733,0.00020966666666671257,0,True,True,9.8027045,0.5954343990000007,1.0905861352494644,0.0034223124999999874,0.008129806212499984,-0.007874828951631037,0.9285714285714286,11.15948251264619,0.9794181456766013,REVIEW,0.268005,"[""PEER_DEVIATION_HIGH""]",REVIEW: 24-hour value is 10.4521; predicted 168-hour value is 11.1595 ± 0.979418. The 24-hour value is 1.09 robust deviations from its lot/device/parameter peer median.,0.0033582916666666427
L05-C010,LOT-05,SYNTH-SPACE-ASIC-A,LeakageCurrent,uA,125.0,3.3,0.0,20.0,healthy,4.428653,4.344255,4.611518,4.731476,-0.0843979999999993,-0.019057261880756814,-0.0035165833333333043,0.0037119861111111086,0.0016660833333333274,0.0072285694444444125,0,True,True,4.429527,0.22635595499999983,-0.3767163978522229,0.0018850833333333334,0.005643362462500019,-0.9571716689403804,0.32142857142857145,4.573931293503204,0.9794181456766013,REVIEW,0.264377,"[""WITHIN_CONFIGURED_RISK_POLICY""]","REVIEW: 24-hour value is 4.34426; predicted 168-hour value is 4.57393 ± 0.979418. The early measurements, peer-relative values, forecast, and uncertainty interval are within the configured policy.",-0.0035165833333333043
L01-C007,LOT-01,SYNTH-SPACE-ASIC-A,LeakageCurrent,uA,125.0,3.3,0.0,20.0,healthy,4.396768,4.535176,5.228297,5.632656,0.1384080000000001,0.03147948675026749,0.005767000000000004,0.009626680555555564,0.005616097222222215,0.0038596805555555598,0,True,True,4.300483,0.3281772165000001,0.7151410524563334,0.0027300625000000007,0.006139724587499993,0.4946374151998567,0.6785714285714286,5.286356355817079,0.9794181456766013,REVIEW,0.263847,"[""WITHIN_CONFIGURED_RISK_POLICY""]","REVIEW: 24-hour value is 4.53518; predicted 168-hour value is 5.28636 ± 0.979418. The early measurements, peer-relative values, forecast, and uncertainty interval are within the configured policy.",0.005767000000000004
L04-C005,LOT-04,SYNTH-SPACE-ASIC-A,LeakageCurrent,uA,125.0,3.3,0.0,20.0,healthy,4.082365,4.218152,4.485532,4.717336,0.13578699999999966,0.033261846993103174,0.005657791666666652,0.0037136111111111137,0.003219500000000005,-0.0019441805555555384,0,True,True,4.0562214999999995,0.3065512715999997,0.5282330070099784,0.0023232916666666528,0.0044775446624999915,0.7447161896400192,0.7142857142857143,4.991356131107568,0.9794181456766013,REVIEW,0.263173,"[""WITHIN_CONFIGURED_RISK_POLICY""]","REVIEW: 24-hour value is 4.21815; predicted 168-hour value is 4.99136 ± 0.979418. The early measurements, peer-relative values, forecast, and uncertainty interval are within the configured policy.",0.005657791666666652
L03-C022,LOT-03,SYNTH-SPACE-ASIC-A,Iddq,uA,125.0,3.3,0.0,50.0,healthy,8.982178,9.221506,9.091996,9.007499,0.23932800000000043,0.026644762550909196,0.009972000000000017,-0.0017987499999999972,-0.0011735694444444543,-0.011770750000000014,0,True,True,9.170887,0.31588720379999996,0.16024390792369067,0.0020607499999999814,0.006466668775000015,1.223388776395157,0.5714285714285714,10.157831930719304,0.9794181456766013,REVIEW,0.259381,"[""EARLY_DRIFT_ABOVE_PEER_SLOPE""]",REVIEW: 24-hour value is 9.22151; predicted 168-hour value is 10.1578 ± 0.979418. The 0h to 24h slope is 1.22 robust deviations from the peer slope median.,0.009972000000000017
L02-C012,LOT-02,SYNTH-SPACE-ASIC-A,Iddq,uA,125.0,3.3,0.0,50.0,healthy,9.887845,9.961,9.976414,10.29214,0.07315499999999986,0.007398477625812284,0.003048124999999994,0.00021408333333333078,0.004385083333333329,-0.002834041666666663,0,True,True,10.470457,0.570160516800001,-0.8935325842261101,0.0014842708333333565,0.0069718647249999615,0.2243093101131055,0.10714285714285714,10.366151160171505,0.9794181456766013,REVIEW,0.258795,"[""PEER_DEVIATION_HIGH""]",REVIEW: 24-hour value is 9.961; predicted 168-hour value is 10.3662 ± 0.979418. The 24-hour value is 0.89 robust deviations from its lot/device/parameter peer median.,0.003048124999999994
L01-C015,LOT-01,SYNTH-SPACE-ASIC-A,LeakageCurrent,uA,125.0,3.3,0.0,20.0,healthy,4.562059,4.601245,4.727921,5.109956,0.03918599999999994,0.008589542572772502,0.0016327499999999977,0.0017593888888888982,0.005306041666666668,0.00012663888888890052,0,True,True,4.300483,0.3281772165000001,0.9164621578780429,0.0027300625000000007,0.006139724587499993,-0.17872340759942992,0.8214285714285714,5.167503597602367,0.9794181456766013,REVIEW,0.256194,"[""PEER_DEVIATION_HIGH""]",REVIEW: 24-hour value is 4.60124; predicted 168-hour value is 5.1675 ± 0.979418. The 24-hour value is 0.92 robust deviations from its lot/device/parameter peer median.,0.0016327499999999977
L05-C004,LOT-05,SYNTH-SPACE-ASIC-A,Iddq,uA,125.0,3.3,0.0,50.0,healthy,9.807171,9.984183,10.251837,10.594779,0.1770119999999995,0.01804924172322472,0.007375499999999979,0.0037174166666666705,0.004763083333333344,-0.0036580833333333088,0,True,True,10.3230955,0.4488764237999995,-0.7550240601431236,0.003383416666666713,0.010336656312500045,0.386206449420754,0.21428571428571427,10.618677958570549,0.9794181456766013,REVIEW,0.254079,"[""PEER_DEVIATION_HIGH""]",REVIEW: 24-hour value is 9.98418; predicted 168-hour value is 10.6187 ± 0.979418. The 24-hour value is 0.76 robust deviations from its lot/device/parameter peer median.,0.007375499999999979
L05-C018,LOT-05,SYNTH-SPACE-ASIC-A,Iddq,uA,125.0,3.3,0.0,50.0,healthy,10.258014,10.13392,10.428506,10.831346,-0.12409399999999948,-0.01209727340984322,-0.005170583333333312,0.004091472222222232,0.005594999999999992,0.009262055555555544,0,True,True,10.3230955,0.4488764237999995,-0.42144227223724656,0.003383416666666713,0.010336656312500045,-0.8275403323273633,0.39285714285714285,10.37330886218555,0.9794181456766013,REVIEW,0.251976,"[""WITHIN_CONFIGURED_RISK_POLICY""]","REVIEW: 24-hour value is 10.1339; predicted 168-hour value is 10.3733 ± 0.979418. The early measurements, peer-relative values, forecast, and uncertainty interval are within the configured policy.",-0.005170583333333312
L03-C028,LOT-03,SYNTH-SPACE-ASIC-A,Iddq,uA,125.0,3.3,0.0,50.0,healthy,9.395142,9.340753,9.800958,10.461777,-0.054389000000000465,-0.005789055663022492,-0.0022662083333333527,0.006391736111111114,0.009178041666666668,0.008657944444444466,0,True,True,9.170887,0.31588720379999996,0.5377425801253649,0.0020607499999999814,0.006466668775000015,-0.669117049888383,0.75,9.76103818322739,0.9794181456766013,REVIEW,0.251889,"[""WITHIN_CONFIGURED_RISK_POLICY""]","REVIEW: 24-hour value is 9.34075; predicted 168-hour value is 9.76104 ± 0.979418. The early measurements, peer-relative values, forecast, and uncertainty interval are within the configured policy.",-0.0022662083333333527
L04-C005,LOT-04,SYNTH-SPACE-ASIC-A,Iddq,uA,125.0,3.3,0.0,50.0,healthy,10.165156,10.116751,10.484986,10.217221,-0.04840499999999892,-0.004761855105814306,-0.002016874999999955,0.00511437499999998,-0.0037189583333333185,0.0071312499999999345,0,True,True,9.8027045,0.5954343990000007,0.5274241806106998,0.0034223124999999874,0.008129806212499984,-0.6690427001368027,0.7142857142857143,10.527334142010647,0.9794181456766013,REVIEW,0.249354,"[""WITHIN_CONFIGURED_RISK_POLICY""]","REVIEW: 24-hour value is 10.1168; predicted 168-hour value is 10.5273 ± 0.979418. The early measurements, peer-relative values, forecast, and uncertainty interval are within the configured policy.",-0.002016874999999955
L01-C009,LOT-01,SYNTH-SPACE-ASIC-A,Iddq,uA,125.0,3.3,0.0,50.0,healthy,10.73571,10.833436,10.790191,10.891318,0.09772600000000153,0.009102891192105743,0.004071916666666731,-0.0006006250000000089,0.0014045416666666661,-0.00467254166666674,0,True,True,10.403443,0.5576970399000016,0.7710153887083598,0.00595983333333335,0.005656396987500031,-0.33376664877636636,0.8571428571428571,11.531901624589661,0.9794181456766013,REVIEW,0.248548,"[""PEER_DEVIATION_HIGH""]",REVIEW: 24-hour value is 10.8334; predicted 168-hour value is 11.5319 ± 0.979418. The 24-hour value is 0.77 robust deviations from its lot/device/parameter peer median.,0.004071916666666731
L04-C016,LOT-04,SYNTH-SPACE-ASIC-A,LeakageCurrent,uA,125.0,3.3,0.0,20.0,healthy,4.125905,4.041113,4.293296,4.506808,-0.0847920000000002,-0.020551127570799667,-0.0035330000000000084,0.003502541666666661,0.002965444444444453,0.007035541666666669,0,True,True,4.0562214999999995,0.3065512715999997,-0.049285393341031304,0.0023232916666666528,0.0044775446624999915,-1.3079247909493459,0.42857142857142855,4.335985215466851,0.9794181456766013,REVIEW,0.247474,"[""EARLY_DRIFT_ABOVE_PEER_SLOPE""]",REVIEW: 24-hour value is 4.04111; predicted 168-hour value is 4.33599 ± 0.979418. The 0h to 24h slope is 1.31 robust deviations from the peer slope median.,-0.0035330000000000084
L05-C020,LOT-05,SYNTH-SPACE-ASIC-A,LeakageCurrent,uA,125.0,3.3,0.0,20.0,healthy,4.535964,4.410732,4.623793,4.772158,-0.12523199999999957,-0.02760868472501095,-0.005217999999999982,0.0029591805555555517,0.0020606250000000013,0.008177180555555535,0,True,True,4.429527,0.22635595499999983,-0.08303293809964005,0.0018850833333333334,0.005643362462500019,-1.2586615480634284,0.4642857142857143,4.680369387133665,0.9794181456766013,REVIEW,0.246856,"[""EARLY_DRIFT_ABOVE_PEER_SLOPE""]",REVIEW: 24-hour value is 4.41073; predicted 168-hour value is 4.68037 ± 0.979418. The 0h to 24h slope is 1.26 robust deviations from the peer slope median.,-0.005217999999999982
L01-C001,LOT-01,SYNTH-SPACE-ASIC-A,Iddq,uA,125.0,3.3,0.0,50.0,defective,10.367485,10.623714,11.634959,12.630305,0.2562289999999994,0.02471467284495703,0.010676208333333307,0.014045069444444454,0.013824249999999995,0.003368861111111147,0,True,True,10.403443,0.5576970399000016,0.3949653382408058,0.00595983333333335,0.005656396987500031,0.8338125860724749,0.6785714285714286,11.617924559039867,0.9794181456766013,REVIEW,0.246633,"[""WITHIN_CONFIGURED_RISK_POLICY""]","REVIEW: 24-hour value is 10.6237; predicted 168-hour value is 11.6179 ± 0.979418. The early measurements, peer-relative values, forecast, and uncertainty interval are within the configured policy.",0.010676208333333307
L01-C027,LOT-01,SYNTH-SPACE-ASIC-A,LeakageCurrent,uA,125.0,3.3,0.0,20.0,healthy,4.228729,4.173001,4.633095,4.912028,-0.05572800000000022,-0.013178427844394904,-0.0023220000000000094,0.006390194444444441,0.003874069444444449,0.008712194444444451,0,True,True,4.300483,0.3281772165000001,-0.38845475429279114,0.0027300625000000007,0.006139724587499993,-0.8228483913245263,0.2857142857142857,4.414601116245656,0.9794181456766013,REVIEW,0.243068,"[""WITHIN_CONFIGURED_RISK_POLICY""]","REVIEW: 24-hour value is 4.173; predicted 168-hour value is 4.4146 ± 0.979418. The early measurements, peer-relative values, forecast, and uncertainty interval are within the configured policy.",-0.0023220000000000094
L02-C013,LOT-02,SYNTH-SPACE-ASIC-A,LeakageCurrent,uA,125.0,3.3,0.0,20.0,healthy,4.44921,4.621972,4.978609,5.20388,0.17276200000000053,0.03882981473115464,0.007198416666666689,0.004953291666666655,0.003128763888888892,-0.0022451250000000336,0,True,True,4.7379195,0.3051198212999994,-0.38000644961704455,0.001570395833333312,0.00676093398750001,0.8324324484958402,0.32142857142857145,5.3774448188308535,0.9794181456766013,REVIEW,0.242728,"[""WITHIN_CONFIGURED_RISK_POLICY""]","REVIEW: 24-hour value is 4.62197; predicted 168-hour value is 5.37744 ± 0.979418. The early measurements, peer-relative values, forecast, and uncertainty interval are within the configured policy.",0.007198416666666689
L04-C013,LOT-04,SYNTH-SPACE-ASIC-A,LeakageCurrent,uA,125.0,3.3,0.0,20.0,healthy,4.146289,4.058452,4.319367,4.631414,-0.08783700000000039,-0.021184485693110242,-0.003659875000000016,0.0036238194444444417,0.00433398611111112,0.007283694444444457,0,True,True,4.0562214999999995,0.3065512715999997,0.007276107479048117,0.0023232916666666528,0.0044775446624999915,-1.3362606333726728,0.5357142857142857,4.382496830625071,0.9794181456766013,REVIEW,0.242306,"[""EARLY_DRIFT_ABOVE_PEER_SLOPE""]",REVIEW: 24-hour value is 4.05845; predicted 168-hour value is 4.3825 ± 0.979418. The 0h to 24h slope is 1.34 robust deviations from the peer slope median.,-0.003659875000000016
L04-C002,LOT-04,SYNTH-SPACE-ASIC-A,Iddq,uA,125.0,3.3,0.0,50.0,healthy,9.937729,9.772406,9.861615,10.12374,-0.165322999999999,-0.01663589337161428,-0.006888458333333292,0.0012390138888888932,0.00364062499999999,0.008127472222222185,0,True,True,9.8027045,0.5954343990000007,-0.05088469871892745,0.0034223124999999874,0.008129806212499984,-1.2682677254323667,0.5,10.082114837912515,0.9794181456766013,REVIEW,0.240727,"[""EARLY_DRIFT_ABOVE_PEER_SLOPE""]",REVIEW: 24-hour value is 9.77241; predicted 168-hour value is 10.0821 ± 0.979418. The 0h to 24h slope is 1.27 robust deviations from the peer slope median.,-0.006888458333333292
L01-C005,LOT-01,SYNTH-SPACE-ASIC-A,LeakageCurrent,uA,125.0,3.3,0.0,20.0,healthy,4.348378,4.248573,4.145825,4.143885,-0.09980499999999992,-0.022952236443105893,-0.004158541666666664,-0.0014270555555555564,-2.6944444444448263e-05,0.0027314861111111073,0,True,True,4.300483,0.3281772165000001,-0.15817673314929662,0.0027300625000000007,0.006139724587499993,-1.1219728293173497,0.42857142857142855,4.504173983102717,0.9794181456766013,REVIEW,0.240621,"[""EARLY_DRIFT_ABOVE_PEER_SLOPE""]",REVIEW: 24-hour value is 4.24857; predicted 168-hour value is 4.50417 ± 0.979418. The 0h to 24h slope is 1.12 robust deviations from the peer slope median.,-0.004158541666666664
L05-C014,LOT-05,SYNTH-SPACE-ASIC-A,Iddq,uA,125.0,3.3,0.0,50.0,healthy,9.840319,10.041245,9.752071,10.0426,0.20092600000000083,0.020418646997114712,0.008371916666666701,-0.004016305555555544,0.004035124999999991,-0.012388222222222245,0,True,True,10.3230955,0.4488764237999995,-0.627902213295082,0.003383416666666713,0.010336656312500045,0.4826028697469055,0.2857142857142857,10.744363888461741,0.9794181456766013,REVIEW,0.240356,"[""WITHIN_CONFIGURED_RISK_POLICY""]","REVIEW: 24-hour value is 10.0412; predicted 168-hour value is 10.7444 ± 0.979418. The early measurements, peer-relative values, forecast, and uncertainty interval are within the configured policy.",0.008371916666666701
L02-C014,LOT-02,SYNTH-SPACE-ASIC-A,Iddq,uA,125.0,3.3,0.0,50.0,healthy,10.769078,10.868714,10.996531,10.92958,0.09963600000000028,0.009252045532588795,0.004151500000000012,0.0017752361111110905,-0.0009298749999999936,-0.0023762638888889217,0,True,True,10.470457,0.570160516800001,0.6984997878057211,0.0014842708333333565,0.0069718647249999615,0.3825704129201489,0.7142857142857143,11.466348425330835,0.9794181456766013,REVIEW,0.239607,"[""WITHIN_CONFIGURED_RISK_POLICY""]","REVIEW: 24-hour value is 10.8687; predicted 168-hour value is 11.4663 ± 0.979418. The early measurements, peer-relative values, forecast, and uncertainty interval are within the configured policy.",0.004151500000000012
L04-C022,LOT-04,SYNTH-SPACE-ASIC-A,LeakageCurrent,uA,125.0,3.3,0.0,20.0,healthy,3.7057,3.763155,4.229883,4.726644,0.05745499999999959,0.015504493078230722,0.002393958333333316,0.0064823333333333365,0.006899458333333336,0.004088375000000021,0,True,True,4.0562214999999995,0.3065512715999997,-0.956011366289175,0.0023232916666666528,0.0044775446624999915,0.015782459359591806,0.17857142857142858,4.154440726771455,0.9794181456766013,REVIEW,0.236533,"[""PEER_DEVIATION_HIGH""]",REVIEW: 24-hour value is 3.76315; predicted 168-hour value is 4.15444 ± 0.979418. The 24-hour value is 0.96 robust deviations from its lot/device/parameter peer median.,0.002393958333333316
L02-C025,LOT-02,SYNTH-SPACE-ASIC-A,Iddq,uA,125.0,3.3,0.0,50.0,healthy,10.863224,10.823891,11.134655,11.569601,-0.03933300000000095,-0.0036207483156014226,-0.0016388750000000396,0.0043161666666666765,0.0060409166666666675,0.005955041666666716,0,True,True,10.470457,0.570160516800001,0.6198850842629926,0.0014842708333333565,0.0069718647249999615,-0.4479642042012531,0.6428571428571429,11.1978335775845,0.9794181456766013,REVIEW,0.232161,"[""WITHIN_CONFIGURED_RISK_POLICY""]","REVIEW: 24-hour value is 10.8239; predicted 168-hour value is 11.1978 ± 0.979418. The early measurements, peer-relative values, forecast, and uncertainty interval are within the configured policy.",-0.0016388750000000396
L03-C027,LOT-03,SYNTH-SPACE-ASIC-A,Iddq,uA,125.0,3.3,0.0,50.0,healthy,9.339493,9.245955,9.157494,9.270749,-0.09353799999999879,-0.01001531881869806,-0.0038974166666666163,-0.001228625000000008,0.0015729861111111187,0.0026687916666666084,0,True,True,9.170887,0.31588720379999996,0.2376417882616362,0.0020607499999999814,0.006466668775000015,-0.9213656789877234,0.6428571428571429,9.598489172355603,0.9794181456766013,REVIEW,0.223936,"[""WITHIN_CONFIGURED_RISK_POLICY""]","REVIEW: 24-hour value is 9.24596; predicted 168-hour value is 9.59849 ± 0.979418. The early measurements, peer-relative values, forecast, and uncertainty interval are within the configured policy.",-0.0038974166666666163
L03-C012,LOT-03,SYNTH-SPACE-ASIC-A,Iddq,uA,125.0,3.3,0.0,50.0,healthy,9.211996,9.11039,9.226793,9.232579,-0.10160599999999853,-0.011029748601714389,-0.004233583333333272,0.0016167083333333337,8.036111111109356e-05,0.005850291666666606,0,True,True,9.170887,0.31588720379999996,-0.19151456365514166,0.0020607499999999814,0.006466668775000015,-0.9733501981216349,0.42857142857142855,9.386731117199547,0.9794181456766013,REVIEW,0.222018,"[""WITHIN_CONFIGURED_RISK_POLICY""]","REVIEW: 24-hour value is 9.11039; predicted 168-hour value is 9.38673 ± 0.979418. The early measurements, peer-relative values, forecast, and uncertainty interval are within the configured policy.",-0.004233583333333272
L05-C002,LOT-05,SYNTH-SPACE-ASIC-A,Iddq,uA,125.0,3.3,0.0,50.0,healthy,9.902187,10.153301,9.811884,9.926358,0.25111400000000117,0.02535944837236473,0.010463083333333381,-0.004741902777777801,0.0015899166666666848,-0.015204986111111183,0,True,True,10.3230955,0.4488764237999995,-0.37826557822438317,0.003383416666666713,0.010336656312500045,0.6849087802315027,0.42857142857142855,11.032030251129708,0.9794181456766013,REVIEW,0.215748,"[""WITHIN_CONFIGURED_RISK_POLICY""]","REVIEW: 24-hour value is 10.1533; predicted 168-hour value is 11.032 ± 0.979418. The early measurements, peer-relative values, forecast, and uncertainty interval are within the configured policy.",0.010463083333333381
L01-C012,LOT-01,SYNTH-SPACE-ASIC-A,Iddq,uA,125.0,3.3,0.0,50.0,healthy,10.586295,10.770243,10.873886,10.673922,0.1839480000000009,0.01737605082798098,0.007664500000000037,0.0014394861111111101,-0.002777277777777797,-0.006225013888888927,0,True,True,10.403443,0.5576970399000016,0.6577047639804054,0.00595983333333335,0.005656396987500031,0.3013697006122093,0.7857142857142857,11.60387298869253,0.9794181456766013,REVIEW,0.215019,"[""WITHIN_CONFIGURED_RISK_POLICY""]","REVIEW: 24-hour value is 10.7702; predicted 168-hour value is 11.6039 ± 0.979418. The early measurements, peer-relative values, forecast, and uncertainty interval are within the configured policy.",0.007664500000000037
L01-C002,LOT-01,SYNTH-SPACE-ASIC-A,Iddq,uA,125.0,3.3,0.0,50.0,healthy,10.573275,10.629881,10.549634,11.183613,0.0566059999999986,0.00535368653515572,0.002358583333333275,-0.001114541666666666,0.00880526388888889,-0.003473124999999941,0,True,True,10.403443,0.5576970399000016,0.40602331337566644,0.00595983333333335,0.005656396987500031,-0.6366685379329655,0.7142857142857143,11.182385580234051,0.9794181456766013,REVIEW,0.21385,"[""WITHIN_CONFIGURED_RISK_POLICY""]","REVIEW: 24-hour value is 10.6299; predicted 168-hour value is 11.1824 ± 0.979418. The early measurements, peer-relative values, forecast, and uncertainty interval are within the configured policy.",0.002358583333333275
L05-C025,LOT-05,SYNTH-SPACE-ASIC-A,Iddq,uA,125.0,3.3,0.0,50.0,healthy,10.564182,10.434549,10.583512,10.635084,-0.1296330000000001,-0.012270992680739513,-0.005401375000000004,0.0020689305555555582,0.0007162777777777802,0.0074703055555555625,0,True,True,10.3230955,0.4488764237999995,0.24829439482804885,0.003383416666666713,0.010336656312500045,-0.8498678297007255,0.6071428571428571,10.749061457333362,0.9794181456766013,REVIEW,0.21367,"[""WITHIN_CONFIGURED_RISK_POLICY""]","REVIEW: 24-hour value is 10.4345; predicted 168-hour value is 10.7491 ± 0.979418. The early measurements, peer-relative values, forecast, and uncertainty interval are within the configured policy.",-0.005401375000000004
L03-C010,LOT-03,SYNTH-SPACE-ASIC-A,LeakageCurrent,uA,125.0,3.3,0.0,20.0,healthy,3.104404,3.076448,3.377059,3.644289,-0.027956000000000092,-0.009005271221142638,-0.0011648333333333372,0.004175152777777778,0.003711527777777779,0.005339986111111115,0,True,True,3.341222,0.5427309342000002,-0.48785500017662337,0.0010181041666666633,0.004231463949999997,-0.5158823342923676,0.25,3.3133513115809548,0.9794181456766013,REVIEW,0.212112,"[""WITHIN_CONFIGURED_RISK_POLICY""]","REVIEW: 24-hour value is 3.07645; predicted 168-hour value is 3.31335 ± 0.979418. The early measurements, peer-relative values, forecast, and uncertainty interval are within the configured policy.",-0.0011648333333333372
L05-C011,LOT-05,SYNTH-SPACE-ASIC-A,LeakageCurrent,uA,125.0,3.3,0.0,20.0,healthy,4.559523,4.536249,4.856718,4.8751,-0.023274000000000683,-0.005104481324033387,-0.0009697500000000284,0.0044509583333333345,0.00025530555555555414,0.005420708333333363,0,True,True,4.429527,0.22635595499999983,0.4714786496339344,0.0018850833333333334,0.005643362462500019,-0.5058745299993838,0.6785714285714286,4.916549303688918,0.9794181456766013,REVIEW,0.206308,"[""WITHIN_CONFIGURED_RISK_POLICY""]","REVIEW: 24-hour value is 4.53625; predicted 168-hour value is 4.91655 ± 0.979418. The early measurements, peer-relative values, forecast, and uncertainty interval are within the configured policy.",-0.0009697500000000284
L01-C018,LOT-01,SYNTH-SPACE-ASIC-A,LeakageCurrent,uA,125.0,3.3,0.0,20.0,healthy,4.186602,4.166009,3.973964,3.973157,-0.02059299999999986,-0.004918786165964632,-0.0008580416666666609,-0.0026672916666666637,-1.1208333333333363e-05,-0.0018092500000000027,0,True,True,4.300483,0.3281772165000001,-0.40976031619184616,0.0027300625000000007,0.006139724587499993,-0.5844079999894076,0.25,4.434632580868161,0.9794181456766013,REVIEW,0.205357,"[""WITHIN_CONFIGURED_RISK_POLICY""]","REVIEW: 24-hour value is 4.16601; predicted 168-hour value is 4.43463 ± 0.979418. The early measurements, peer-relative values, forecast, and uncertainty interval are within the configured policy.",-0.0008580416666666609
L01-C023,LOT-01,SYNTH-SPACE-ASIC-A,LeakageCurrent,uA,125.0,3.3,0.0,20.0,healthy,4.065915,4.291325,4.644192,5.158107,0.22540999999999922,0.05543893563933314,0.009392083333333301,0.0049009305555555655,0.007137708333333332,-0.0044911527777777354,0,True,True,4.300483,0.3281772165000001,-0.027905654443870324,0.0027300625000000007,0.006139724587499993,1.085068350931679,0.4642857142857143,5.335012017444827,0.9794181456766013,REVIEW,0.202134,"[""EARLY_DRIFT_ABOVE_PEER_SLOPE""]",REVIEW: 24-hour value is 4.29132; predicted 168-hour value is 5.33501 ± 0.979418. The 0h to 24h slope is 1.09 robust deviations from the peer slope median.,0.009392083333333301
L01-C022,LOT-01,SYNTH-SPACE-ASIC-A,Iddq,uA,125.0,3.3,0.0,50.0,defective,9.995607,10.235342,11.694315,13.116803,0.2397349999999996,0.023984036187096953,0.009988958333333317,0.020263513888888893,0.019756777777777797,0.010274555555555577,0,True,True,10.403443,0.5576970399000016,-0.3014199251086962,0.00595983333333335,0.005656396987500031,0.7123129810202249,0.35714285714285715,11.069733840636792,0.9794181456766013,REVIEW,0.201897,"[""WITHIN_CONFIGURED_RISK_POLICY""]","REVIEW: 24-hour value is 10.2353; predicted 168-hour value is 11.0697 ± 0.979418. The early measurements, peer-relative values, forecast, and uncertainty interval are within the configured policy.",0.009988958333333317
