component_id,lot_id,device_type,parameter,time_hours,value,unit,temperature_c,voltage_v,spec_min,spec_max,label,data_origin
L01-C001,LOT-01,SYNTH-SPACE-ASIC-A,Iddq,0,10.367485,uA,125.0,3.3,0.0,50.0,defective,SYNTHETIC_DEMONSTRATION_ONLY
L01-C001,LOT-01,SYNTH-SPACE-ASIC-A,Iddq,24,10.623714,uA,125.0,3.3,0.0,50.0,defective,SYNTHETIC_DEMONSTRATION_ONLY
L01-C001,LOT-01,SYNTH-SPACE-ASIC-A,Iddq,96,11.634959,uA,125.0,3.3,0.0,50.0,defective,SYNTHETIC_DEMONSTRATION_ONLY
L01-C001,LOT-01,SYNTH-SPACE-ASIC-A,Iddq,168,12.630305,uA,125.0,3.3,0.0,50.0,defective,SYNTHETIC_DEMONSTRATION_ONLY
L01-C001,LOT-01,SYNTH-SPACE-ASIC-A,LeakageCurrent,0,4.318069,uA,125.0,3.3,0.0,20.0,defective,SYNTHETIC_DEMONSTRATION_ONLY
L01-C001,LOT-01,SYNTH-SPACE-ASIC-A,LeakageCurrent,24,4.689079,uA,125.0,3.3,0.0,20.0,defective,SYNTHETIC_DEMONSTRATION_ONLY
L01-C001,LOT-01,SYNTH-SPACE-ASIC-A,LeakageCurrent,96,6.14433,uA,125.0,3.3,0.0,20.0,defective,SYNTHETIC_DEMONSTRATION_ONLY
L01-C001,LOT-01,SYNTH-SPACE-ASIC-A,LeakageCurrent,168,7.771237,uA,125.0,3.3,0.0,20.0,defective,SYNTHETIC_DEMONSTRATION_ONLY
L01-C002,LOT-01,SYNTH-SPACE-ASIC-A,Iddq,0,10.573275,uA,125.0,3.3,0.0,50.0,healthy,SYNTHETIC_DEMONSTRATION_ONLY
L01-C002,LOT-01,SYNTH-SPACE-ASIC-A,Iddq,24,10.629881,uA,125.0,3.3,0.0,50.0,healthy,SYNTHETIC_DEMONSTRATION_ONLY
L01-C002,LOT-01,SYNTH-SPACE-ASIC-A,Iddq,96,10.549634,uA,125.0,3.3,0.0,50.0,healthy,SYNTHETIC_DEMONSTRATION_ONLY
L01-C002,LOT-01,SYNTH-SPACE-ASIC-A,Iddq,168,11.183613,uA,125.0,3.3,0.0,50.0,healthy,SYNTHETIC_DEMONSTRATION_ONLY
L01-C002,LOT-01,SYNTH-SPACE-ASIC-A,LeakageCurrent,0,3.800814,uA,125.0,3.3,0.0,20.0,healthy,SYNTHETIC_DEMONSTRATION_ONLY
L01-C002,LOT-01,SYNTH-SPACE-ASIC-A,LeakageCurrent,24,4.013965,uA,125.0,3.3,0.0,20.0,healthy,SYNTHETIC_DEMONSTRATION_ONLY
L01-C002,LOT-01,SYNTH-SPACE-ASIC-A,LeakageCurrent,96,4.054251,uA,125.0,3.3,0.0,20.0,healthy,SYNTHETIC_DEMONSTRATION_ONLY
L01-C002,LOT-01,SYNTH-SPACE-ASIC-A,LeakageCurrent,168,4.26372,uA,125.0,3.3,0.0,20.0,healthy,SYNTHETIC_DEMONSTRATION_ONLY
L01-C003,LOT-01,SYNTH-SPACE-ASIC-A,Iddq,0,10.830148,uA,125.0,3.3,0.0,50.0,healthy,SYNTHETIC_DEMONSTRATION_ONLY
L01-C003,LOT-01,SYNTH-SPACE-ASIC-A,Iddq,24,11.051686,uA,125.0,3.3,0.0,50.0,healthy,SYNTHETIC_DEMONSTRATION_ONLY
L01-C003,LOT-01,SYNTH-SPACE-ASIC-A,Iddq,96,11.068096,uA,125.0,3.3,0.0,50.0,healthy,SYNTHETIC_DEMONSTRATION_ONLY
L01-C003,LOT-01,SYNTH-SPACE-ASIC-A,Iddq,168,11.251149,uA,125.0,3.3,0.0,50.0,healthy,SYNTHETIC_DEMONSTRATION_ONLY
L01-C003,LOT-01,SYNTH-SPACE-ASIC-A,LeakageCurrent,0,4.327069,uA,125.0,3.3,0.0,20.0,healthy,SYNTHETIC_DEMONSTRATION_ONLY
L01-C003,LOT-01,SYNTH-SPACE-ASIC-A,LeakageCurrent,24,4.506548,uA,125.0,3.3,0.0,20.0,healthy,SYNTHETIC_DEMONSTRATION_ONLY
L01-C003,LOT-01,SYNTH-SPACE-ASIC-A,LeakageCurrent,96,4.741286,uA,125.0,3.3,0.0,20.0,healthy,SYNTHETIC_DEMONSTRATION_ONLY
L01-C003,LOT-01,SYNTH-SPACE-ASIC-A,LeakageCurrent,168,5.214223,uA,125.0,3.3,0.0,20.0,healthy,SYNTHETIC_DEMONSTRATION_ONLY
L01-C004,LOT-01,SYNTH-SPACE-ASIC-A,Iddq,0,10.39249,uA,125.0,3.3,0.0,50.0,healthy,SYNTHETIC_DEMONSTRATION_ONLY
L01-C004,LOT-01,SYNTH-SPACE-ASIC-A,Iddq,24,10.788966,uA,125.0,3.3,0.0,50.0,healthy,SYNTHETIC_DEMONSTRATION_ONLY
L01-C004,LOT-01,SYNTH-SPACE-ASIC-A,Iddq,96,10.945909,uA,125.0,3.3,0.0,50.0,healthy,SYNTHETIC_DEMONSTRATION_ONLY
L01-C004,LOT-01,SYNTH-SPACE-ASIC-A,Iddq,168,11.441092,uA,125.0,3.3,0.0,50.0,healthy,SYNTHETIC_DEMONSTRATION_ONLY
L01-C004,LOT-01,SYNTH-SPACE-ASIC-A,LeakageCurrent,0,4.435514,uA,125.0,3.3,0.0,20.0,healthy,SYNTHETIC_DEMONSTRATION_ONLY
L01-C004,LOT-01,SYNTH-SPACE-ASIC-A,LeakageCurrent,24,4.591875,uA,125.0,3.3,0.0,20.0,healthy,SYNTHETIC_DEMONSTRATION_ONLY
L01-C004,LOT-01,SYNTH-SPACE-ASIC-A,LeakageCurrent,96,5.155126,uA,125.0,3.3,0.0,20.0,healthy,SYNTHETIC_DEMONSTRATION_ONLY
L01-C004,LOT-01,SYNTH-SPACE-ASIC-A,LeakageCurrent,168,5.600453,uA,125.0,3.3,0.0,20.0,healthy,SYNTHETIC_DEMONSTRATION_ONLY
L01-C005,LOT-01,SYNTH-SPACE-ASIC-A,Iddq,0,9.777365,uA,125.0,3.3,0.0,50.0,healthy,SYNTHETIC_DEMONSTRATION_ONLY
L01-C005,LOT-01,SYNTH-SPACE-ASIC-A,Iddq,24,9.871927,uA,125.0,3.3,0.0,50.0,healthy,SYNTHETIC_DEMONSTRATION_ONLY
L01-C005,LOT-01,SYNTH-SPACE-ASIC-A,Iddq,96,9.928662,uA,125.0,3.3,0.0,50.0,healthy,SYNTHETIC_DEMONSTRATION_ONLY
L01-C005,LOT-01,SYNTH-SPACE-ASIC-A,Iddq,168,9.97605,uA,125.0,3.3,0.0,50.0,healthy,SYNTHETIC_DEMONSTRATION_ONLY
L01-C005,LOT-01,SYNTH-SPACE-ASIC-A,LeakageCurrent,0,4.348378,uA,125.0,3.3,0.0,20.0,healthy,SYNTHETIC_DEMONSTRATION_ONLY
L01-C005,LOT-01,SYNTH-SPACE-ASIC-A,LeakageCurrent,24,4.248573,uA,125.0,3.3,0.0,20.0,healthy,SYNTHETIC_DEMONSTRATION_ONLY
L01-C005,LOT-01,SYNTH-SPACE-ASIC-A,LeakageCurrent,96,4.145825,uA,125.0,3.3,0.0,20.0,healthy,SYNTHETIC_DEMONSTRATION_ONLY
L01-C005,LOT-01,SYNTH-SPACE-ASIC-A,LeakageCurrent,168,4.143885,uA,125.0,3.3,0.0,20.0,healthy,SYNTHETIC_DEMONSTRATION_ONLY
L01-C006,LOT-01,SYNTH-SPACE-ASIC-A,Iddq,0,9.894301,uA,125.0,3.3,0.0,50.0,healthy,SYNTHETIC_DEMONSTRATION_ONLY
L01-C006,LOT-01,SYNTH-SPACE-ASIC-A,Iddq,24,9.571694,uA,125.0,3.3,0.0,50.0,healthy,SYNTHETIC_DEMONSTRATION_ONLY
L01-C006,LOT-01,SYNTH-SPACE-ASIC-A,Iddq,96,10.045126,uA,125.0,3.3,0.0,50.0,healthy,SYNTHETIC_DEMONSTRATION_ONLY
L01-C006,LOT-01,SYNTH-SPACE-ASIC-A,Iddq,168,10.20087,uA,125.0,3.3,0.0,50.0,healthy,SYNTHETIC_DEMONSTRATION_ONLY
L01-C006,LOT-01,SYNTH-SPACE-ASIC-A,LeakageCurrent,0,4.699992,uA,125.0,3.3,0.0,20.0,healthy,SYNTHETIC_DEMONSTRATION_ONLY
L01-C006,LOT-01,SYNTH-SPACE-ASIC-A,LeakageCurrent,24,4.726169,uA,125.0,3.3,0.0,20.0,healthy,SYNTHETIC_DEMONSTRATION_ONLY
L01-C006,LOT-01,SYNTH-SPACE-ASIC-A,LeakageCurrent,96,4.821948,uA,125.0,3.3,0.0,20.0,healthy,SYNTHETIC_DEMONSTRATION_ONLY
L01-C006,LOT-01,SYNTH-SPACE-ASIC-A,LeakageCurrent,168,5.04077,uA,125.0,3.3,0.0,20.0,healthy,SYNTHETIC_DEMONSTRATION_ONLY
L01-C007,LOT-01,SYNTH-SPACE-ASIC-A,Iddq,0,10.159426,uA,125.0,3.3,0.0,50.0,healthy,SYNTHETIC_DEMONSTRATION_ONLY
L01-C007,LOT-01,SYNTH-SPACE-ASIC-A,Iddq,24,10.266555,uA,125.0,3.3,0.0,50.0,healthy,SYNTHETIC_DEMONSTRATION_ONLY
L01-C007,LOT-01,SYNTH-SPACE-ASIC-A,Iddq,96,10.186548,uA,125.0,3.3,0.0,50.0,healthy,SYNTHETIC_DEMONSTRATION_ONLY
L01-C007,LOT-01,SYNTH-SPACE-ASIC-A,Iddq,168,10.447569,uA,125.0,3.3,0.0,50.0,healthy,SYNTHETIC_DEMONSTRATION_ONLY
L01-C007,LOT-01,SYNTH-SPACE-ASIC-A,LeakageCurrent,0,4.396768,uA,125.0,3.3,0.0,20.0,healthy,SYNTHETIC_DEMONSTRATION_ONLY
L01-C007,LOT-01,SYNTH-SPACE-ASIC-A,LeakageCurrent,24,4.535176,uA,125.0,3.3,0.0,20.0,healthy,SYNTHETIC_DEMONSTRATION_ONLY
L01-C007,LOT-01,SYNTH-SPACE-ASIC-A,LeakageCurrent,96,5.228297,uA,125.0,3.3,0.0,20.0,healthy,SYNTHETIC_DEMONSTRATION_ONLY
L01-C007,LOT-01,SYNTH-SPACE-ASIC-A,LeakageCurrent,168,5.632656,uA,125.0,3.3,0.0,20.0,healthy,SYNTHETIC_DEMONSTRATION_ONLY
L01-C008,LOT-01,SYNTH-SPACE-ASIC-A,Iddq,0,10.522947,uA,125.0,3.3,0.0,50.0,healthy,SYNTHETIC_DEMONSTRATION_ONLY
L01-C008,LOT-01,SYNTH-SPACE-ASIC-A,Iddq,24,10.337326,uA,125.0,3.3,0.0,50.0,healthy,SYNTHETIC_DEMONSTRATION_ONLY
L01-C008,LOT-01,SYNTH-SPACE-ASIC-A,Iddq,96,10.726664,uA,125.0,3.3,0.0,50.0,healthy,SYNTHETIC_DEMONSTRATION_ONLY
L01-C008,LOT-01,SYNTH-SPACE-ASIC-A,Iddq,168,10.891742,uA,125.0,3.3,0.0,50.0,healthy,SYNTHETIC_DEMONSTRATION_ONLY
L01-C008,LOT-01,SYNTH-SPACE-ASIC-A,LeakageCurrent,0,4.408668,uA,125.0,3.3,0.0,20.0,healthy,SYNTHETIC_DEMONSTRATION_ONLY
L01-C008,LOT-01,SYNTH-SPACE-ASIC-A,LeakageCurrent,24,4.599491,uA,125.0,3.3,0.0,20.0,healthy,SYNTHETIC_DEMONSTRATION_ONLY
L01-C008,LOT-01,SYNTH-SPACE-ASIC-A,LeakageCurrent,96,5.004465,uA,125.0,3.3,0.0,20.0,healthy,SYNTHETIC_DEMONSTRATION_ONLY
L01-C008,LOT-01,SYNTH-SPACE-ASIC-A,LeakageCurrent,168,5.267754,uA,125.0,3.3,0.0,20.0,healthy,SYNTHETIC_DEMONSTRATION_ONLY
L01-C009,LOT-01,SYNTH-SPACE-ASIC-A,Iddq,0,10.73571,uA,125.0,3.3,0.0,50.0,healthy,SYNTHETIC_DEMONSTRATION_ONLY
L01-C009,LOT-01,SYNTH-SPACE-ASIC-A,Iddq,24,10.833436,uA,125.0,3.3,0.0,50.0,healthy,SYNTHETIC_DEMONSTRATION_ONLY
L01-C009,LOT-01,SYNTH-SPACE-ASIC-A,Iddq,96,10.790191,uA,125.0,3.3,0.0,50.0,healthy,SYNTHETIC_DEMONSTRATION_ONLY
L01-C009,LOT-01,SYNTH-SPACE-ASIC-A,Iddq,168,10.891318,uA,125.0,3.3,0.0,50.0,healthy,SYNTHETIC_DEMONSTRATION_ONLY
L01-C009,LOT-01,SYNTH-SPACE-ASIC-A,LeakageCurrent,0,4.143166,uA,125.0,3.3,0.0,20.0,healthy,SYNTHETIC_DEMONSTRATION_ONLY
L01-C009,LOT-01,SYNTH-SPACE-ASIC-A,LeakageCurrent,24,4.198925,uA,125.0,3.3,0.0,20.0,healthy,SYNTHETIC_DEMONSTRATION_ONLY
L01-C009,LOT-01,SYNTH-SPACE-ASIC-A,LeakageCurrent,96,4.601699,uA,125.0,3.3,0.0,20.0,healthy,SYNTHETIC_DEMONSTRATION_ONLY
L01-C009,LOT-01,SYNTH-SPACE-ASIC-A,LeakageCurrent,168,4.788801,uA,125.0,3.3,0.0,20.0,healthy,SYNTHETIC_DEMONSTRATION_ONLY
L01-C010,LOT-01,SYNTH-SPACE-ASIC-A,Iddq,0,9.875591,uA,125.0,3.3,0.0,50.0,healthy,SYNTHETIC_DEMONSTRATION_ONLY
L01-C010,LOT-01,SYNTH-SPACE-ASIC-A,Iddq,24,10.017353,uA,125.0,3.3,0.0,50.0,healthy,SYNTHETIC_DEMONSTRATION_ONLY
L01-C010,LOT-01,SYNTH-SPACE-ASIC-A,Iddq,96,10.16499,uA,125.0,3.3,0.0,50.0,healthy,SYNTHETIC_DEMONSTRATION_ONLY
L01-C010,LOT-01,SYNTH-SPACE-ASIC-A,Iddq,168,10.456996,uA,125.0,3.3,0.0,50.0,healthy,SYNTHETIC_DEMONSTRATION_ONLY
L01-C010,LOT-01,SYNTH-SPACE-ASIC-A,LeakageCurrent,0,4.044818,uA,125.0,3.3,0.0,20.0,healthy,SYNTHETIC_DEMONSTRATION_ONLY
L01-C010,LOT-01,SYNTH-SPACE-ASIC-A,LeakageCurrent,24,4.212682,uA,125.0,3.3,0.0,20.0,healthy,SYNTHETIC_DEMONSTRATION_ONLY
L01-C010,LOT-01,SYNTH-SPACE-ASIC-A,LeakageCurrent,96,4.312139,uA,125.0,3.3,0.0,20.0,healthy,SYNTHETIC_DEMONSTRATION_ONLY
L01-C010,LOT-01,SYNTH-SPACE-ASIC-A,LeakageCurrent,168,4.688864,uA,125.0,3.3,0.0,20.0,healthy,SYNTHETIC_DEMONSTRATION_ONLY
L01-C011,LOT-01,SYNTH-SPACE-ASIC-A,Iddq,0,10.386466,uA,125.0,3.3,0.0,50.0,healthy,SYNTHETIC_DEMONSTRATION_ONLY
L01-C011,LOT-01,SYNTH-SPACE-ASIC-A,Iddq,24,10.255355,uA,125.0,3.3,0.0,50.0,healthy,SYNTHETIC_DEMONSTRATION_ONLY
L01-C011,LOT-01,SYNTH-SPACE-ASIC-A,Iddq,96,10.767317,uA,125.0,3.3,0.0,50.0,healthy,SYNTHETIC_DEMONSTRATION_ONLY
L01-C011,LOT-01,SYNTH-SPACE-ASIC-A,Iddq,168,10.949245,uA,125.0,3.3,0.0,50.0,healthy,SYNTHETIC_DEMONSTRATION_ONLY
L01-C011,LOT-01,SYNTH-SPACE-ASIC-A,LeakageCurrent,0,4.673202,uA,125.0,3.3,0.0,20.0,healthy,SYNTHETIC_DEMONSTRATION_ONLY
L01-C011,LOT-01,SYNTH-SPACE-ASIC-A,LeakageCurrent,24,4.59208,uA,125.0,3.3,0.0,20.0,healthy,SYNTHETIC_DEMONSTRATION_ONLY
L01-C011,LOT-01,SYNTH-SPACE-ASIC-A,LeakageCurrent,96,4.620487,uA,125.0,3.3,0.0,20.0,healthy,SYNTHETIC_DEMONSTRATION_ONLY
L01-C011,LOT-01,SYNTH-SPACE-ASIC-A,LeakageCurrent,168,4.868327,uA,125.0,3.3,0.0,20.0,healthy,SYNTHETIC_DEMONSTRATION_ONLY
L01-C012,LOT-01,SYNTH-SPACE-ASIC-A,Iddq,0,10.586295,uA,125.0,3.3,0.0,50.0,healthy,SYNTHETIC_DEMONSTRATION_ONLY
L01-C012,LOT-01,SYNTH-SPACE-ASIC-A,Iddq,24,10.770243,uA,125.0,3.3,0.0,50.0,healthy,SYNTHETIC_DEMONSTRATION_ONLY
L01-C012,LOT-01,SYNTH-SPACE-ASIC-A,Iddq,96,10.873886,uA,125.0,3.3,0.0,50.0,healthy,SYNTHETIC_DEMONSTRATION_ONLY
L01-C012,LOT-01,SYNTH-SPACE-ASIC-A,Iddq,168,10.673922,uA,125.0,3.3,0.0,50.0,healthy,SYNTHETIC_DEMONSTRATION_ONLY
L01-C012,LOT-01,SYNTH-SPACE-ASIC-A,LeakageCurrent,0,4.661776,uA,125.0,3.3,0.0,20.0,healthy,SYNTHETIC_DEMONSTRATION_ONLY
L01-C012,LOT-01,SYNTH-SPACE-ASIC-A,LeakageCurrent,24,4.64403,uA,125.0,3.3,0.0,20.0,healthy,SYNTHETIC_DEMONSTRATION_ONLY
L01-C012,LOT-01,SYNTH-SPACE-ASIC-A,LeakageCurrent,96,4.771125,uA,125.0,3.3,0.0,20.0,healthy,SYNTHETIC_DEMONSTRATION_ONLY
L01-C012,LOT-01,SYNTH-SPACE-ASIC-A,LeakageCurrent,168,4.794423,uA,125.0,3.3,0.0,20.0,healthy,SYNTHETIC_DEMONSTRATION_ONLY
L01-C013,LOT-01,SYNTH-SPACE-ASIC-A,Iddq,0,9.805837,uA,125.0,3.3,0.0,50.0,healthy,SYNTHETIC_DEMONSTRATION_ONLY
L01-C013,LOT-01,SYNTH-SPACE-ASIC-A,Iddq,24,9.741012,uA,125.0,3.3,0.0,50.0,healthy,SYNTHETIC_DEMONSTRATION_ONLY
L01-C013,LOT-01,SYNTH-SPACE-ASIC-A,Iddq,96,9.979425,uA,125.0,3.3,0.0,50.0,healthy,SYNTHETIC_DEMONSTRATION_ONLY
L01-C013,LOT-01,SYNTH-SPACE-ASIC-A,Iddq,168,10.294899,uA,125.0,3.3,0.0,50.0,healthy,SYNTHETIC_DEMONSTRATION_ONLY
L01-C013,LOT-01,SYNTH-SPACE-ASIC-A,LeakageCurrent,0,3.956073,uA,125.0,3.3,0.0,20.0,healthy,SYNTHETIC_DEMONSTRATION_ONLY
L01-C013,LOT-01,SYNTH-SPACE-ASIC-A,LeakageCurrent,24,3.944046,uA,125.0,3.3,0.0,20.0,healthy,SYNTHETIC_DEMONSTRATION_ONLY
L01-C013,LOT-01,SYNTH-SPACE-ASIC-A,LeakageCurrent,96,4.186925,uA,125.0,3.3,0.0,20.0,healthy,SYNTHETIC_DEMONSTRATION_ONLY
L01-C013,LOT-01,SYNTH-SPACE-ASIC-A,LeakageCurrent,168,4.522965,uA,125.0,3.3,0.0,20.0,healthy,SYNTHETIC_DEMONSTRATION_ONLY
L01-C014,LOT-01,SYNTH-SPACE-ASIC-A,Iddq,0,9.354839,uA,125.0,3.3,0.0,50.0,defective,SYNTHETIC_DEMONSTRATION_ONLY
L01-C014,LOT-01,SYNTH-SPACE-ASIC-A,Iddq,24,9.550421,uA,125.0,3.3,0.0,50.0,defective,SYNTHETIC_DEMONSTRATION_ONLY
L01-C014,LOT-01,SYNTH-SPACE-ASIC-A,Iddq,96,11.024042,uA,125.0,3.3,0.0,50.0,defective,SYNTHETIC_DEMONSTRATION_ONLY
L01-C014,LOT-01,SYNTH-SPACE-ASIC-A,Iddq,168,12.220682,uA,125.0,3.3,0.0,50.0,defective,SYNTHETIC_DEMONSTRATION_ONLY
L01-C014,LOT-01,SYNTH-SPACE-ASIC-A,LeakageCurrent,0,3.962304,uA,125.0,3.3,0.0,20.0,defective,SYNTHETIC_DEMONSTRATION_ONLY
L01-C014,LOT-01,SYNTH-SPACE-ASIC-A,LeakageCurrent,24,4.309094,uA,125.0,3.3,0.0,20.0,defective,SYNTHETIC_DEMONSTRATION_ONLY
L01-C014,LOT-01,SYNTH-SPACE-ASIC-A,LeakageCurrent,96,5.6676,uA,125.0,3.3,0.0,20.0,defective,SYNTHETIC_DEMONSTRATION_ONLY
L01-C014,LOT-01,SYNTH-SPACE-ASIC-A,LeakageCurrent,168,7.43545,uA,125.0,3.3,0.0,20.0,defective,SYNTHETIC_DEMONSTRATION_ONLY
L01-C015,LOT-01,SYNTH-SPACE-ASIC-A,Iddq,0,10.296127,uA,125.0,3.3,0.0,50.0,healthy,SYNTHETIC_DEMONSTRATION_ONLY
L01-C015,LOT-01,SYNTH-SPACE-ASIC-A,Iddq,24,10.652784,uA,125.0,3.3,0.0,50.0,healthy,SYNTHETIC_DEMONSTRATION_ONLY
L01-C015,LOT-01,SYNTH-SPACE-ASIC-A,Iddq,96,10.58351,uA,125.0,3.3,0.0,50.0,healthy,SYNTHETIC_DEMONSTRATION_ONLY
L01-C015,LOT-01,SYNTH-SPACE-ASIC-A,Iddq,168,10.880729,uA,125.0,3.3,0.0,50.0,healthy,SYNTHETIC_DEMONSTRATION_ONLY
L01-C015,LOT-01,SYNTH-SPACE-ASIC-A,LeakageCurrent,0,4.562059,uA,125.0,3.3,0.0,20.0,healthy,SYNTHETIC_DEMONSTRATION_ONLY
L01-C015,LOT-01,SYNTH-SPACE-ASIC-A,LeakageCurrent,24,4.601245,uA,125.0,3.3,0.0,20.0,healthy,SYNTHETIC_DEMONSTRATION_ONLY
L01-C015,LOT-01,SYNTH-SPACE-ASIC-A,LeakageCurrent,96,4.727921,uA,125.0,3.3,0.0,20.0,healthy,SYNTHETIC_DEMONSTRATION_ONLY
L01-C015,LOT-01,SYNTH-SPACE-ASIC-A,LeakageCurrent,168,5.109956,uA,125.0,3.3,0.0,20.0,healthy,SYNTHETIC_DEMONSTRATION_ONLY
L01-C016,LOT-01,SYNTH-SPACE-ASIC-A,Iddq,0,9.346188,uA,125.0,3.3,0.0,50.0,healthy,SYNTHETIC_DEMONSTRATION_ONLY
L01-C016,LOT-01,SYNTH-SPACE-ASIC-A,Iddq,24,9.490498,uA,125.0,3.3,0.0,50.0,healthy,SYNTHETIC_DEMONSTRATION_ONLY
L01-C016,LOT-01,SYNTH-SPACE-ASIC-A,Iddq,96,9.580652,uA,125.0,3.3,0.0,50.0,healthy,SYNTHETIC_DEMONSTRATION_ONLY
L01-C016,LOT-01,SYNTH-SPACE-ASIC-A,Iddq,168,9.815142,uA,125.0,3.3,0.0,50.0,healthy,SYNTHETIC_DEMONSTRATION_ONLY
L01-C016,LOT-01,SYNTH-SPACE-ASIC-A,LeakageCurrent,0,4.071424,uA,125.0,3.3,0.0,20.0,healthy,SYNTHETIC_DEMONSTRATION_ONLY
L01-C016,LOT-01,SYNTH-SPACE-ASIC-A,LeakageCurrent,24,4.101695,uA,125.0,3.3,0.0,20.0,healthy,SYNTHETIC_DEMONSTRATION_ONLY
L01-C016,LOT-01,SYNTH-SPACE-ASIC-A,LeakageCurrent,96,4.38601,uA,125.0,3.3,0.0,20.0,healthy,SYNTHETIC_DEMONSTRATION_ONLY
L01-C016,LOT-01,SYNTH-SPACE-ASIC-A,LeakageCurrent,168,4.727155,uA,125.0,3.3,0.0,20.0,healthy,SYNTHETIC_DEMONSTRATION_ONLY
L01-C017,LOT-01,SYNTH-SPACE-ASIC-A,Iddq,0,10.451311,uA,125.0,3.3,0.0,50.0,healthy,SYNTHETIC_DEMONSTRATION_ONLY
L01-C017,LOT-01,SYNTH-SPACE-ASIC-A,Iddq,24,10.585048,uA,125.0,3.3,0.0,50.0,healthy,SYNTHETIC_DEMONSTRATION_ONLY
L01-C017,LOT-01,SYNTH-SPACE-ASIC-A,Iddq,96,10.901138,uA,125.0,3.3,0.0,50.0,healthy,SYNTHETIC_DEMONSTRATION_ONLY
L01-C017,LOT-01,SYNTH-SPACE-ASIC-A,Iddq,168,11.137008,uA,125.0,3.3,0.0,50.0,healthy,SYNTHETIC_DEMONSTRATION_ONLY
L01-C017,LOT-01,SYNTH-SPACE-ASIC-A,LeakageCurrent,0,4.007069,uA,125.0,3.3,0.0,20.0,healthy,SYNTHETIC_DEMONSTRATION_ONLY
L01-C017,LOT-01,SYNTH-SPACE-ASIC-A,LeakageCurrent,24,3.969738,uA,125.0,3.3,0.0,20.0,healthy,SYNTHETIC_DEMONSTRATION_ONLY
L01-C017,LOT-01,SYNTH-SPACE-ASIC-A,LeakageCurrent,96,4.271293,uA,125.0,3.3,0.0,20.0,healthy,SYNTHETIC_DEMONSTRATION_ONLY
L01-C017,LOT-01,SYNTH-SPACE-ASIC-A,LeakageCurrent,168,4.369356,uA,125.0,3.3,0.0,20.0,healthy,SYNTHETIC_DEMONSTRATION_ONLY
L01-C018,LOT-01,SYNTH-SPACE-ASIC-A,Iddq,0,9.633206,uA,125.0,3.3,0.0,50.0,healthy,SYNTHETIC_DEMONSTRATION_ONLY
L01-C018,LOT-01,SYNTH-SPACE-ASIC-A,Iddq,24,10.008982,uA,125.0,3.3,0.0,50.0,healthy,SYNTHETIC_DEMONSTRATION_ONLY
L01-C018,LOT-01,SYNTH-SPACE-ASIC-A,Iddq,96,10.398248,uA,125.0,3.3,0.0,50.0,healthy,SYNTHETIC_DEMONSTRATION_ONLY
L01-C018,LOT-01,SYNTH-SPACE-ASIC-A,Iddq,168,10.591158,uA,125.0,3.3,0.0,50.0,healthy,SYNTHETIC_DEMONSTRATION_ONLY
L01-C018,LOT-01,SYNTH-SPACE-ASIC-A,LeakageCurrent,0,4.186602,uA,125.0,3.3,0.0,20.0,healthy,SYNTHETIC_DEMONSTRATION_ONLY
L01-C018,LOT-01,SYNTH-SPACE-ASIC-A,LeakageCurrent,24,4.166009,uA,125.0,3.3,0.0,20.0,healthy,SYNTHETIC_DEMONSTRATION_ONLY
L01-C018,LOT-01,SYNTH-SPACE-ASIC-A,LeakageCurrent,96,3.973964,uA,125.0,3.3,0.0,20.0,healthy,SYNTHETIC_DEMONSTRATION_ONLY
L01-C018,LOT-01,SYNTH-SPACE-ASIC-A,LeakageCurrent,168,3.973157,uA,125.0,3.3,0.0,20.0,healthy,SYNTHETIC_DEMONSTRATION_ONLY
L01-C019,LOT-01,SYNTH-SPACE-ASIC-A,Iddq,0,10.906179,uA,125.0,3.3,0.0,50.0,healthy,SYNTHETIC_DEMONSTRATION_ONLY
L01-C019,LOT-01,SYNTH-SPACE-ASIC-A,Iddq,24,10.840966,uA,125.0,3.3,0.0,50.0,healthy,SYNTHETIC_DEMONSTRATION_ONLY
L01-C019,LOT-01,SYNTH-SPACE-ASIC-A,Iddq,96,10.88151,uA,125.0,3.3,0.0,50.0,healthy,SYNTHETIC_DEMONSTRATION_ONLY
L01-C019,LOT-01,SYNTH-SPACE-ASIC-A,Iddq,168,11.099339,uA,125.0,3.3,0.0,50.0,healthy,SYNTHETIC_DEMONSTRATION_ONLY
L01-C019,LOT-01,SYNTH-SPACE-ASIC-A,LeakageCurrent,0,4.182472,uA,125.0,3.3,0.0,20.0,healthy,SYNTHETIC_DEMONSTRATION_ONLY
L01-C019,LOT-01,SYNTH-SPACE-ASIC-A,LeakageCurrent,24,4.092471,uA,125.0,3.3,0.0,20.0,healthy,SYNTHETIC_DEMONSTRATION_ONLY
L01-C019,LOT-01,SYNTH-SPACE-ASIC-A,LeakageCurrent,96,4.266217,uA,125.0,3.3,0.0,20.0,healthy,SYNTHETIC_DEMONSTRATION_ONLY
L01-C019,LOT-01,SYNTH-SPACE-ASIC-A,LeakageCurrent,168,4.349287,uA,125.0,3.3,0.0,20.0,healthy,SYNTHETIC_DEMONSTRATION_ONLY
L01-C020,LOT-01,SYNTH-SPACE-ASIC-A,Iddq,0,10.543718,uA,125.0,3.3,0.0,50.0,healthy,SYNTHETIC_DEMONSTRATION_ONLY
L01-C020,LOT-01,SYNTH-SPACE-ASIC-A,Iddq,24,10.60847,uA,125.0,3.3,0.0,50.0,healthy,SYNTHETIC_DEMONSTRATION_ONLY
L01-C020,LOT-01,SYNTH-SPACE-ASIC-A,Iddq,96,10.905021,uA,125.0,3.3,0.0,50.0,healthy,SYNTHETIC_DEMONSTRATION_ONLY
L01-C020,LOT-01,SYNTH-SPACE-ASIC-A,Iddq,168,11.007819,uA,125.0,3.3,0.0,50.0,healthy,SYNTHETIC_DEMONSTRATION_ONLY
L01-C020,LOT-01,SYNTH-SPACE-ASIC-A,LeakageCurrent,0,4.216588,uA,125.0,3.3,0.0,20.0,healthy,SYNTHETIC_DEMONSTRATION_ONLY
L01-C020,LOT-01,SYNTH-SPACE-ASIC-A,LeakageCurrent,24,4.291872,uA,125.0,3.3,0.0,20.0,healthy,SYNTHETIC_DEMONSTRATION_ONLY
L01-C020,LOT-01,SYNTH-SPACE-ASIC-A,LeakageCurrent,96,4.541593,uA,125.0,3.3,0.0,20.0,healthy,SYNTHETIC_DEMONSTRATION_ONLY
L01-C020,LOT-01,SYNTH-SPACE-ASIC-A,LeakageCurrent,168,4.827157,uA,125.0,3.3,0.0,20.0,healthy,SYNTHETIC_DEMONSTRATION_ONLY
L01-C021,LOT-01,SYNTH-SPACE-ASIC-A,Iddq,0,54.622986,uA,125.0,3.3,0.0,50.0,defective,SYNTHETIC_DEMONSTRATION_ONLY
L01-C021,LOT-01,SYNTH-SPACE-ASIC-A,Iddq,24,55.26194,uA,125.0,3.3,0.0,50.0,defective,SYNTHETIC_DEMONSTRATION_ONLY
L01-C021,LOT-01,SYNTH-SPACE-ASIC-A,Iddq,96,56.597698,uA,125.0,3.3,0.0,50.0,defective,SYNTHETIC_DEMONSTRATION_ONLY
L01-C021,LOT-01,SYNTH-SPACE-ASIC-A,Iddq,168,58.399981,uA,125.0,3.3,0.0,50.0,defective,SYNTHETIC_DEMONSTRATION_ONLY
L01-C021,LOT-01,SYNTH-SPACE-ASIC-A,LeakageCurrent,0,21.951935,uA,125.0,3.3,0.0,20.0,defective,SYNTHETIC_DEMONSTRATION_ONLY
L01-C021,LOT-01,SYNTH-SPACE-ASIC-A,LeakageCurrent,24,22.261765,uA,125.0,3.3,0.0,20.0,defective,SYNTHETIC_DEMONSTRATION_ONLY
L01-C021,LOT-01,SYNTH-SPACE-ASIC-A,LeakageCurrent,96,23.246654,uA,125.0,3.3,0.0,20.0,defective,SYNTHETIC_DEMONSTRATION_ONLY
L01-C021,LOT-01,SYNTH-SPACE-ASIC-A,LeakageCurrent,168,24.239965,uA,125.0,3.3,0.0,20.0,defective,SYNTHETIC_DEMONSTRATION_ONLY
L01-C022,LOT-01,SYNTH-SPACE-ASIC-A,Iddq,0,9.995607,uA,125.0,3.3,0.0,50.0,defective,SYNTHETIC_DEMONSTRATION_ONLY
L01-C022,LOT-01,SYNTH-SPACE-ASIC-A,Iddq,24,10.235342,uA,125.0,3.3,0.0,50.0,defective,SYNTHETIC_DEMONSTRATION_ONLY
L01-C022,LOT-01,SYNTH-SPACE-ASIC-A,Iddq,96,11.694315,uA,125.0,3.3,0.0,50.0,defective,SYNTHETIC_DEMONSTRATION_ONLY
L01-C022,LOT-01,SYNTH-SPACE-ASIC-A,Iddq,168,13.116803,uA,125.0,3.3,0.0,50.0,defective,SYNTHETIC_DEMONSTRATION_ONLY
L01-C022,LOT-01,SYNTH-SPACE-ASIC-A,LeakageCurrent,0,3.921049,uA,125.0,3.3,0.0,20.0,defective,SYNTHETIC_DEMONSTRATION_ONLY
L01-C022,LOT-01,SYNTH-SPACE-ASIC-A,LeakageCurrent,24,4.228133,uA,125.0,3.3,0.0,20.0,defective,SYNTHETIC_DEMONSTRATION_ONLY
L01-C022,LOT-01,SYNTH-SPACE-ASIC-A,LeakageCurrent,96,5.287345,uA,125.0,3.3,0.0,20.0,defective,SYNTHETIC_DEMONSTRATION_ONLY
L01-C022,LOT-01,SYNTH-SPACE-ASIC-A,LeakageCurrent,168,6.511745,uA,125.0,3.3,0.0,20.0,defective,SYNTHETIC_DEMONSTRATION_ONLY
L01-C023,LOT-01,SYNTH-SPACE-ASIC-A,Iddq,0,10.28927,uA,125.0,3.3,0.0,50.0,healthy,SYNTHETIC_DEMONSTRATION_ONLY
L01-C023,LOT-01,SYNTH-SPACE-ASIC-A,Iddq,24,10.200789,uA,125.0,3.3,0.0,50.0,healthy,SYNTHETIC_DEMONSTRATION_ONLY
L01-C023,LOT-01,SYNTH-SPACE-ASIC-A,Iddq,96,10.65251,uA,125.0,3.3,0.0,50.0,healthy,SYNTHETIC_DEMONSTRATION_ONLY
L01-C023,LOT-01,SYNTH-SPACE-ASIC-A,Iddq,168,11.129938,uA,125.0,3.3,0.0,50.0,healthy,SYNTHETIC_DEMONSTRATION_ONLY
L01-C023,LOT-01,SYNTH-SPACE-ASIC-A,LeakageCurrent,0,4.065915,uA,125.0,3.3,0.0,20.0,healthy,SYNTHETIC_DEMONSTRATION_ONLY
L01-C023,LOT-01,SYNTH-SPACE-ASIC-A,LeakageCurrent,24,4.291325,uA,125.0,3.3,0.0,20.0,healthy,SYNTHETIC_DEMONSTRATION_ONLY
L01-C023,LOT-01,SYNTH-SPACE-ASIC-A,LeakageCurrent,96,4.644192,uA,125.0,3.3,0.0,20.0,healthy,SYNTHETIC_DEMONSTRATION_ONLY
L01-C023,LOT-01,SYNTH-SPACE-ASIC-A,LeakageCurrent,168,5.158107,uA,125.0,3.3,0.0,20.0,healthy,SYNTHETIC_DEMONSTRATION_ONLY
L01-C024,LOT-01,SYNTH-SPACE-ASIC-A,Iddq,0,10.360899,uA,125.0,3.3,0.0,50.0,healthy,SYNTHETIC_DEMONSTRATION_ONLY
L01-C024,LOT-01,SYNTH-SPACE-ASIC-A,Iddq,24,10.523188,uA,125.0,3.3,0.0,50.0,healthy,SYNTHETIC_DEMONSTRATION_ONLY
L01-C024,LOT-01,SYNTH-SPACE-ASIC-A,Iddq,96,10.778665,uA,125.0,3.3,0.0,50.0,healthy,SYNTHETIC_DEMONSTRATION_ONLY
L01-C024,LOT-01,SYNTH-SPACE-ASIC-A,Iddq,168,10.810039,uA,125.0,3.3,0.0,50.0,healthy,SYNTHETIC_DEMONSTRATION_ONLY
L01-C024,LOT-01,SYNTH-SPACE-ASIC-A,LeakageCurrent,0,4.035697,uA,125.0,3.3,0.0,20.0,healthy,SYNTHETIC_DEMONSTRATION_ONLY
L01-C024,LOT-01,SYNTH-SPACE-ASIC-A,LeakageCurrent,24,4.039819,uA,125.0,3.3,0.0,20.0,healthy,SYNTHETIC_DEMONSTRATION_ONLY
L01-C024,LOT-01,SYNTH-SPACE-ASIC-A,LeakageCurrent,96,4.034332,uA,125.0,3.3,0.0,20.0,healthy,SYNTHETIC_DEMONSTRATION_ONLY
L01-C024,LOT-01,SYNTH-SPACE-ASIC-A,LeakageCurrent,168,4.147144,uA,125.0,3.3,0.0,20.0,healthy,SYNTHETIC_DEMONSTRATION_ONLY
L01-C025,LOT-01,SYNTH-SPACE-ASIC-A,Iddq,0,10.147338,uA,125.0,3.3,0.0,50.0,healthy,SYNTHETIC_DEMONSTRATION_ONLY
L01-C025,LOT-01,SYNTH-SPACE-ASIC-A,Iddq,24,10.318962,uA,125.0,3.3,0.0,50.0,healthy,SYNTHETIC_DEMONSTRATION_ONLY
L01-C025,LOT-01,SYNTH-SPACE-ASIC-A,Iddq,96,10.516573,uA,125.0,3.3,0.0,50.0,healthy,SYNTHETIC_DEMONSTRATION_ONLY
L01-C025,LOT-01,SYNTH-SPACE-ASIC-A,Iddq,168,10.498655,uA,125.0,3.3,0.0,50.0,healthy,SYNTHETIC_DEMONSTRATION_ONLY
L01-C025,LOT-01,SYNTH-SPACE-ASIC-A,LeakageCurrent,0,4.382798,uA,125.0,3.3,0.0,20.0,healthy,SYNTHETIC_DEMONSTRATION_ONLY
L01-C025,LOT-01,SYNTH-SPACE-ASIC-A,LeakageCurrent,24,4.474234,uA,125.0,3.3,0.0,20.0,healthy,SYNTHETIC_DEMONSTRATION_ONLY
L01-C025,LOT-01,SYNTH-SPACE-ASIC-A,LeakageCurrent,96,4.75135,uA,125.0,3.3,0.0,20.0,healthy,SYNTHETIC_DEMONSTRATION_ONLY
L01-C025,LOT-01,SYNTH-SPACE-ASIC-A,LeakageCurrent,168,4.934703,uA,125.0,3.3,0.0,20.0,healthy,SYNTHETIC_DEMONSTRATION_ONLY
L01-C026,LOT-01,SYNTH-SPACE-ASIC-A,Iddq,0,9.604587,uA,125.0,3.3,0.0,50.0,healthy,SYNTHETIC_DEMONSTRATION_ONLY
L01-C026,LOT-01,SYNTH-SPACE-ASIC-A,Iddq,24,9.818103,uA,125.0,3.3,0.0,50.0,healthy,SYNTHETIC_DEMONSTRATION_ONLY
L01-C026,LOT-01,SYNTH-SPACE-ASIC-A,Iddq,96,9.558665,uA,125.0,3.3,0.0,50.0,healthy,SYNTHETIC_DEMONSTRATION_ONLY
L01-C026,LOT-01,SYNTH-SPACE-ASIC-A,Iddq,168,9.682275,uA,125.0,3.3,0.0,50.0,healthy,SYNTHETIC_DEMONSTRATION_ONLY
L01-C026,LOT-01,SYNTH-SPACE-ASIC-A,LeakageCurrent,0,4.486357,uA,125.0,3.3,0.0,20.0,healthy,SYNTHETIC_DEMONSTRATION_ONLY
L01-C026,LOT-01,SYNTH-SPACE-ASIC-A,LeakageCurrent,24,4.629076,uA,125.0,3.3,0.0,20.0,healthy,SYNTHETIC_DEMONSTRATION_ONLY
L01-C026,LOT-01,SYNTH-SPACE-ASIC-A,LeakageCurrent,96,4.725346,uA,125.0,3.3,0.0,20.0,healthy,SYNTHETIC_DEMONSTRATION_ONLY
L01-C026,LOT-01,SYNTH-SPACE-ASIC-A,LeakageCurrent,168,5.001506,uA,125.0,3.3,0.0,20.0,healthy,SYNTHETIC_DEMONSTRATION_ONLY
L01-C027,LOT-01,SYNTH-SPACE-ASIC-A,Iddq,0,10.515814,uA,125.0,3.3,0.0,50.0,healthy,SYNTHETIC_DEMONSTRATION_ONLY
L01-C027,LOT-01,SYNTH-SPACE-ASIC-A,Iddq,24,10.46956,uA,125.0,3.3,0.0,50.0,healthy,SYNTHETIC_DEMONSTRATION_ONLY
L01-C027,LOT-01,SYNTH-SPACE-ASIC-A,Iddq,96,10.978582,uA,125.0,3.3,0.0,50.0,healthy,SYNTHETIC_DEMONSTRATION_ONLY
L01-C027,LOT-01,SYNTH-SPACE-ASIC-A,Iddq,168,11.438507,uA,125.0,3.3,0.0,50.0,healthy,SYNTHETIC_DEMONSTRATION_ONLY
L01-C027,LOT-01,SYNTH-SPACE-ASIC-A,LeakageCurrent,0,4.228729,uA,125.0,3.3,0.0,20.0,healthy,SYNTHETIC_DEMONSTRATION_ONLY
L01-C027,LOT-01,SYNTH-SPACE-ASIC-A,LeakageCurrent,24,4.173001,uA,125.0,3.3,0.0,20.0,healthy,SYNTHETIC_DEMONSTRATION_ONLY
L01-C027,LOT-01,SYNTH-SPACE-ASIC-A,LeakageCurrent,96,4.633095,uA,125.0,3.3,0.0,20.0,healthy,SYNTHETIC_DEMONSTRATION_ONLY
L01-C027,LOT-01,SYNTH-SPACE-ASIC-A,LeakageCurrent,168,4.912028,uA,125.0,3.3,0.0,20.0,healthy,SYNTHETIC_DEMONSTRATION_ONLY
L01-C028,LOT-01,SYNTH-SPACE-ASIC-A,Iddq,0,10.758562,uA,125.0,3.3,0.0,50.0,healthy,SYNTHETIC_DEMONSTRATION_ONLY
L01-C028,LOT-01,SYNTH-SPACE-ASIC-A,Iddq,24,11.020488,uA,125.0,3.3,0.0,50.0,healthy,SYNTHETIC_DEMONSTRATION_ONLY
L01-C028,LOT-01,SYNTH-SPACE-ASIC-A,Iddq,96,10.862343,uA,125.0,3.3,0.0,50.0,healthy,SYNTHETIC_DEMONSTRATION_ONLY
L01-C028,LOT-01,SYNTH-SPACE-ASIC-A,Iddq,168,11.40868,uA,125.0,3.3,0.0,50.0,healthy,SYNTHETIC_DEMONSTRATION_ONLY
L01-C028,LOT-01,SYNTH-SPACE-ASIC-A,LeakageCurrent,0,4.434035,uA,125.0,3.3,0.0,20.0,healthy,SYNTHETIC_DEMONSTRATION_ONLY
L01-C028,LOT-01,SYNTH-SPACE-ASIC-A,LeakageCurrent,24,4.403122,uA,125.0,3.3,0.0,20.0,healthy,SYNTHETIC_DEMONSTRATION_ONLY
L01-C028,LOT-01,SYNTH-SPACE-ASIC-A,LeakageCurrent,96,4.645395,uA,125.0,3.3,0.0,20.0,healthy,SYNTHETIC_DEMONSTRATION_ONLY
L01-C028,LOT-01,SYNTH-SPACE-ASIC-A,LeakageCurrent,168,4.921582,uA,125.0,3.3,0.0,20.0,healthy,SYNTHETIC_DEMONSTRATION_ONLY
L02-C001,LOT-02,SYNTH-SPACE-ASIC-A,Iddq,0,10.260064,uA,125.0,3.3,0.0,50.0,healthy,SYNTHETIC_DEMONSTRATION_ONLY
L02-C001,LOT-02,SYNTH-SPACE-ASIC-A,Iddq,24,10.293689,uA,125.0,3.3,0.0,50.0,healthy,SYNTHETIC_DEMONSTRATION_ONLY
L02-C001,LOT-02,SYNTH-SPACE-ASIC-A,Iddq,96,10.592043,uA,125.0,3.3,0.0,50.0,healthy,SYNTHETIC_DEMONSTRATION_ONLY
L02-C001,LOT-02,SYNTH-SPACE-ASIC-A,Iddq,168,10.734037,uA,125.0,3.3,0.0,50.0,healthy,SYNTHETIC_DEMONSTRATION_ONLY
L02-C001,LOT-02,SYNTH-SPACE-ASIC-A,LeakageCurrent,0,4.753921,uA,125.0,3.3,0.0,20.0,healthy,SYNTHETIC_DEMONSTRATION_ONLY
L02-C001,LOT-02,SYNTH-SPACE-ASIC-A,LeakageCurrent,24,4.740406,uA,125.0,3.3,0.0,20.0,healthy,SYNTHETIC_DEMONSTRATION_ONLY
L02-C001,LOT-02,SYNTH-SPACE-ASIC-A,LeakageCurrent,96,5.463934,uA,125.0,3.3,0.0,20.0,healthy,SYNTHETIC_DEMONSTRATION_ONLY
L02-C001,LOT-02,SYNTH-SPACE-ASIC-A,LeakageCurrent,168,6.133894,uA,125.0,3.3,0.0,20.0,healthy,SYNTHETIC_DEMONSTRATION_ONLY
L02-C002,LOT-02,SYNTH-SPACE-ASIC-A,Iddq,0,10.340705,uA,125.0,3.3,0.0,50.0,healthy,SYNTHETIC_DEMONSTRATION_ONLY
L02-C002,LOT-02,SYNTH-SPACE-ASIC-A,Iddq,24,10.025686,uA,125.0,3.3,0.0,50.0,healthy,SYNTHETIC_DEMONSTRATION_ONLY
L02-C002,LOT-02,SYNTH-SPACE-ASIC-A,Iddq,96,10.289545,uA,125.0,3.3,0.0,50.0,healthy,SYNTHETIC_DEMONSTRATION_ONLY
L02-C002,LOT-02,SYNTH-SPACE-ASIC-A,Iddq,168,10.212897,uA,125.0,3.3,0.0,50.0,healthy,SYNTHETIC_DEMONSTRATION_ONLY
L02-C002,LOT-02,SYNTH-SPACE-ASIC-A,LeakageCurrent,0,4.688198,uA,125.0,3.3,0.0,20.0,healthy,SYNTHETIC_DEMONSTRATION_ONLY
L02-C002,LOT-02,SYNTH-SPACE-ASIC-A,LeakageCurrent,24,4.795885,uA,125.0,3.3,0.0,20.0,healthy,SYNTHETIC_DEMONSTRATION_ONLY
L02-C002,LOT-02,SYNTH-SPACE-ASIC-A,LeakageCurrent,96,4.988253,uA,125.0,3.3,0.0,20.0,healthy,SYNTHETIC_DEMONSTRATION_ONLY
L02-C002,LOT-02,SYNTH-SPACE-ASIC-A,LeakageCurrent,168,5.364348,uA,125.0,3.3,0.0,20.0,healthy,SYNTHETIC_DEMONSTRATION_ONLY
L02-C003,LOT-02,SYNTH-SPACE-ASIC-A,Iddq,0,10.337619,uA,125.0,3.3,0.0,50.0,healthy,SYNTHETIC_DEMONSTRATION_ONLY
L02-C003,LOT-02,SYNTH-SPACE-ASIC-A,Iddq,24,10.617666,uA,125.0,3.3,0.0,50.0,healthy,SYNTHETIC_DEMONSTRATION_ONLY
L02-C003,LOT-02,SYNTH-SPACE-ASIC-A,Iddq,96,10.613928,uA,125.0,3.3,0.0,50.0,healthy,SYNTHETIC_DEMONSTRATION_ONLY
L02-C003,LOT-02,SYNTH-SPACE-ASIC-A,Iddq,168,10.844148,uA,125.0,3.3,0.0,50.0,healthy,SYNTHETIC_DEMONSTRATION_ONLY
L02-C003,LOT-02,SYNTH-SPACE-ASIC-A,LeakageCurrent,0,4.695714,uA,125.0,3.3,0.0,20.0,healthy,SYNTHETIC_DEMONSTRATION_ONLY
L02-C003,LOT-02,SYNTH-SPACE-ASIC-A,LeakageCurrent,24,4.818239,uA,125.0,3.3,0.0,20.0,healthy,SYNTHETIC_DEMONSTRATION_ONLY
L02-C003,LOT-02,SYNTH-SPACE-ASIC-A,LeakageCurrent,96,4.988506,uA,125.0,3.3,0.0,20.0,healthy,SYNTHETIC_DEMONSTRATION_ONLY
L02-C003,LOT-02,SYNTH-SPACE-ASIC-A,LeakageCurrent,168,5.169642,uA,125.0,3.3,0.0,20.0,healthy,SYNTHETIC_DEMONSTRATION_ONLY
L02-C004,LOT-02,SYNTH-SPACE-ASIC-A,Iddq,0,9.971426,uA,125.0,3.3,0.0,50.0,defective,SYNTHETIC_DEMONSTRATION_ONLY
L02-C004,LOT-02,SYNTH-SPACE-ASIC-A,Iddq,24,10.378404,uA,125.0,3.3,0.0,50.0,defective,SYNTHETIC_DEMONSTRATION_ONLY
L02-C004,LOT-02,SYNTH-SPACE-ASIC-A,Iddq,96,11.609512,uA,125.0,3.3,0.0,50.0,defective,SYNTHETIC_DEMONSTRATION_ONLY
L02-C004,LOT-02,SYNTH-SPACE-ASIC-A,Iddq,168,12.998479,uA,125.0,3.3,0.0,50.0,defective,SYNTHETIC_DEMONSTRATION_ONLY
L02-C004,LOT-02,SYNTH-SPACE-ASIC-A,LeakageCurrent,0,4.500558,uA,125.0,3.3,0.0,20.0,defective,SYNTHETIC_DEMONSTRATION_ONLY
L02-C004,LOT-02,SYNTH-SPACE-ASIC-A,LeakageCurrent,24,4.801222,uA,125.0,3.3,0.0,20.0,defective,SYNTHETIC_DEMONSTRATION_ONLY
L02-C004,LOT-02,SYNTH-SPACE-ASIC-A,LeakageCurrent,96,5.95323,uA,125.0,3.3,0.0,20.0,defective,SYNTHETIC_DEMONSTRATION_ONLY
L02-C004,LOT-02,SYNTH-SPACE-ASIC-A,LeakageCurrent,168,7.348141,uA,125.0,3.3,0.0,20.0,defective,SYNTHETIC_DEMONSTRATION_ONLY
L02-C005,LOT-02,SYNTH-SPACE-ASIC-A,Iddq,0,10.877181,uA,125.0,3.3,0.0,50.0,healthy,SYNTHETIC_DEMONSTRATION_ONLY
L02-C005,LOT-02,SYNTH-SPACE-ASIC-A,Iddq,24,10.425436,uA,125.0,3.3,0.0,50.0,healthy,SYNTHETIC_DEMONSTRATION_ONLY
L02-C005,LOT-02,SYNTH-SPACE-ASIC-A,Iddq,96,10.611652,uA,125.0,3.3,0.0,50.0,healthy,SYNTHETIC_DEMONSTRATION_ONLY
L02-C005,LOT-02,SYNTH-SPACE-ASIC-A,Iddq,168,10.778611,uA,125.0,3.3,0.0,50.0,healthy,SYNTHETIC_DEMONSTRATION_ONLY
L02-C005,LOT-02,SYNTH-SPACE-ASIC-A,LeakageCurrent,0,4.646808,uA,125.0,3.3,0.0,20.0,healthy,SYNTHETIC_DEMONSTRATION_ONLY
L02-C005,LOT-02,SYNTH-SPACE-ASIC-A,LeakageCurrent,24,4.867751,uA,125.0,3.3,0.0,20.0,healthy,SYNTHETIC_DEMONSTRATION_ONLY
L02-C005,LOT-02,SYNTH-SPACE-ASIC-A,LeakageCurrent,96,4.765383,uA,125.0,3.3,0.0,20.0,healthy,SYNTHETIC_DEMONSTRATION_ONLY
L02-C005,LOT-02,SYNTH-SPACE-ASIC-A,LeakageCurrent,168,4.801441,uA,125.0,3.3,0.0,20.0,healthy,SYNTHETIC_DEMONSTRATION_ONLY
L02-C006,LOT-02,SYNTH-SPACE-ASIC-A,Iddq,0,11.043577,uA,125.0,3.3,0.0,50.0,healthy,SYNTHETIC_DEMONSTRATION_ONLY
L02-C006,LOT-02,SYNTH-SPACE-ASIC-A,Iddq,24,10.908059,uA,125.0,3.3,0.0,50.0,healthy,SYNTHETIC_DEMONSTRATION_ONLY
L02-C006,LOT-02,SYNTH-SPACE-ASIC-A,Iddq,96,11.349383,uA,125.0,3.3,0.0,50.0,healthy,SYNTHETIC_DEMONSTRATION_ONLY
L02-C006,LOT-02,SYNTH-SPACE-ASIC-A,Iddq,168,11.448224,uA,125.0,3.3,0.0,50.0,healthy,SYNTHETIC_DEMONSTRATION_ONLY
L02-C006,LOT-02,SYNTH-SPACE-ASIC-A,LeakageCurrent,0,4.699098,uA,125.0,3.3,0.0,20.0,healthy,SYNTHETIC_DEMONSTRATION_ONLY
L02-C006,LOT-02,SYNTH-SPACE-ASIC-A,LeakageCurrent,24,4.735433,uA,125.0,3.3,0.0,20.0,healthy,SYNTHETIC_DEMONSTRATION_ONLY
L02-C006,LOT-02,SYNTH-SPACE-ASIC-A,LeakageCurrent,96,4.785282,uA,125.0,3.3,0.0,20.0,healthy,SYNTHETIC_DEMONSTRATION_ONLY
L02-C006,LOT-02,SYNTH-SPACE-ASIC-A,LeakageCurrent,168,4.917525,uA,125.0,3.3,0.0,20.0,healthy,SYNTHETIC_DEMONSTRATION_ONLY
L02-C007,LOT-02,SYNTH-SPACE-ASIC-A,Iddq,0,10.657467,uA,125.0,3.3,0.0,50.0,healthy,SYNTHETIC_DEMONSTRATION_ONLY
L02-C007,LOT-02,SYNTH-SPACE-ASIC-A,Iddq,24,10.683156,uA,125.0,3.3,0.0,50.0,healthy,SYNTHETIC_DEMONSTRATION_ONLY
L02-C007,LOT-02,SYNTH-SPACE-ASIC-A,Iddq,96,11.467102,uA,125.0,3.3,0.0,50.0,healthy,SYNTHETIC_DEMONSTRATION_ONLY
L02-C007,LOT-02,SYNTH-SPACE-ASIC-A,Iddq,168,11.9095,uA,125.0,3.3,0.0,50.0,healthy,SYNTHETIC_DEMONSTRATION_ONLY
L02-C007,LOT-02,SYNTH-SPACE-ASIC-A,LeakageCurrent,0,3.876806,uA,125.0,3.3,0.0,20.0,healthy,SYNTHETIC_DEMONSTRATION_ONLY
L02-C007,LOT-02,SYNTH-SPACE-ASIC-A,LeakageCurrent,24,3.816785,uA,125.0,3.3,0.0,20.0,healthy,SYNTHETIC_DEMONSTRATION_ONLY
L02-C007,LOT-02,SYNTH-SPACE-ASIC-A,LeakageCurrent,96,3.935794,uA,125.0,3.3,0.0,20.0,healthy,SYNTHETIC_DEMONSTRATION_ONLY
L02-C007,LOT-02,SYNTH-SPACE-ASIC-A,LeakageCurrent,168,4.141506,uA,125.0,3.3,0.0,20.0,healthy,SYNTHETIC_DEMONSTRATION_ONLY
L02-C008,LOT-02,SYNTH-SPACE-ASIC-A,Iddq,0,9.901628,uA,125.0,3.3,0.0,50.0,healthy,SYNTHETIC_DEMONSTRATION_ONLY
L02-C008,LOT-02,SYNTH-SPACE-ASIC-A,Iddq,24,10.007175,uA,125.0,3.3,0.0,50.0,healthy,SYNTHETIC_DEMONSTRATION_ONLY
L02-C008,LOT-02,SYNTH-SPACE-ASIC-A,Iddq,96,10.084339,uA,125.0,3.3,0.0,50.0,healthy,SYNTHETIC_DEMONSTRATION_ONLY
L02-C008,LOT-02,SYNTH-SPACE-ASIC-A,Iddq,168,10.189675,uA,125.0,3.3,0.0,50.0,healthy,SYNTHETIC_DEMONSTRATION_ONLY
L02-C008,LOT-02,SYNTH-SPACE-ASIC-A,LeakageCurrent,0,4.259764,uA,125.0,3.3,0.0,20.0,healthy,SYNTHETIC_DEMONSTRATION_ONLY
L02-C008,LOT-02,SYNTH-SPACE-ASIC-A,LeakageCurrent,24,4.164226,uA,125.0,3.3,0.0,20.0,healthy,SYNTHETIC_DEMONSTRATION_ONLY
L02-C008,LOT-02,SYNTH-SPACE-ASIC-A,LeakageCurrent,96,4.136111,uA,125.0,3.3,0.0,20.0,healthy,SYNTHETIC_DEMONSTRATION_ONLY
L02-C008,LOT-02,SYNTH-SPACE-ASIC-A,LeakageCurrent,168,4.157411,uA,125.0,3.3,0.0,20.0,healthy,SYNTHETIC_DEMONSTRATION_ONLY
L02-C009,LOT-02,SYNTH-SPACE-ASIC-A,Iddq,0,10.730648,uA,125.0,3.3,0.0,50.0,defective,SYNTHETIC_DEMONSTRATION_ONLY
L02-C009,LOT-02,SYNTH-SPACE-ASIC-A,Iddq,24,11.204301,uA,125.0,3.3,0.0,50.0,defective,SYNTHETIC_DEMONSTRATION_ONLY
L02-C009,LOT-02,SYNTH-SPACE-ASIC-A,Iddq,96,12.849592,uA,125.0,3.3,0.0,50.0,defective,SYNTHETIC_DEMONSTRATION_ONLY
L02-C009,LOT-02,SYNTH-SPACE-ASIC-A,Iddq,168,14.402159,uA,125.0,3.3,0.0,50.0,defective,SYNTHETIC_DEMONSTRATION_ONLY
L02-C009,LOT-02,SYNTH-SPACE-ASIC-A,LeakageCurrent,0,4.096261,uA,125.0,3.3,0.0,20.0,defective,SYNTHETIC_DEMONSTRATION_ONLY
L02-C009,LOT-02,SYNTH-SPACE-ASIC-A,LeakageCurrent,24,4.679175,uA,125.0,3.3,0.0,20.0,defective,SYNTHETIC_DEMONSTRATION_ONLY
L02-C009,LOT-02,SYNTH-SPACE-ASIC-A,LeakageCurrent,96,6.158389,uA,125.0,3.3,0.0,20.0,defective,SYNTHETIC_DEMONSTRATION_ONLY
L02-C009,LOT-02,SYNTH-SPACE-ASIC-A,LeakageCurrent,168,8.059216,uA,125.0,3.3,0.0,20.0,defective,SYNTHETIC_DEMONSTRATION_ONLY
L02-C010,LOT-02,SYNTH-SPACE-ASIC-A,Iddq,0,10.465389,uA,125.0,3.3,0.0,50.0,healthy,SYNTHETIC_DEMONSTRATION_ONLY
L02-C010,LOT-02,SYNTH-SPACE-ASIC-A,Iddq,24,10.223255,uA,125.0,3.3,0.0,50.0,healthy,SYNTHETIC_DEMONSTRATION_ONLY
L02-C010,LOT-02,SYNTH-SPACE-ASIC-A,Iddq,96,10.470614,uA,125.0,3.3,0.0,50.0,healthy,SYNTHETIC_DEMONSTRATION_ONLY
L02-C010,LOT-02,SYNTH-SPACE-ASIC-A,Iddq,168,10.863961,uA,125.0,3.3,0.0,50.0,healthy,SYNTHETIC_DEMONSTRATION_ONLY
L02-C010,LOT-02,SYNTH-SPACE-ASIC-A,LeakageCurrent,0,5.151957,uA,125.0,3.3,0.0,20.0,healthy,SYNTHETIC_DEMONSTRATION_ONLY
L02-C010,LOT-02,SYNTH-SPACE-ASIC-A,LeakageCurrent,24,5.101705,uA,125.0,3.3,0.0,20.0,healthy,SYNTHETIC_DEMONSTRATION_ONLY
L02-C010,LOT-02,SYNTH-SPACE-ASIC-A,LeakageCurrent,96,5.14369,uA,125.0,3.3,0.0,20.0,healthy,SYNTHETIC_DEMONSTRATION_ONLY
L02-C010,LOT-02,SYNTH-SPACE-ASIC-A,LeakageCurrent,168,5.387809,uA,125.0,3.3,0.0,20.0,healthy,SYNTHETIC_DEMONSTRATION_ONLY
L02-C011,LOT-02,SYNTH-SPACE-ASIC-A,Iddq,0,10.82784,uA,125.0,3.3,0.0,50.0,healthy,SYNTHETIC_DEMONSTRATION_ONLY
L02-C011,LOT-02,SYNTH-SPACE-ASIC-A,Iddq,24,10.826935,uA,125.0,3.3,0.0,50.0,healthy,SYNTHETIC_DEMONSTRATION_ONLY
L02-C011,LOT-02,SYNTH-SPACE-ASIC-A,Iddq,96,11.273028,uA,125.0,3.3,0.0,50.0,healthy,SYNTHETIC_DEMONSTRATION_ONLY
L02-C011,LOT-02,SYNTH-SPACE-ASIC-A,Iddq,168,11.383942,uA,125.0,3.3,0.0,50.0,healthy,SYNTHETIC_DEMONSTRATION_ONLY
L02-C011,LOT-02,SYNTH-SPACE-ASIC-A,LeakageCurrent,0,4.318617,uA,125.0,3.3,0.0,20.0,healthy,SYNTHETIC_DEMONSTRATION_ONLY
L02-C011,LOT-02,SYNTH-SPACE-ASIC-A,LeakageCurrent,24,4.33378,uA,125.0,3.3,0.0,20.0,healthy,SYNTHETIC_DEMONSTRATION_ONLY
L02-C011,LOT-02,SYNTH-SPACE-ASIC-A,LeakageCurrent,96,4.411895,uA,125.0,3.3,0.0,20.0,healthy,SYNTHETIC_DEMONSTRATION_ONLY
L02-C011,LOT-02,SYNTH-SPACE-ASIC-A,LeakageCurrent,168,4.406465,uA,125.0,3.3,0.0,20.0,healthy,SYNTHETIC_DEMONSTRATION_ONLY
L02-C012,LOT-02,SYNTH-SPACE-ASIC-A,Iddq,0,9.887845,uA,125.0,3.3,0.0,50.0,healthy,SYNTHETIC_DEMONSTRATION_ONLY
L02-C012,LOT-02,SYNTH-SPACE-ASIC-A,Iddq,24,9.961,uA,125.0,3.3,0.0,50.0,healthy,SYNTHETIC_DEMONSTRATION_ONLY
L02-C012,LOT-02,SYNTH-SPACE-ASIC-A,Iddq,96,9.976414,uA,125.0,3.3,0.0,50.0,healthy,SYNTHETIC_DEMONSTRATION_ONLY
L02-C012,LOT-02,SYNTH-SPACE-ASIC-A,Iddq,168,10.29214,uA,125.0,3.3,0.0,50.0,healthy,SYNTHETIC_DEMONSTRATION_ONLY
L02-C012,LOT-02,SYNTH-SPACE-ASIC-A,LeakageCurrent,0,4.093614,uA,125.0,3.3,0.0,20.0,healthy,SYNTHETIC_DEMONSTRATION_ONLY
L02-C012,LOT-02,SYNTH-SPACE-ASIC-A,LeakageCurrent,24,4.001157,uA,125.0,3.3,0.0,20.0,healthy,SYNTHETIC_DEMONSTRATION_ONLY
L02-C012,LOT-02,SYNTH-SPACE-ASIC-A,LeakageCurrent,96,4.335713,uA,125.0,3.3,0.0,20.0,healthy,SYNTHETIC_DEMONSTRATION_ONLY
L02-C012,LOT-02,SYNTH-SPACE-ASIC-A,LeakageCurrent,168,4.66467,uA,125.0,3.3,0.0,20.0,healthy,SYNTHETIC_DEMONSTRATION_ONLY
L02-C013,LOT-02,SYNTH-SPACE-ASIC-A,Iddq,0,11.053397,uA,125.0,3.3,0.0,50.0,healthy,SYNTHETIC_DEMONSTRATION_ONLY
L02-C013,LOT-02,SYNTH-SPACE-ASIC-A,Iddq,24,11.342999,uA,125.0,3.3,0.0,50.0,healthy,SYNTHETIC_DEMONSTRATION_ONLY
L02-C013,LOT-02,SYNTH-SPACE-ASIC-A,Iddq,96,11.397976,uA,125.0,3.3,0.0,50.0,healthy,SYNTHETIC_DEMONSTRATION_ONLY
L02-C013,LOT-02,SYNTH-SPACE-ASIC-A,Iddq,168,11.789463,uA,125.0,3.3,0.0,50.0,healthy,SYNTHETIC_DEMONSTRATION_ONLY
L02-C013,LOT-02,SYNTH-SPACE-ASIC-A,LeakageCurrent,0,4.44921,uA,125.0,3.3,0.0,20.0,healthy,SYNTHETIC_DEMONSTRATION_ONLY
L02-C013,LOT-02,SYNTH-SPACE-ASIC-A,LeakageCurrent,24,4.621972,uA,125.0,3.3,0.0,20.0,healthy,SYNTHETIC_DEMONSTRATION_ONLY
L02-C013,LOT-02,SYNTH-SPACE-ASIC-A,LeakageCurrent,96,4.978609,uA,125.0,3.3,0.0,20.0,healthy,SYNTHETIC_DEMONSTRATION_ONLY
L02-C013,LOT-02,SYNTH-SPACE-ASIC-A,LeakageCurrent,168,5.20388,uA,125.0,3.3,0.0,20.0,healthy,SYNTHETIC_DEMONSTRATION_ONLY
L02-C014,LOT-02,SYNTH-SPACE-ASIC-A,Iddq,0,10.769078,uA,125.0,3.3,0.0,50.0,healthy,SYNTHETIC_DEMONSTRATION_ONLY
L02-C014,LOT-02,SYNTH-SPACE-ASIC-A,Iddq,24,10.868714,uA,125.0,3.3,0.0,50.0,healthy,SYNTHETIC_DEMONSTRATION_ONLY
L02-C014,LOT-02,SYNTH-SPACE-ASIC-A,Iddq,96,10.996531,uA,125.0,3.3,0.0,50.0,healthy,SYNTHETIC_DEMONSTRATION_ONLY
L02-C014,LOT-02,SYNTH-SPACE-ASIC-A,Iddq,168,10.92958,uA,125.0,3.3,0.0,50.0,healthy,SYNTHETIC_DEMONSTRATION_ONLY
L02-C014,LOT-02,SYNTH-SPACE-ASIC-A,LeakageCurrent,0,3.801893,uA,125.0,3.3,0.0,20.0,healthy,SYNTHETIC_DEMONSTRATION_ONLY
L02-C014,LOT-02,SYNTH-SPACE-ASIC-A,LeakageCurrent,24,3.660442,uA,125.0,3.3,0.0,20.0,healthy,SYNTHETIC_DEMONSTRATION_ONLY
L02-C014,LOT-02,SYNTH-SPACE-ASIC-A,LeakageCurrent,96,3.708429,uA,125.0,3.3,0.0,20.0,healthy,SYNTHETIC_DEMONSTRATION_ONLY
L02-C014,LOT-02,SYNTH-SPACE-ASIC-A,LeakageCurrent,168,3.77374,uA,125.0,3.3,0.0,20.0,healthy,SYNTHETIC_DEMONSTRATION_ONLY
L02-C015,LOT-02,SYNTH-SPACE-ASIC-A,Iddq,0,9.851628,uA,125.0,3.3,0.0,50.0,healthy,SYNTHETIC_DEMONSTRATION_ONLY
L02-C015,LOT-02,SYNTH-SPACE-ASIC-A,Iddq,24,9.857124,uA,125.0,3.3,0.0,50.0,healthy,SYNTHETIC_DEMONSTRATION_ONLY
L02-C015,LOT-02,SYNTH-SPACE-ASIC-A,Iddq,96,10.050225,uA,125.0,3.3,0.0,50.0,healthy,SYNTHETIC_DEMONSTRATION_ONLY
L02-C015,LOT-02,SYNTH-SPACE-ASIC-A,Iddq,168,10.412479,uA,125.0,3.3,0.0,50.0,healthy,SYNTHETIC_DEMONSTRATION_ONLY
L02-C015,LOT-02,SYNTH-SPACE-ASIC-A,LeakageCurrent,0,4.879642,uA,125.0,3.3,0.0,20.0,healthy,SYNTHETIC_DEMONSTRATION_ONLY
L02-C015,LOT-02,SYNTH-SPACE-ASIC-A,LeakageCurrent,24,4.900702,uA,125.0,3.3,0.0,20.0,healthy,SYNTHETIC_DEMONSTRATION_ONLY
L02-C015,LOT-02,SYNTH-SPACE-ASIC-A,LeakageCurrent,96,5.357838,uA,125.0,3.3,0.0,20.0,healthy,SYNTHETIC_DEMONSTRATION_ONLY
L02-C015,LOT-02,SYNTH-SPACE-ASIC-A,LeakageCurrent,168,5.561777,uA,125.0,3.3,0.0,20.0,healthy,SYNTHETIC_DEMONSTRATION_ONLY
L02-C016,LOT-02,SYNTH-SPACE-ASIC-A,Iddq,0,10.117144,uA,125.0,3.3,0.0,50.0,healthy,SYNTHETIC_DEMONSTRATION_ONLY
L02-C016,LOT-02,SYNTH-SPACE-ASIC-A,Iddq,24,10.23034,uA,125.0,3.3,0.0,50.0,healthy,SYNTHETIC_DEMONSTRATION_ONLY
L02-C016,LOT-02,SYNTH-SPACE-ASIC-A,Iddq,96,10.328075,uA,125.0,3.3,0.0,50.0,healthy,SYNTHETIC_DEMONSTRATION_ONLY
L02-C016,LOT-02,SYNTH-SPACE-ASIC-A,Iddq,168,10.660826,uA,125.0,3.3,0.0,50.0,healthy,SYNTHETIC_DEMONSTRATION_ONLY
L02-C016,LOT-02,SYNTH-SPACE-ASIC-A,LeakageCurrent,0,4.480911,uA,125.0,3.3,0.0,20.0,healthy,SYNTHETIC_DEMONSTRATION_ONLY
L02-C016,LOT-02,SYNTH-SPACE-ASIC-A,LeakageCurrent,24,4.584951,uA,125.0,3.3,0.0,20.0,healthy,SYNTHETIC_DEMONSTRATION_ONLY
L02-C016,LOT-02,SYNTH-SPACE-ASIC-A,LeakageCurrent,96,5.079563,uA,125.0,3.3,0.0,20.0,healthy,SYNTHETIC_DEMONSTRATION_ONLY
L02-C016,LOT-02,SYNTH-SPACE-ASIC-A,LeakageCurrent,168,5.42039,uA,125.0,3.3,0.0,20.0,healthy,SYNTHETIC_DEMONSTRATION_ONLY
L02-C017,LOT-02,SYNTH-SPACE-ASIC-A,Iddq,0,10.100287,uA,125.0,3.3,0.0,50.0,healthy,SYNTHETIC_DEMONSTRATION_ONLY
L02-C017,LOT-02,SYNTH-SPACE-ASIC-A,Iddq,24,10.116457,uA,125.0,3.3,0.0,50.0,healthy,SYNTHETIC_DEMONSTRATION_ONLY
L02-C017,LOT-02,SYNTH-SPACE-ASIC-A,Iddq,96,10.652674,uA,125.0,3.3,0.0,50.0,healthy,SYNTHETIC_DEMONSTRATION_ONLY
L02-C017,LOT-02,SYNTH-SPACE-ASIC-A,Iddq,168,10.837016,uA,125.0,3.3,0.0,50.0,healthy,SYNTHETIC_DEMONSTRATION_ONLY
L02-C017,LOT-02,SYNTH-SPACE-ASIC-A,LeakageCurrent,0,4.632424,uA,125.0,3.3,0.0,20.0,healthy,SYNTHETIC_DEMONSTRATION_ONLY
L02-C017,LOT-02,SYNTH-SPACE-ASIC-A,LeakageCurrent,24,4.65367,uA,125.0,3.3,0.0,20.0,healthy,SYNTHETIC_DEMONSTRATION_ONLY
L02-C017,LOT-02,SYNTH-SPACE-ASIC-A,LeakageCurrent,96,4.837056,uA,125.0,3.3,0.0,20.0,healthy,SYNTHETIC_DEMONSTRATION_ONLY
L02-C017,LOT-02,SYNTH-SPACE-ASIC-A,LeakageCurrent,168,4.883428,uA,125.0,3.3,0.0,20.0,healthy,SYNTHETIC_DEMONSTRATION_ONLY
L02-C018,LOT-02,SYNTH-SPACE-ASIC-A,Iddq,0,10.550881,uA,125.0,3.3,0.0,50.0,healthy,SYNTHETIC_DEMONSTRATION_ONLY
L02-C018,LOT-02,SYNTH-SPACE-ASIC-A,Iddq,24,10.515478,uA,125.0,3.3,0.0,50.0,healthy,SYNTHETIC_DEMONSTRATION_ONLY
L02-C018,LOT-02,SYNTH-SPACE-ASIC-A,Iddq,96,11.094689,uA,125.0,3.3,0.0,50.0,healthy,SYNTHETIC_DEMONSTRATION_ONLY
L02-C018,LOT-02,SYNTH-SPACE-ASIC-A,Iddq,168,10.998291,uA,125.0,3.3,0.0,50.0,healthy,SYNTHETIC_DEMONSTRATION_ONLY
L02-C018,LOT-02,SYNTH-SPACE-ASIC-A,LeakageCurrent,0,4.672465,uA,125.0,3.3,0.0,20.0,healthy,SYNTHETIC_DEMONSTRATION_ONLY
L02-C018,LOT-02,SYNTH-SPACE-ASIC-A,LeakageCurrent,24,4.634777,uA,125.0,3.3,0.0,20.0,healthy,SYNTHETIC_DEMONSTRATION_ONLY
L02-C018,LOT-02,SYNTH-SPACE-ASIC-A,LeakageCurrent,96,4.659241,uA,125.0,3.3,0.0,20.0,healthy,SYNTHETIC_DEMONSTRATION_ONLY
L02-C018,LOT-02,SYNTH-SPACE-ASIC-A,LeakageCurrent,168,4.45687,uA,125.0,3.3,0.0,20.0,healthy,SYNTHETIC_DEMONSTRATION_ONLY
L02-C019,LOT-02,SYNTH-SPACE-ASIC-A,Iddq,0,9.951694,uA,125.0,3.3,0.0,50.0,healthy,SYNTHETIC_DEMONSTRATION_ONLY
L02-C019,LOT-02,SYNTH-SPACE-ASIC-A,Iddq,24,10.099578,uA,125.0,3.3,0.0,50.0,healthy,SYNTHETIC_DEMONSTRATION_ONLY
L02-C019,LOT-02,SYNTH-SPACE-ASIC-A,Iddq,96,10.501975,uA,125.0,3.3,0.0,50.0,healthy,SYNTHETIC_DEMONSTRATION_ONLY
L02-C019,LOT-02,SYNTH-SPACE-ASIC-A,Iddq,168,10.856761,uA,125.0,3.3,0.0,50.0,healthy,SYNTHETIC_DEMONSTRATION_ONLY
L02-C019,LOT-02,SYNTH-SPACE-ASIC-A,LeakageCurrent,0,5.24658,uA,125.0,3.3,0.0,20.0,healthy,SYNTHETIC_DEMONSTRATION_ONLY
L02-C019,LOT-02,SYNTH-SPACE-ASIC-A,LeakageCurrent,24,5.21737,uA,125.0,3.3,0.0,20.0,healthy,SYNTHETIC_DEMONSTRATION_ONLY
L02-C019,LOT-02,SYNTH-SPACE-ASIC-A,LeakageCurrent,96,5.735942,uA,125.0,3.3,0.0,20.0,healthy,SYNTHETIC_DEMONSTRATION_ONLY
L02-C019,LOT-02,SYNTH-SPACE-ASIC-A,LeakageCurrent,168,6.090461,uA,125.0,3.3,0.0,20.0,healthy,SYNTHETIC_DEMONSTRATION_ONLY
L02-C020,LOT-02,SYNTH-SPACE-ASIC-A,Iddq,0,9.483086,uA,125.0,3.3,0.0,50.0,healthy,SYNTHETIC_DEMONSTRATION_ONLY
L02-C020,LOT-02,SYNTH-SPACE-ASIC-A,Iddq,24,9.784204,uA,125.0,3.3,0.0,50.0,healthy,SYNTHETIC_DEMONSTRATION_ONLY
L02-C020,LOT-02,SYNTH-SPACE-ASIC-A,Iddq,96,9.9269,uA,125.0,3.3,0.0,50.0,healthy,SYNTHETIC_DEMONSTRATION_ONLY
L02-C020,LOT-02,SYNTH-SPACE-ASIC-A,Iddq,168,10.564265,uA,125.0,3.3,0.0,50.0,healthy,SYNTHETIC_DEMONSTRATION_ONLY
L02-C020,LOT-02,SYNTH-SPACE-ASIC-A,LeakageCurrent,0,4.81167,uA,125.0,3.3,0.0,20.0,healthy,SYNTHETIC_DEMONSTRATION_ONLY
L02-C020,LOT-02,SYNTH-SPACE-ASIC-A,LeakageCurrent,24,4.986738,uA,125.0,3.3,0.0,20.0,healthy,SYNTHETIC_DEMONSTRATION_ONLY
L02-C020,LOT-02,SYNTH-SPACE-ASIC-A,LeakageCurrent,96,5.302054,uA,125.0,3.3,0.0,20.0,healthy,SYNTHETIC_DEMONSTRATION_ONLY
L02-C020,LOT-02,SYNTH-SPACE-ASIC-A,LeakageCurrent,168,5.62887,uA,125.0,3.3,0.0,20.0,healthy,SYNTHETIC_DEMONSTRATION_ONLY
L02-C021,LOT-02,SYNTH-SPACE-ASIC-A,Iddq,0,11.639415,uA,125.0,3.3,0.0,50.0,healthy,SYNTHETIC_DEMONSTRATION_ONLY
L02-C021,LOT-02,SYNTH-SPACE-ASIC-A,Iddq,24,11.677035,uA,125.0,3.3,0.0,50.0,healthy,SYNTHETIC_DEMONSTRATION_ONLY
L02-C021,LOT-02,SYNTH-SPACE-ASIC-A,Iddq,96,12.129705,uA,125.0,3.3,0.0,50.0,healthy,SYNTHETIC_DEMONSTRATION_ONLY
L02-C021,LOT-02,SYNTH-SPACE-ASIC-A,Iddq,168,12.186626,uA,125.0,3.3,0.0,50.0,healthy,SYNTHETIC_DEMONSTRATION_ONLY
L02-C021,LOT-02,SYNTH-SPACE-ASIC-A,LeakageCurrent,0,4.232114,uA,125.0,3.3,0.0,20.0,healthy,SYNTHETIC_DEMONSTRATION_ONLY
L02-C021,LOT-02,SYNTH-SPACE-ASIC-A,LeakageCurrent,24,4.271158,uA,125.0,3.3,0.0,20.0,healthy,SYNTHETIC_DEMONSTRATION_ONLY
L02-C021,LOT-02,SYNTH-SPACE-ASIC-A,LeakageCurrent,96,4.268866,uA,125.0,3.3,0.0,20.0,healthy,SYNTHETIC_DEMONSTRATION_ONLY
L02-C021,LOT-02,SYNTH-SPACE-ASIC-A,LeakageCurrent,168,4.080097,uA,125.0,3.3,0.0,20.0,healthy,SYNTHETIC_DEMONSTRATION_ONLY
L02-C022,LOT-02,SYNTH-SPACE-ASIC-A,Iddq,0,11.051405,uA,125.0,3.3,0.0,50.0,healthy,SYNTHETIC_DEMONSTRATION_ONLY
L02-C022,LOT-02,SYNTH-SPACE-ASIC-A,Iddq,24,11.15374,uA,125.0,3.3,0.0,50.0,healthy,SYNTHETIC_DEMONSTRATION_ONLY
L02-C022,LOT-02,SYNTH-SPACE-ASIC-A,Iddq,96,11.320333,uA,125.0,3.3,0.0,50.0,healthy,SYNTHETIC_DEMONSTRATION_ONLY
L02-C022,LOT-02,SYNTH-SPACE-ASIC-A,Iddq,168,11.562172,uA,125.0,3.3,0.0,50.0,healthy,SYNTHETIC_DEMONSTRATION_ONLY
L02-C022,LOT-02,SYNTH-SPACE-ASIC-A,LeakageCurrent,0,4.999034,uA,125.0,3.3,0.0,20.0,healthy,SYNTHETIC_DEMONSTRATION_ONLY
L02-C022,LOT-02,SYNTH-SPACE-ASIC-A,LeakageCurrent,24,5.161759,uA,125.0,3.3,0.0,20.0,healthy,SYNTHETIC_DEMONSTRATION_ONLY
L02-C022,LOT-02,SYNTH-SPACE-ASIC-A,LeakageCurrent,96,5.222395,uA,125.0,3.3,0.0,20.0,healthy,SYNTHETIC_DEMONSTRATION_ONLY
L02-C022,LOT-02,SYNTH-SPACE-ASIC-A,LeakageCurrent,168,5.354772,uA,125.0,3.3,0.0,20.0,healthy,SYNTHETIC_DEMONSTRATION_ONLY
L02-C023,LOT-02,SYNTH-SPACE-ASIC-A,Iddq,0,11.110405,uA,125.0,3.3,0.0,50.0,healthy,SYNTHETIC_DEMONSTRATION_ONLY
L02-C023,LOT-02,SYNTH-SPACE-ASIC-A,Iddq,24,11.032571,uA,125.0,3.3,0.0,50.0,healthy,SYNTHETIC_DEMONSTRATION_ONLY
L02-C023,LOT-02,SYNTH-SPACE-ASIC-A,Iddq,96,11.620633,uA,125.0,3.3,0.0,50.0,healthy,SYNTHETIC_DEMONSTRATION_ONLY
L02-C023,LOT-02,SYNTH-SPACE-ASIC-A,Iddq,168,11.810581,uA,125.0,3.3,0.0,50.0,healthy,SYNTHETIC_DEMONSTRATION_ONLY
L02-C023,LOT-02,SYNTH-SPACE-ASIC-A,LeakageCurrent,0,4.87271,uA,125.0,3.3,0.0,20.0,healthy,SYNTHETIC_DEMONSTRATION_ONLY
L02-C023,LOT-02,SYNTH-SPACE-ASIC-A,LeakageCurrent,24,4.757107,uA,125.0,3.3,0.0,20.0,healthy,SYNTHETIC_DEMONSTRATION_ONLY
L02-C023,LOT-02,SYNTH-SPACE-ASIC-A,LeakageCurrent,96,4.858451,uA,125.0,3.3,0.0,20.0,healthy,SYNTHETIC_DEMONSTRATION_ONLY
L02-C023,LOT-02,SYNTH-SPACE-ASIC-A,LeakageCurrent,168,4.873234,uA,125.0,3.3,0.0,20.0,healthy,SYNTHETIC_DEMONSTRATION_ONLY
L02-C024,LOT-02,SYNTH-SPACE-ASIC-A,Iddq,0,55.588332,uA,125.0,3.3,0.0,50.0,defective,SYNTHETIC_DEMONSTRATION_ONLY
L02-C024,LOT-02,SYNTH-SPACE-ASIC-A,Iddq,24,55.875346,uA,125.0,3.3,0.0,50.0,defective,SYNTHETIC_DEMONSTRATION_ONLY
L02-C024,LOT-02,SYNTH-SPACE-ASIC-A,Iddq,96,57.299734,uA,125.0,3.3,0.0,50.0,defective,SYNTHETIC_DEMONSTRATION_ONLY
L02-C024,LOT-02,SYNTH-SPACE-ASIC-A,Iddq,168,58.797818,uA,125.0,3.3,0.0,50.0,defective,SYNTHETIC_DEMONSTRATION_ONLY
L02-C024,LOT-02,SYNTH-SPACE-ASIC-A,LeakageCurrent,0,22.905674,uA,125.0,3.3,0.0,20.0,defective,SYNTHETIC_DEMONSTRATION_ONLY
L02-C024,LOT-02,SYNTH-SPACE-ASIC-A,LeakageCurrent,24,23.238856,uA,125.0,3.3,0.0,20.0,defective,SYNTHETIC_DEMONSTRATION_ONLY
L02-C024,LOT-02,SYNTH-SPACE-ASIC-A,LeakageCurrent,96,24.972833,uA,125.0,3.3,0.0,20.0,defective,SYNTHETIC_DEMONSTRATION_ONLY
L02-C024,LOT-02,SYNTH-SPACE-ASIC-A,LeakageCurrent,168,26.935187,uA,125.0,3.3,0.0,20.0,defective,SYNTHETIC_DEMONSTRATION_ONLY
L02-C025,LOT-02,SYNTH-SPACE-ASIC-A,Iddq,0,10.863224,uA,125.0,3.3,0.0,50.0,healthy,SYNTHETIC_DEMONSTRATION_ONLY
L02-C025,LOT-02,SYNTH-SPACE-ASIC-A,Iddq,24,10.823891,uA,125.0,3.3,0.0,50.0,healthy,SYNTHETIC_DEMONSTRATION_ONLY
L02-C025,LOT-02,SYNTH-SPACE-ASIC-A,Iddq,96,11.134655,uA,125.0,3.3,0.0,50.0,healthy,SYNTHETIC_DEMONSTRATION_ONLY
L02-C025,LOT-02,SYNTH-SPACE-ASIC-A,Iddq,168,11.569601,uA,125.0,3.3,0.0,50.0,healthy,SYNTHETIC_DEMONSTRATION_ONLY
L02-C025,LOT-02,SYNTH-SPACE-ASIC-A,LeakageCurrent,0,5.006298,uA,125.0,3.3,0.0,20.0,healthy,SYNTHETIC_DEMONSTRATION_ONLY
L02-C025,LOT-02,SYNTH-SPACE-ASIC-A,LeakageCurrent,24,5.120844,uA,125.0,3.3,0.0,20.0,healthy,SYNTHETIC_DEMONSTRATION_ONLY
L02-C025,LOT-02,SYNTH-SPACE-ASIC-A,LeakageCurrent,96,5.432943,uA,125.0,3.3,0.0,20.0,healthy,SYNTHETIC_DEMONSTRATION_ONLY
L02-C025,LOT-02,SYNTH-SPACE-ASIC-A,LeakageCurrent,168,5.773852,uA,125.0,3.3,0.0,20.0,healthy,SYNTHETIC_DEMONSTRATION_ONLY
L02-C026,LOT-02,SYNTH-SPACE-ASIC-A,Iddq,0,11.115462,uA,125.0,3.3,0.0,50.0,defective,SYNTHETIC_DEMONSTRATION_ONLY
L02-C026,LOT-02,SYNTH-SPACE-ASIC-A,Iddq,24,11.587246,uA,125.0,3.3,0.0,50.0,defective,SYNTHETIC_DEMONSTRATION_ONLY
L02-C026,LOT-02,SYNTH-SPACE-ASIC-A,Iddq,96,13.170189,uA,125.0,3.3,0.0,50.0,defective,SYNTHETIC_DEMONSTRATION_ONLY
L02-C026,LOT-02,SYNTH-SPACE-ASIC-A,Iddq,168,14.932987,uA,125.0,3.3,0.0,50.0,defective,SYNTHETIC_DEMONSTRATION_ONLY
L02-C026,LOT-02,SYNTH-SPACE-ASIC-A,LeakageCurrent,0,4.801487,uA,125.0,3.3,0.0,20.0,defective,SYNTHETIC_DEMONSTRATION_ONLY
L02-C026,LOT-02,SYNTH-SPACE-ASIC-A,LeakageCurrent,24,5.176315,uA,125.0,3.3,0.0,20.0,defective,SYNTHETIC_DEMONSTRATION_ONLY
L02-C026,LOT-02,SYNTH-SPACE-ASIC-A,LeakageCurrent,96,6.70642,uA,125.0,3.3,0.0,20.0,defective,SYNTHETIC_DEMONSTRATION_ONLY
L02-C026,LOT-02,SYNTH-SPACE-ASIC-A,LeakageCurrent,168,8.496387,uA,125.0,3.3,0.0,20.0,defective,SYNTHETIC_DEMONSTRATION_ONLY
L02-C027,LOT-02,SYNTH-SPACE-ASIC-A,Iddq,0,10.362768,uA,125.0,3.3,0.0,50.0,healthy,SYNTHETIC_DEMONSTRATION_ONLY
L02-C027,LOT-02,SYNTH-SPACE-ASIC-A,Iddq,24,10.178929,uA,125.0,3.3,0.0,50.0,healthy,SYNTHETIC_DEMONSTRATION_ONLY
L02-C027,LOT-02,SYNTH-SPACE-ASIC-A,Iddq,96,10.312203,uA,125.0,3.3,0.0,50.0,healthy,SYNTHETIC_DEMONSTRATION_ONLY
L02-C027,LOT-02,SYNTH-SPACE-ASIC-A,Iddq,168,10.365034,uA,125.0,3.3,0.0,50.0,healthy,SYNTHETIC_DEMONSTRATION_ONLY
L02-C027,LOT-02,SYNTH-SPACE-ASIC-A,LeakageCurrent,0,4.126197,uA,125.0,3.3,0.0,20.0,healthy,SYNTHETIC_DEMONSTRATION_ONLY
L02-C027,LOT-02,SYNTH-SPACE-ASIC-A,LeakageCurrent,24,4.285065,uA,125.0,3.3,0.0,20.0,healthy,SYNTHETIC_DEMONSTRATION_ONLY
L02-C027,LOT-02,SYNTH-SPACE-ASIC-A,LeakageCurrent,96,4.597226,uA,125.0,3.3,0.0,20.0,healthy,SYNTHETIC_DEMONSTRATION_ONLY
L02-C027,LOT-02,SYNTH-SPACE-ASIC-A,LeakageCurrent,168,4.905418,uA,125.0,3.3,0.0,20.0,healthy,SYNTHETIC_DEMONSTRATION_ONLY
L02-C028,LOT-02,SYNTH-SPACE-ASIC-A,Iddq,0,10.463802,uA,125.0,3.3,0.0,50.0,healthy,SYNTHETIC_DEMONSTRATION_ONLY
L02-C028,LOT-02,SYNTH-SPACE-ASIC-A,Iddq,24,10.202653,uA,125.0,3.3,0.0,50.0,healthy,SYNTHETIC_DEMONSTRATION_ONLY
L02-C028,LOT-02,SYNTH-SPACE-ASIC-A,Iddq,96,10.534989,uA,125.0,3.3,0.0,50.0,healthy,SYNTHETIC_DEMONSTRATION_ONLY
L02-C028,LOT-02,SYNTH-SPACE-ASIC-A,Iddq,168,10.836168,uA,125.0,3.3,0.0,50.0,healthy,SYNTHETIC_DEMONSTRATION_ONLY
L02-C028,LOT-02,SYNTH-SPACE-ASIC-A,LeakageCurrent,0,4.766393,uA,125.0,3.3,0.0,20.0,healthy,SYNTHETIC_DEMONSTRATION_ONLY
L02-C028,LOT-02,SYNTH-SPACE-ASIC-A,LeakageCurrent,24,4.679206,uA,125.0,3.3,0.0,20.0,healthy,SYNTHETIC_DEMONSTRATION_ONLY
L02-C028,LOT-02,SYNTH-SPACE-ASIC-A,LeakageCurrent,96,4.820868,uA,125.0,3.3,0.0,20.0,healthy,SYNTHETIC_DEMONSTRATION_ONLY
L02-C028,LOT-02,SYNTH-SPACE-ASIC-A,LeakageCurrent,168,5.03345,uA,125.0,3.3,0.0,20.0,healthy,SYNTHETIC_DEMONSTRATION_ONLY
L03-C001,LOT-03,SYNTH-SPACE-ASIC-A,Iddq,0,8.510413,uA,125.0,3.3,0.0,50.0,healthy,SYNTHETIC_DEMONSTRATION_ONLY
L03-C001,LOT-03,SYNTH-SPACE-ASIC-A,Iddq,24,8.617228,uA,125.0,3.3,0.0,50.0,healthy,SYNTHETIC_DEMONSTRATION_ONLY
L03-C001,LOT-03,SYNTH-SPACE-ASIC-A,Iddq,96,8.73876,uA,125.0,3.3,0.0,50.0,healthy,SYNTHETIC_DEMONSTRATION_ONLY
L03-C001,LOT-03,SYNTH-SPACE-ASIC-A,Iddq,168,8.911757,uA,125.0,3.3,0.0,50.0,healthy,SYNTHETIC_DEMONSTRATION_ONLY
L03-C001,LOT-03,SYNTH-SPACE-ASIC-A,LeakageCurrent,0,2.593516,uA,125.0,3.3,0.0,20.0,healthy,SYNTHETIC_DEMONSTRATION_ONLY
L03-C001,LOT-03,SYNTH-SPACE-ASIC-A,LeakageCurrent,24,2.616838,uA,125.0,3.3,0.0,20.0,healthy,SYNTHETIC_DEMONSTRATION_ONLY
L03-C001,LOT-03,SYNTH-SPACE-ASIC-A,LeakageCurrent,96,2.831098,uA,125.0,3.3,0.0,20.0,healthy,SYNTHETIC_DEMONSTRATION_ONLY
L03-C001,LOT-03,SYNTH-SPACE-ASIC-A,LeakageCurrent,168,3.111406,uA,125.0,3.3,0.0,20.0,healthy,SYNTHETIC_DEMONSTRATION_ONLY
L03-C002,LOT-03,SYNTH-SPACE-ASIC-A,Iddq,0,9.022491,uA,125.0,3.3,0.0,50.0,healthy,SYNTHETIC_DEMONSTRATION_ONLY
L03-C002,LOT-03,SYNTH-SPACE-ASIC-A,Iddq,24,9.010681,uA,125.0,3.3,0.0,50.0,healthy,SYNTHETIC_DEMONSTRATION_ONLY
L03-C002,LOT-03,SYNTH-SPACE-ASIC-A,Iddq,96,8.943048,uA,125.0,3.3,0.0,50.0,healthy,SYNTHETIC_DEMONSTRATION_ONLY
L03-C002,LOT-03,SYNTH-SPACE-ASIC-A,Iddq,168,9.186867,uA,125.0,3.3,0.0,50.0,healthy,SYNTHETIC_DEMONSTRATION_ONLY
L03-C002,LOT-03,SYNTH-SPACE-ASIC-A,LeakageCurrent,0,3.85828,uA,125.0,3.3,0.0,20.0,healthy,SYNTHETIC_DEMONSTRATION_ONLY
L03-C002,LOT-03,SYNTH-SPACE-ASIC-A,LeakageCurrent,24,3.863657,uA,125.0,3.3,0.0,20.0,healthy,SYNTHETIC_DEMONSTRATION_ONLY
L03-C002,LOT-03,SYNTH-SPACE-ASIC-A,LeakageCurrent,96,4.337738,uA,125.0,3.3,0.0,20.0,healthy,SYNTHETIC_DEMONSTRATION_ONLY
L03-C002,LOT-03,SYNTH-SPACE-ASIC-A,LeakageCurrent,168,4.433198,uA,125.0,3.3,0.0,20.0,healthy,SYNTHETIC_DEMONSTRATION_ONLY
L03-C003,LOT-03,SYNTH-SPACE-ASIC-A,Iddq,0,8.758977,uA,125.0,3.3,0.0,50.0,healthy,SYNTHETIC_DEMONSTRATION_ONLY
L03-C003,LOT-03,SYNTH-SPACE-ASIC-A,Iddq,24,8.680045,uA,125.0,3.3,0.0,50.0,healthy,SYNTHETIC_DEMONSTRATION_ONLY
L03-C003,LOT-03,SYNTH-SPACE-ASIC-A,Iddq,96,8.923626,uA,125.0,3.3,0.0,50.0,healthy,SYNTHETIC_DEMONSTRATION_ONLY
L03-C003,LOT-03,SYNTH-SPACE-ASIC-A,Iddq,168,9.252107,uA,125.0,3.3,0.0,50.0,healthy,SYNTHETIC_DEMONSTRATION_ONLY
L03-C003,LOT-03,SYNTH-SPACE-ASIC-A,LeakageCurrent,0,3.8123,uA,125.0,3.3,0.0,20.0,healthy,SYNTHETIC_DEMONSTRATION_ONLY
L03-C003,LOT-03,SYNTH-SPACE-ASIC-A,LeakageCurrent,24,3.755002,uA,125.0,3.3,0.0,20.0,healthy,SYNTHETIC_DEMONSTRATION_ONLY
L03-C003,LOT-03,SYNTH-SPACE-ASIC-A,LeakageCurrent,96,3.967365,uA,125.0,3.3,0.0,20.0,healthy,SYNTHETIC_DEMONSTRATION_ONLY
L03-C003,LOT-03,SYNTH-SPACE-ASIC-A,LeakageCurrent,168,3.979407,uA,125.0,3.3,0.0,20.0,healthy,SYNTHETIC_DEMONSTRATION_ONLY
L03-C004,LOT-03,SYNTH-SPACE-ASIC-A,Iddq,0,9.528432,uA,125.0,3.3,0.0,50.0,defective,SYNTHETIC_DEMONSTRATION_ONLY
L03-C004,LOT-03,SYNTH-SPACE-ASIC-A,Iddq,24,9.595828,uA,125.0,3.3,0.0,50.0,defective,SYNTHETIC_DEMONSTRATION_ONLY
L03-C004,LOT-03,SYNTH-SPACE-ASIC-A,Iddq,96,10.776249,uA,125.0,3.3,0.0,50.0,defective,SYNTHETIC_DEMONSTRATION_ONLY
L03-C004,LOT-03,SYNTH-SPACE-ASIC-A,Iddq,168,11.753378,uA,125.0,3.3,0.0,50.0,defective,SYNTHETIC_DEMONSTRATION_ONLY
L03-C004,LOT-03,SYNTH-SPACE-ASIC-A,LeakageCurrent,0,3.184879,uA,125.0,3.3,0.0,20.0,defective,SYNTHETIC_DEMONSTRATION_ONLY
L03-C004,LOT-03,SYNTH-SPACE-ASIC-A,LeakageCurrent,24,3.458401,uA,125.0,3.3,0.0,20.0,defective,SYNTHETIC_DEMONSTRATION_ONLY
L03-C004,LOT-03,SYNTH-SPACE-ASIC-A,LeakageCurrent,96,4.73518,uA,125.0,3.3,0.0,20.0,defective,SYNTHETIC_DEMONSTRATION_ONLY
L03-C004,LOT-03,SYNTH-SPACE-ASIC-A,LeakageCurrent,168,6.044148,uA,125.0,3.3,0.0,20.0,defective,SYNTHETIC_DEMONSTRATION_ONLY
L03-C005,LOT-03,SYNTH-SPACE-ASIC-A,Iddq,0,9.77129,uA,125.0,3.3,0.0,50.0,healthy,SYNTHETIC_DEMONSTRATION_ONLY
L03-C005,LOT-03,SYNTH-SPACE-ASIC-A,Iddq,24,9.629774,uA,125.0,3.3,0.0,50.0,healthy,SYNTHETIC_DEMONSTRATION_ONLY
L03-C005,LOT-03,SYNTH-SPACE-ASIC-A,Iddq,96,9.951011,uA,125.0,3.3,0.0,50.0,healthy,SYNTHETIC_DEMONSTRATION_ONLY
L03-C005,LOT-03,SYNTH-SPACE-ASIC-A,Iddq,168,10.164571,uA,125.0,3.3,0.0,50.0,healthy,SYNTHETIC_DEMONSTRATION_ONLY
L03-C005,LOT-03,SYNTH-SPACE-ASIC-A,LeakageCurrent,0,3.786675,uA,125.0,3.3,0.0,20.0,healthy,SYNTHETIC_DEMONSTRATION_ONLY
L03-C005,LOT-03,SYNTH-SPACE-ASIC-A,LeakageCurrent,24,3.852285,uA,125.0,3.3,0.0,20.0,healthy,SYNTHETIC_DEMONSTRATION_ONLY
L03-C005,LOT-03,SYNTH-SPACE-ASIC-A,LeakageCurrent,96,3.805831,uA,125.0,3.3,0.0,20.0,healthy,SYNTHETIC_DEMONSTRATION_ONLY
L03-C005,LOT-03,SYNTH-SPACE-ASIC-A,LeakageCurrent,168,4.077194,uA,125.0,3.3,0.0,20.0,healthy,SYNTHETIC_DEMONSTRATION_ONLY
L03-C006,LOT-03,SYNTH-SPACE-ASIC-A,Iddq,0,8.800239,uA,125.0,3.3,0.0,50.0,defective,SYNTHETIC_DEMONSTRATION_ONLY
L03-C006,LOT-03,SYNTH-SPACE-ASIC-A,Iddq,24,8.933965,uA,125.0,3.3,0.0,50.0,defective,SYNTHETIC_DEMONSTRATION_ONLY
L03-C006,LOT-03,SYNTH-SPACE-ASIC-A,Iddq,96,9.720198,uA,125.0,3.3,0.0,50.0,defective,SYNTHETIC_DEMONSTRATION_ONLY
L03-C006,LOT-03,SYNTH-SPACE-ASIC-A,Iddq,168,10.521196,uA,125.0,3.3,0.0,50.0,defective,SYNTHETIC_DEMONSTRATION_ONLY
L03-C006,LOT-03,SYNTH-SPACE-ASIC-A,LeakageCurrent,0,2.9674,uA,125.0,3.3,0.0,20.0,defective,SYNTHETIC_DEMONSTRATION_ONLY
L03-C006,LOT-03,SYNTH-SPACE-ASIC-A,LeakageCurrent,24,3.19922,uA,125.0,3.3,0.0,20.0,defective,SYNTHETIC_DEMONSTRATION_ONLY
L03-C006,LOT-03,SYNTH-SPACE-ASIC-A,LeakageCurrent,96,4.146536,uA,125.0,3.3,0.0,20.0,defective,SYNTHETIC_DEMONSTRATION_ONLY
L03-C006,LOT-03,SYNTH-SPACE-ASIC-A,LeakageCurrent,168,5.022329,uA,125.0,3.3,0.0,20.0,defective,SYNTHETIC_DEMONSTRATION_ONLY
L03-C007,LOT-03,SYNTH-SPACE-ASIC-A,Iddq,0,8.62434,uA,125.0,3.3,0.0,50.0,healthy,SYNTHETIC_DEMONSTRATION_ONLY
L03-C007,LOT-03,SYNTH-SPACE-ASIC-A,Iddq,24,8.753523,uA,125.0,3.3,0.0,50.0,healthy,SYNTHETIC_DEMONSTRATION_ONLY
L03-C007,LOT-03,SYNTH-SPACE-ASIC-A,Iddq,96,8.599558,uA,125.0,3.3,0.0,50.0,healthy,SYNTHETIC_DEMONSTRATION_ONLY
L03-C007,LOT-03,SYNTH-SPACE-ASIC-A,Iddq,168,9.116206,uA,125.0,3.3,0.0,50.0,healthy,SYNTHETIC_DEMONSTRATION_ONLY
L03-C007,LOT-03,SYNTH-SPACE-ASIC-A,LeakageCurrent,0,2.661018,uA,125.0,3.3,0.0,20.0,healthy,SYNTHETIC_DEMONSTRATION_ONLY
L03-C007,LOT-03,SYNTH-SPACE-ASIC-A,LeakageCurrent,24,2.647445,uA,125.0,3.3,0.0,20.0,healthy,SYNTHETIC_DEMONSTRATION_ONLY
L03-C007,LOT-03,SYNTH-SPACE-ASIC-A,LeakageCurrent,96,2.554794,uA,125.0,3.3,0.0,20.0,healthy,SYNTHETIC_DEMONSTRATION_ONLY
L03-C007,LOT-03,SYNTH-SPACE-ASIC-A,LeakageCurrent,168,2.648261,uA,125.0,3.3,0.0,20.0,healthy,SYNTHETIC_DEMONSTRATION_ONLY
L03-C008,LOT-03,SYNTH-SPACE-ASIC-A,Iddq,0,10.134646,uA,125.0,3.3,0.0,50.0,healthy,SYNTHETIC_DEMONSTRATION_ONLY
L03-C008,LOT-03,SYNTH-SPACE-ASIC-A,Iddq,24,10.034333,uA,125.0,3.3,0.0,50.0,healthy,SYNTHETIC_DEMONSTRATION_ONLY
L03-C008,LOT-03,SYNTH-SPACE-ASIC-A,Iddq,96,10.01868,uA,125.0,3.3,0.0,50.0,healthy,SYNTHETIC_DEMONSTRATION_ONLY
L03-C008,LOT-03,SYNTH-SPACE-ASIC-A,Iddq,168,10.427271,uA,125.0,3.3,0.0,50.0,healthy,SYNTHETIC_DEMONSTRATION_ONLY
L03-C008,LOT-03,SYNTH-SPACE-ASIC-A,LeakageCurrent,0,2.608419,uA,125.0,3.3,0.0,20.0,healthy,SYNTHETIC_DEMONSTRATION_ONLY
L03-C008,LOT-03,SYNTH-SPACE-ASIC-A,LeakageCurrent,24,2.589511,uA,125.0,3.3,0.0,20.0,healthy,SYNTHETIC_DEMONSTRATION_ONLY
L03-C008,LOT-03,SYNTH-SPACE-ASIC-A,LeakageCurrent,96,2.793172,uA,125.0,3.3,0.0,20.0,healthy,SYNTHETIC_DEMONSTRATION_ONLY
L03-C008,LOT-03,SYNTH-SPACE-ASIC-A,LeakageCurrent,168,2.798494,uA,125.0,3.3,0.0,20.0,healthy,SYNTHETIC_DEMONSTRATION_ONLY
L03-C009,LOT-03,SYNTH-SPACE-ASIC-A,Iddq,0,9.227265,uA,125.0,3.3,0.0,50.0,healthy,SYNTHETIC_DEMONSTRATION_ONLY
L03-C009,LOT-03,SYNTH-SPACE-ASIC-A,Iddq,24,9.212906,uA,125.0,3.3,0.0,50.0,healthy,SYNTHETIC_DEMONSTRATION_ONLY
L03-C009,LOT-03,SYNTH-SPACE-ASIC-A,Iddq,96,9.257372,uA,125.0,3.3,0.0,50.0,healthy,SYNTHETIC_DEMONSTRATION_ONLY
L03-C009,LOT-03,SYNTH-SPACE-ASIC-A,Iddq,168,9.466672,uA,125.0,3.3,0.0,50.0,healthy,SYNTHETIC_DEMONSTRATION_ONLY
L03-C009,LOT-03,SYNTH-SPACE-ASIC-A,LeakageCurrent,0,3.962437,uA,125.0,3.3,0.0,20.0,healthy,SYNTHETIC_DEMONSTRATION_ONLY
L03-C009,LOT-03,SYNTH-SPACE-ASIC-A,LeakageCurrent,24,3.987984,uA,125.0,3.3,0.0,20.0,healthy,SYNTHETIC_DEMONSTRATION_ONLY
L03-C009,LOT-03,SYNTH-SPACE-ASIC-A,LeakageCurrent,96,4.204444,uA,125.0,3.3,0.0,20.0,healthy,SYNTHETIC_DEMONSTRATION_ONLY
L03-C009,LOT-03,SYNTH-SPACE-ASIC-A,LeakageCurrent,168,4.396726,uA,125.0,3.3,0.0,20.0,healthy,SYNTHETIC_DEMONSTRATION_ONLY
L03-C010,LOT-03,SYNTH-SPACE-ASIC-A,Iddq,0,9.220363,uA,125.0,3.3,0.0,50.0,healthy,SYNTHETIC_DEMONSTRATION_ONLY
L03-C010,LOT-03,SYNTH-SPACE-ASIC-A,Iddq,24,9.330022,uA,125.0,3.3,0.0,50.0,healthy,SYNTHETIC_DEMONSTRATION_ONLY
L03-C010,LOT-03,SYNTH-SPACE-ASIC-A,Iddq,96,9.48067,uA,125.0,3.3,0.0,50.0,healthy,SYNTHETIC_DEMONSTRATION_ONLY
L03-C010,LOT-03,SYNTH-SPACE-ASIC-A,Iddq,168,9.99927,uA,125.0,3.3,0.0,50.0,healthy,SYNTHETIC_DEMONSTRATION_ONLY
L03-C010,LOT-03,SYNTH-SPACE-ASIC-A,LeakageCurrent,0,3.104404,uA,125.0,3.3,0.0,20.0,healthy,SYNTHETIC_DEMONSTRATION_ONLY
L03-C010,LOT-03,SYNTH-SPACE-ASIC-A,LeakageCurrent,24,3.076448,uA,125.0,3.3,0.0,20.0,healthy,SYNTHETIC_DEMONSTRATION_ONLY
L03-C010,LOT-03,SYNTH-SPACE-ASIC-A,LeakageCurrent,96,3.377059,uA,125.0,3.3,0.0,20.0,healthy,SYNTHETIC_DEMONSTRATION_ONLY
L03-C010,LOT-03,SYNTH-SPACE-ASIC-A,LeakageCurrent,168,3.644289,uA,125.0,3.3,0.0,20.0,healthy,SYNTHETIC_DEMONSTRATION_ONLY
L03-C011,LOT-03,SYNTH-SPACE-ASIC-A,Iddq,0,9.778588,uA,125.0,3.3,0.0,50.0,healthy,SYNTHETIC_DEMONSTRATION_ONLY
L03-C011,LOT-03,SYNTH-SPACE-ASIC-A,Iddq,24,9.894785,uA,125.0,3.3,0.0,50.0,healthy,SYNTHETIC_DEMONSTRATION_ONLY
L03-C011,LOT-03,SYNTH-SPACE-ASIC-A,Iddq,96,9.860498,uA,125.0,3.3,0.0,50.0,healthy,SYNTHETIC_DEMONSTRATION_ONLY
L03-C011,LOT-03,SYNTH-SPACE-ASIC-A,Iddq,168,9.776086,uA,125.0,3.3,0.0,50.0,healthy,SYNTHETIC_DEMONSTRATION_ONLY
L03-C011,LOT-03,SYNTH-SPACE-ASIC-A,LeakageCurrent,0,3.127621,uA,125.0,3.3,0.0,20.0,healthy,SYNTHETIC_DEMONSTRATION_ONLY
L03-C011,LOT-03,SYNTH-SPACE-ASIC-A,LeakageCurrent,24,3.226024,uA,125.0,3.3,0.0,20.0,healthy,SYNTHETIC_DEMONSTRATION_ONLY
L03-C011,LOT-03,SYNTH-SPACE-ASIC-A,LeakageCurrent,96,3.375861,uA,125.0,3.3,0.0,20.0,healthy,SYNTHETIC_DEMONSTRATION_ONLY
L03-C011,LOT-03,SYNTH-SPACE-ASIC-A,LeakageCurrent,168,3.697608,uA,125.0,3.3,0.0,20.0,healthy,SYNTHETIC_DEMONSTRATION_ONLY
L03-C012,LOT-03,SYNTH-SPACE-ASIC-A,Iddq,0,9.211996,uA,125.0,3.3,0.0,50.0,healthy,SYNTHETIC_DEMONSTRATION_ONLY
L03-C012,LOT-03,SYNTH-SPACE-ASIC-A,Iddq,24,9.11039,uA,125.0,3.3,0.0,50.0,healthy,SYNTHETIC_DEMONSTRATION_ONLY
L03-C012,LOT-03,SYNTH-SPACE-ASIC-A,Iddq,96,9.226793,uA,125.0,3.3,0.0,50.0,healthy,SYNTHETIC_DEMONSTRATION_ONLY
L03-C012,LOT-03,SYNTH-SPACE-ASIC-A,Iddq,168,9.232579,uA,125.0,3.3,0.0,50.0,healthy,SYNTHETIC_DEMONSTRATION_ONLY
L03-C012,LOT-03,SYNTH-SPACE-ASIC-A,LeakageCurrent,0,3.552601,uA,125.0,3.3,0.0,20.0,healthy,SYNTHETIC_DEMONSTRATION_ONLY
L03-C012,LOT-03,SYNTH-SPACE-ASIC-A,LeakageCurrent,24,3.40804,uA,125.0,3.3,0.0,20.0,healthy,SYNTHETIC_DEMONSTRATION_ONLY
L03-C012,LOT-03,SYNTH-SPACE-ASIC-A,LeakageCurrent,96,3.251194,uA,125.0,3.3,0.0,20.0,healthy,SYNTHETIC_DEMONSTRATION_ONLY
L03-C012,LOT-03,SYNTH-SPACE-ASIC-A,LeakageCurrent,168,3.043389,uA,125.0,3.3,0.0,20.0,healthy,SYNTHETIC_DEMONSTRATION_ONLY
L03-C013,LOT-03,SYNTH-SPACE-ASIC-A,Iddq,0,7.843609,uA,125.0,3.3,0.0,50.0,healthy,SYNTHETIC_DEMONSTRATION_ONLY
L03-C013,LOT-03,SYNTH-SPACE-ASIC-A,Iddq,24,7.833411,uA,125.0,3.3,0.0,50.0,healthy,SYNTHETIC_DEMONSTRATION_ONLY
L03-C013,LOT-03,SYNTH-SPACE-ASIC-A,Iddq,96,8.272473,uA,125.0,3.3,0.0,50.0,healthy,SYNTHETIC_DEMONSTRATION_ONLY
L03-C013,LOT-03,SYNTH-SPACE-ASIC-A,Iddq,168,8.57958,uA,125.0,3.3,0.0,50.0,healthy,SYNTHETIC_DEMONSTRATION_ONLY
L03-C013,LOT-03,SYNTH-SPACE-ASIC-A,LeakageCurrent,0,2.68873,uA,125.0,3.3,0.0,20.0,healthy,SYNTHETIC_DEMONSTRATION_ONLY
L03-C013,LOT-03,SYNTH-SPACE-ASIC-A,LeakageCurrent,24,2.811435,uA,125.0,3.3,0.0,20.0,healthy,SYNTHETIC_DEMONSTRATION_ONLY
L03-C013,LOT-03,SYNTH-SPACE-ASIC-A,LeakageCurrent,96,3.107363,uA,125.0,3.3,0.0,20.0,healthy,SYNTHETIC_DEMONSTRATION_ONLY
L03-C013,LOT-03,SYNTH-SPACE-ASIC-A,LeakageCurrent,168,3.423737,uA,125.0,3.3,0.0,20.0,healthy,SYNTHETIC_DEMONSTRATION_ONLY
L03-C014,LOT-03,SYNTH-SPACE-ASIC-A,Iddq,0,9.228675,uA,125.0,3.3,0.0,50.0,healthy,SYNTHETIC_DEMONSTRATION_ONLY
L03-C014,LOT-03,SYNTH-SPACE-ASIC-A,Iddq,24,9.231823,uA,125.0,3.3,0.0,50.0,healthy,SYNTHETIC_DEMONSTRATION_ONLY
L03-C014,LOT-03,SYNTH-SPACE-ASIC-A,Iddq,96,9.65789,uA,125.0,3.3,0.0,50.0,healthy,SYNTHETIC_DEMONSTRATION_ONLY
L03-C014,LOT-03,SYNTH-SPACE-ASIC-A,Iddq,168,9.943916,uA,125.0,3.3,0.0,50.0,healthy,SYNTHETIC_DEMONSTRATION_ONLY
L03-C014,LOT-03,SYNTH-SPACE-ASIC-A,LeakageCurrent,0,3.969862,uA,125.0,3.3,0.0,20.0,healthy,SYNTHETIC_DEMONSTRATION_ONLY
L03-C014,LOT-03,SYNTH-SPACE-ASIC-A,LeakageCurrent,24,4.079133,uA,125.0,3.3,0.0,20.0,healthy,SYNTHETIC_DEMONSTRATION_ONLY
L03-C014,LOT-03,SYNTH-SPACE-ASIC-A,LeakageCurrent,96,4.099767,uA,125.0,3.3,0.0,20.0,healthy,SYNTHETIC_DEMONSTRATION_ONLY
L03-C014,LOT-03,SYNTH-SPACE-ASIC-A,LeakageCurrent,168,4.359864,uA,125.0,3.3,0.0,20.0,healthy,SYNTHETIC_DEMONSTRATION_ONLY
L03-C015,LOT-03,SYNTH-SPACE-ASIC-A,Iddq,0,8.803344,uA,125.0,3.3,0.0,50.0,healthy,SYNTHETIC_DEMONSTRATION_ONLY
L03-C015,LOT-03,SYNTH-SPACE-ASIC-A,Iddq,24,8.981683,uA,125.0,3.3,0.0,50.0,healthy,SYNTHETIC_DEMONSTRATION_ONLY
L03-C015,LOT-03,SYNTH-SPACE-ASIC-A,Iddq,96,9.320308,uA,125.0,3.3,0.0,50.0,healthy,SYNTHETIC_DEMONSTRATION_ONLY
L03-C015,LOT-03,SYNTH-SPACE-ASIC-A,Iddq,168,9.509127,uA,125.0,3.3,0.0,50.0,healthy,SYNTHETIC_DEMONSTRATION_ONLY
L03-C015,LOT-03,SYNTH-SPACE-ASIC-A,LeakageCurrent,0,3.269328,uA,125.0,3.3,0.0,20.0,healthy,SYNTHETIC_DEMONSTRATION_ONLY
L03-C015,LOT-03,SYNTH-SPACE-ASIC-A,LeakageCurrent,24,3.281255,uA,125.0,3.3,0.0,20.0,healthy,SYNTHETIC_DEMONSTRATION_ONLY
L03-C015,LOT-03,SYNTH-SPACE-ASIC-A,LeakageCurrent,96,3.746295,uA,125.0,3.3,0.0,20.0,healthy,SYNTHETIC_DEMONSTRATION_ONLY
L03-C015,LOT-03,SYNTH-SPACE-ASIC-A,LeakageCurrent,168,3.962182,uA,125.0,3.3,0.0,20.0,healthy,SYNTHETIC_DEMONSTRATION_ONLY
L03-C016,LOT-03,SYNTH-SPACE-ASIC-A,Iddq,0,53.919627,uA,125.0,3.3,0.0,50.0,defective,SYNTHETIC_DEMONSTRATION_ONLY
L03-C016,LOT-03,SYNTH-SPACE-ASIC-A,Iddq,24,53.849664,uA,125.0,3.3,0.0,50.0,defective,SYNTHETIC_DEMONSTRATION_ONLY
L03-C016,LOT-03,SYNTH-SPACE-ASIC-A,Iddq,96,55.135668,uA,125.0,3.3,0.0,50.0,defective,SYNTHETIC_DEMONSTRATION_ONLY
L03-C016,LOT-03,SYNTH-SPACE-ASIC-A,Iddq,168,56.111373,uA,125.0,3.3,0.0,50.0,defective,SYNTHETIC_DEMONSTRATION_ONLY
L03-C016,LOT-03,SYNTH-SPACE-ASIC-A,LeakageCurrent,0,20.869888,uA,125.0,3.3,0.0,20.0,defective,SYNTHETIC_DEMONSTRATION_ONLY
L03-C016,LOT-03,SYNTH-SPACE-ASIC-A,LeakageCurrent,24,21.10629,uA,125.0,3.3,0.0,20.0,defective,SYNTHETIC_DEMONSTRATION_ONLY
L03-C016,LOT-03,SYNTH-SPACE-ASIC-A,LeakageCurrent,96,22.241011,uA,125.0,3.3,0.0,20.0,defective,SYNTHETIC_DEMONSTRATION_ONLY
L03-C016,LOT-03,SYNTH-SPACE-ASIC-A,LeakageCurrent,168,23.477774,uA,125.0,3.3,0.0,20.0,defective,SYNTHETIC_DEMONSTRATION_ONLY
L03-C017,LOT-03,SYNTH-SPACE-ASIC-A,Iddq,0,9.0872,uA,125.0,3.3,0.0,50.0,healthy,SYNTHETIC_DEMONSTRATION_ONLY
L03-C017,LOT-03,SYNTH-SPACE-ASIC-A,Iddq,24,9.11872,uA,125.0,3.3,0.0,50.0,healthy,SYNTHETIC_DEMONSTRATION_ONLY
L03-C017,LOT-03,SYNTH-SPACE-ASIC-A,Iddq,96,9.507228,uA,125.0,3.3,0.0,50.0,healthy,SYNTHETIC_DEMONSTRATION_ONLY
L03-C017,LOT-03,SYNTH-SPACE-ASIC-A,Iddq,168,9.736015,uA,125.0,3.3,0.0,50.0,healthy,SYNTHETIC_DEMONSTRATION_ONLY
L03-C017,LOT-03,SYNTH-SPACE-ASIC-A,LeakageCurrent,0,2.712378,uA,125.0,3.3,0.0,20.0,healthy,SYNTHETIC_DEMONSTRATION_ONLY
L03-C017,LOT-03,SYNTH-SPACE-ASIC-A,LeakageCurrent,24,2.97844,uA,125.0,3.3,0.0,20.0,healthy,SYNTHETIC_DEMONSTRATION_ONLY
L03-C017,LOT-03,SYNTH-SPACE-ASIC-A,LeakageCurrent,96,3.390346,uA,125.0,3.3,0.0,20.0,healthy,SYNTHETIC_DEMONSTRATION_ONLY
L03-C017,LOT-03,SYNTH-SPACE-ASIC-A,LeakageCurrent,168,3.81855,uA,125.0,3.3,0.0,20.0,healthy,SYNTHETIC_DEMONSTRATION_ONLY
L03-C018,LOT-03,SYNTH-SPACE-ASIC-A,Iddq,0,9.438156,uA,125.0,3.3,0.0,50.0,healthy,SYNTHETIC_DEMONSTRATION_ONLY
L03-C018,LOT-03,SYNTH-SPACE-ASIC-A,Iddq,24,9.593129,uA,125.0,3.3,0.0,50.0,healthy,SYNTHETIC_DEMONSTRATION_ONLY
L03-C018,LOT-03,SYNTH-SPACE-ASIC-A,Iddq,96,9.716215,uA,125.0,3.3,0.0,50.0,healthy,SYNTHETIC_DEMONSTRATION_ONLY
L03-C018,LOT-03,SYNTH-SPACE-ASIC-A,Iddq,168,10.085816,uA,125.0,3.3,0.0,50.0,healthy,SYNTHETIC_DEMONSTRATION_ONLY
L03-C018,LOT-03,SYNTH-SPACE-ASIC-A,LeakageCurrent,0,3.097278,uA,125.0,3.3,0.0,20.0,healthy,SYNTHETIC_DEMONSTRATION_ONLY
L03-C018,LOT-03,SYNTH-SPACE-ASIC-A,LeakageCurrent,24,3.108156,uA,125.0,3.3,0.0,20.0,healthy,SYNTHETIC_DEMONSTRATION_ONLY
L03-C018,LOT-03,SYNTH-SPACE-ASIC-A,LeakageCurrent,96,3.076839,uA,125.0,3.3,0.0,20.0,healthy,SYNTHETIC_DEMONSTRATION_ONLY
L03-C018,LOT-03,SYNTH-SPACE-ASIC-A,LeakageCurrent,168,3.050046,uA,125.0,3.3,0.0,20.0,healthy,SYNTHETIC_DEMONSTRATION_ONLY
L03-C019,LOT-03,SYNTH-SPACE-ASIC-A,Iddq,0,50.653992,uA,125.0,3.3,0.0,50.0,defective,SYNTHETIC_DEMONSTRATION_ONLY
L03-C019,LOT-03,SYNTH-SPACE-ASIC-A,Iddq,24,50.946219,uA,125.0,3.3,0.0,50.0,defective,SYNTHETIC_DEMONSTRATION_ONLY
L03-C019,LOT-03,SYNTH-SPACE-ASIC-A,Iddq,96,52.233868,uA,125.0,3.3,0.0,50.0,defective,SYNTHETIC_DEMONSTRATION_ONLY
L03-C019,LOT-03,SYNTH-SPACE-ASIC-A,Iddq,168,54.035577,uA,125.0,3.3,0.0,50.0,defective,SYNTHETIC_DEMONSTRATION_ONLY
L03-C019,LOT-03,SYNTH-SPACE-ASIC-A,LeakageCurrent,0,20.549259,uA,125.0,3.3,0.0,20.0,defective,SYNTHETIC_DEMONSTRATION_ONLY
L03-C019,LOT-03,SYNTH-SPACE-ASIC-A,LeakageCurrent,24,21.063198,uA,125.0,3.3,0.0,20.0,defective,SYNTHETIC_DEMONSTRATION_ONLY
L03-C019,LOT-03,SYNTH-SPACE-ASIC-A,LeakageCurrent,96,22.635272,uA,125.0,3.3,0.0,20.0,defective,SYNTHETIC_DEMONSTRATION_ONLY
L03-C019,LOT-03,SYNTH-SPACE-ASIC-A,LeakageCurrent,168,24.421822,uA,125.0,3.3,0.0,20.0,defective,SYNTHETIC_DEMONSTRATION_ONLY
L03-C020,LOT-03,SYNTH-SPACE-ASIC-A,Iddq,0,8.985049,uA,125.0,3.3,0.0,50.0,healthy,SYNTHETIC_DEMONSTRATION_ONLY
L03-C020,LOT-03,SYNTH-SPACE-ASIC-A,Iddq,24,9.128868,uA,125.0,3.3,0.0,50.0,healthy,SYNTHETIC_DEMONSTRATION_ONLY
L03-C020,LOT-03,SYNTH-SPACE-ASIC-A,Iddq,96,9.249427,uA,125.0,3.3,0.0,50.0,healthy,SYNTHETIC_DEMONSTRATION_ONLY
L03-C020,LOT-03,SYNTH-SPACE-ASIC-A,Iddq,168,9.565691,uA,125.0,3.3,0.0,50.0,healthy,SYNTHETIC_DEMONSTRATION_ONLY
L03-C020,LOT-03,SYNTH-SPACE-ASIC-A,LeakageCurrent,0,3.240936,uA,125.0,3.3,0.0,20.0,healthy,SYNTHETIC_DEMONSTRATION_ONLY
L03-C020,LOT-03,SYNTH-SPACE-ASIC-A,LeakageCurrent,24,3.257269,uA,125.0,3.3,0.0,20.0,healthy,SYNTHETIC_DEMONSTRATION_ONLY
L03-C020,LOT-03,SYNTH-SPACE-ASIC-A,LeakageCurrent,96,3.311632,uA,125.0,3.3,0.0,20.0,healthy,SYNTHETIC_DEMONSTRATION_ONLY
L03-C020,LOT-03,SYNTH-SPACE-ASIC-A,LeakageCurrent,168,3.368522,uA,125.0,3.3,0.0,20.0,healthy,SYNTHETIC_DEMONSTRATION_ONLY
L03-C021,LOT-03,SYNTH-SPACE-ASIC-A,Iddq,0,8.702967,uA,125.0,3.3,0.0,50.0,healthy,SYNTHETIC_DEMONSTRATION_ONLY
L03-C021,LOT-03,SYNTH-SPACE-ASIC-A,Iddq,24,8.8779,uA,125.0,3.3,0.0,50.0,healthy,SYNTHETIC_DEMONSTRATION_ONLY
L03-C021,LOT-03,SYNTH-SPACE-ASIC-A,Iddq,96,8.858364,uA,125.0,3.3,0.0,50.0,healthy,SYNTHETIC_DEMONSTRATION_ONLY
L03-C021,LOT-03,SYNTH-SPACE-ASIC-A,Iddq,168,8.788425,uA,125.0,3.3,0.0,50.0,healthy,SYNTHETIC_DEMONSTRATION_ONLY
L03-C021,LOT-03,SYNTH-SPACE-ASIC-A,LeakageCurrent,0,3.708748,uA,125.0,3.3,0.0,20.0,healthy,SYNTHETIC_DEMONSTRATION_ONLY
L03-C021,LOT-03,SYNTH-SPACE-ASIC-A,LeakageCurrent,24,3.819151,uA,125.0,3.3,0.0,20.0,healthy,SYNTHETIC_DEMONSTRATION_ONLY
L03-C021,LOT-03,SYNTH-SPACE-ASIC-A,LeakageCurrent,96,3.642705,uA,125.0,3.3,0.0,20.0,healthy,SYNTHETIC_DEMONSTRATION_ONLY
L03-C021,LOT-03,SYNTH-SPACE-ASIC-A,LeakageCurrent,168,3.671752,uA,125.0,3.3,0.0,20.0,healthy,SYNTHETIC_DEMONSTRATION_ONLY
L03-C022,LOT-03,SYNTH-SPACE-ASIC-A,Iddq,0,8.982178,uA,125.0,3.3,0.0,50.0,healthy,SYNTHETIC_DEMONSTRATION_ONLY
L03-C022,LOT-03,SYNTH-SPACE-ASIC-A,Iddq,24,9.221506,uA,125.0,3.3,0.0,50.0,healthy,SYNTHETIC_DEMONSTRATION_ONLY
L03-C022,LOT-03,SYNTH-SPACE-ASIC-A,Iddq,96,9.091996,uA,125.0,3.3,0.0,50.0,healthy,SYNTHETIC_DEMONSTRATION_ONLY
L03-C022,LOT-03,SYNTH-SPACE-ASIC-A,Iddq,168,9.007499,uA,125.0,3.3,0.0,50.0,healthy,SYNTHETIC_DEMONSTRATION_ONLY
L03-C022,LOT-03,SYNTH-SPACE-ASIC-A,LeakageCurrent,0,3.010463,uA,125.0,3.3,0.0,20.0,healthy,SYNTHETIC_DEMONSTRATION_ONLY
L03-C022,LOT-03,SYNTH-SPACE-ASIC-A,LeakageCurrent,24,2.97187,uA,125.0,3.3,0.0,20.0,healthy,SYNTHETIC_DEMONSTRATION_ONLY
L03-C022,LOT-03,SYNTH-SPACE-ASIC-A,LeakageCurrent,96,3.227493,uA,125.0,3.3,0.0,20.0,healthy,SYNTHETIC_DEMONSTRATION_ONLY
L03-C022,LOT-03,SYNTH-SPACE-ASIC-A,LeakageCurrent,168,3.704497,uA,125.0,3.3,0.0,20.0,healthy,SYNTHETIC_DEMONSTRATION_ONLY
L03-C023,LOT-03,SYNTH-SPACE-ASIC-A,Iddq,0,8.872601,uA,125.0,3.3,0.0,50.0,defective,SYNTHETIC_DEMONSTRATION_ONLY
L03-C023,LOT-03,SYNTH-SPACE-ASIC-A,Iddq,24,9.289104,uA,125.0,3.3,0.0,50.0,defective,SYNTHETIC_DEMONSTRATION_ONLY
L03-C023,LOT-03,SYNTH-SPACE-ASIC-A,Iddq,96,10.474097,uA,125.0,3.3,0.0,50.0,defective,SYNTHETIC_DEMONSTRATION_ONLY
L03-C023,LOT-03,SYNTH-SPACE-ASIC-A,Iddq,168,12.372122,uA,125.0,3.3,0.0,50.0,defective,SYNTHETIC_DEMONSTRATION_ONLY
L03-C023,LOT-03,SYNTH-SPACE-ASIC-A,LeakageCurrent,0,2.719312,uA,125.0,3.3,0.0,20.0,defective,SYNTHETIC_DEMONSTRATION_ONLY
L03-C023,LOT-03,SYNTH-SPACE-ASIC-A,LeakageCurrent,24,3.095066,uA,125.0,3.3,0.0,20.0,defective,SYNTHETIC_DEMONSTRATION_ONLY
L03-C023,LOT-03,SYNTH-SPACE-ASIC-A,LeakageCurrent,96,4.787751,uA,125.0,3.3,0.0,20.0,defective,SYNTHETIC_DEMONSTRATION_ONLY
L03-C023,LOT-03,SYNTH-SPACE-ASIC-A,LeakageCurrent,168,6.525978,uA,125.0,3.3,0.0,20.0,defective,SYNTHETIC_DEMONSTRATION_ONLY
L03-C024,LOT-03,SYNTH-SPACE-ASIC-A,Iddq,0,8.674721,uA,125.0,3.3,0.0,50.0,healthy,SYNTHETIC_DEMONSTRATION_ONLY
L03-C024,LOT-03,SYNTH-SPACE-ASIC-A,Iddq,24,8.82177,uA,125.0,3.3,0.0,50.0,healthy,SYNTHETIC_DEMONSTRATION_ONLY
L03-C024,LOT-03,SYNTH-SPACE-ASIC-A,Iddq,96,8.908858,uA,125.0,3.3,0.0,50.0,healthy,SYNTHETIC_DEMONSTRATION_ONLY
L03-C024,LOT-03,SYNTH-SPACE-ASIC-A,Iddq,168,9.229315,uA,125.0,3.3,0.0,50.0,healthy,SYNTHETIC_DEMONSTRATION_ONLY
L03-C024,LOT-03,SYNTH-SPACE-ASIC-A,LeakageCurrent,0,3.242269,uA,125.0,3.3,0.0,20.0,healthy,SYNTHETIC_DEMONSTRATION_ONLY
L03-C024,LOT-03,SYNTH-SPACE-ASIC-A,LeakageCurrent,24,3.258457,uA,125.0,3.3,0.0,20.0,healthy,SYNTHETIC_DEMONSTRATION_ONLY
L03-C024,LOT-03,SYNTH-SPACE-ASIC-A,LeakageCurrent,96,3.468753,uA,125.0,3.3,0.0,20.0,healthy,SYNTHETIC_DEMONSTRATION_ONLY
L03-C024,LOT-03,SYNTH-SPACE-ASIC-A,LeakageCurrent,168,3.695212,uA,125.0,3.3,0.0,20.0,healthy,SYNTHETIC_DEMONSTRATION_ONLY
L03-C025,LOT-03,SYNTH-SPACE-ASIC-A,Iddq,0,9.375019,uA,125.0,3.3,0.0,50.0,healthy,SYNTHETIC_DEMONSTRATION_ONLY
L03-C025,LOT-03,SYNTH-SPACE-ASIC-A,Iddq,24,9.050877,uA,125.0,3.3,0.0,50.0,healthy,SYNTHETIC_DEMONSTRATION_ONLY
L03-C025,LOT-03,SYNTH-SPACE-ASIC-A,Iddq,96,9.33036,uA,125.0,3.3,0.0,50.0,healthy,SYNTHETIC_DEMONSTRATION_ONLY
L03-C025,LOT-03,SYNTH-SPACE-ASIC-A,Iddq,168,9.65441,uA,125.0,3.3,0.0,50.0,healthy,SYNTHETIC_DEMONSTRATION_ONLY
L03-C025,LOT-03,SYNTH-SPACE-ASIC-A,LeakageCurrent,0,4.003558,uA,125.0,3.3,0.0,20.0,healthy,SYNTHETIC_DEMONSTRATION_ONLY
L03-C025,LOT-03,SYNTH-SPACE-ASIC-A,LeakageCurrent,24,3.976844,uA,125.0,3.3,0.0,20.0,healthy,SYNTHETIC_DEMONSTRATION_ONLY
L03-C025,LOT-03,SYNTH-SPACE-ASIC-A,LeakageCurrent,96,4.35043,uA,125.0,3.3,0.0,20.0,healthy,SYNTHETIC_DEMONSTRATION_ONLY
L03-C025,LOT-03,SYNTH-SPACE-ASIC-A,LeakageCurrent,168,4.596908,uA,125.0,3.3,0.0,20.0,healthy,SYNTHETIC_DEMONSTRATION_ONLY
L03-C026,LOT-03,SYNTH-SPACE-ASIC-A,Iddq,0,9.352901,uA,125.0,3.3,0.0,50.0,healthy,SYNTHETIC_DEMONSTRATION_ONLY
L03-C026,LOT-03,SYNTH-SPACE-ASIC-A,Iddq,24,9.061425,uA,125.0,3.3,0.0,50.0,healthy,SYNTHETIC_DEMONSTRATION_ONLY
L03-C026,LOT-03,SYNTH-SPACE-ASIC-A,Iddq,96,9.139856,uA,125.0,3.3,0.0,50.0,healthy,SYNTHETIC_DEMONSTRATION_ONLY
L03-C026,LOT-03,SYNTH-SPACE-ASIC-A,Iddq,168,8.799355,uA,125.0,3.3,0.0,50.0,healthy,SYNTHETIC_DEMONSTRATION_ONLY
L03-C026,LOT-03,SYNTH-SPACE-ASIC-A,LeakageCurrent,0,3.423719,uA,125.0,3.3,0.0,20.0,healthy,SYNTHETIC_DEMONSTRATION_ONLY
L03-C026,LOT-03,SYNTH-SPACE-ASIC-A,LeakageCurrent,24,3.554984,uA,125.0,3.3,0.0,20.0,healthy,SYNTHETIC_DEMONSTRATION_ONLY
L03-C026,LOT-03,SYNTH-SPACE-ASIC-A,LeakageCurrent,96,3.602798,uA,125.0,3.3,0.0,20.0,healthy,SYNTHETIC_DEMONSTRATION_ONLY
L03-C026,LOT-03,SYNTH-SPACE-ASIC-A,LeakageCurrent,168,3.704619,uA,125.0,3.3,0.0,20.0,healthy,SYNTHETIC_DEMONSTRATION_ONLY
L03-C027,LOT-03,SYNTH-SPACE-ASIC-A,Iddq,0,9.339493,uA,125.0,3.3,0.0,50.0,healthy,SYNTHETIC_DEMONSTRATION_ONLY
L03-C027,LOT-03,SYNTH-SPACE-ASIC-A,Iddq,24,9.245955,uA,125.0,3.3,0.0,50.0,healthy,SYNTHETIC_DEMONSTRATION_ONLY
L03-C027,LOT-03,SYNTH-SPACE-ASIC-A,Iddq,96,9.157494,uA,125.0,3.3,0.0,50.0,healthy,SYNTHETIC_DEMONSTRATION_ONLY
L03-C027,LOT-03,SYNTH-SPACE-ASIC-A,Iddq,168,9.270749,uA,125.0,3.3,0.0,50.0,healthy,SYNTHETIC_DEMONSTRATION_ONLY
L03-C027,LOT-03,SYNTH-SPACE-ASIC-A,LeakageCurrent,0,3.470823,uA,125.0,3.3,0.0,20.0,healthy,SYNTHETIC_DEMONSTRATION_ONLY
L03-C027,LOT-03,SYNTH-SPACE-ASIC-A,LeakageCurrent,24,3.401189,uA,125.0,3.3,0.0,20.0,healthy,SYNTHETIC_DEMONSTRATION_ONLY
L03-C027,LOT-03,SYNTH-SPACE-ASIC-A,LeakageCurrent,96,3.308662,uA,125.0,3.3,0.0,20.0,healthy,SYNTHETIC_DEMONSTRATION_ONLY
L03-C027,LOT-03,SYNTH-SPACE-ASIC-A,LeakageCurrent,168,3.457281,uA,125.0,3.3,0.0,20.0,healthy,SYNTHETIC_DEMONSTRATION_ONLY
L03-C028,LOT-03,SYNTH-SPACE-ASIC-A,Iddq,0,9.395142,uA,125.0,3.3,0.0,50.0,healthy,SYNTHETIC_DEMONSTRATION_ONLY
L03-C028,LOT-03,SYNTH-SPACE-ASIC-A,Iddq,24,9.340753,uA,125.0,3.3,0.0,50.0,healthy,SYNTHETIC_DEMONSTRATION_ONLY
L03-C028,LOT-03,SYNTH-SPACE-ASIC-A,Iddq,96,9.800958,uA,125.0,3.3,0.0,50.0,healthy,SYNTHETIC_DEMONSTRATION_ONLY
L03-C028,LOT-03,SYNTH-SPACE-ASIC-A,Iddq,168,10.461777,uA,125.0,3.3,0.0,50.0,healthy,SYNTHETIC_DEMONSTRATION_ONLY
L03-C028,LOT-03,SYNTH-SPACE-ASIC-A,LeakageCurrent,0,3.560401,uA,125.0,3.3,0.0,20.0,healthy,SYNTHETIC_DEMONSTRATION_ONLY
L03-C028,LOT-03,SYNTH-SPACE-ASIC-A,LeakageCurrent,24,3.603605,uA,125.0,3.3,0.0,20.0,healthy,SYNTHETIC_DEMONSTRATION_ONLY
L03-C028,LOT-03,SYNTH-SPACE-ASIC-A,LeakageCurrent,96,3.762783,uA,125.0,3.3,0.0,20.0,healthy,SYNTHETIC_DEMONSTRATION_ONLY
L03-C028,LOT-03,SYNTH-SPACE-ASIC-A,LeakageCurrent,168,3.94737,uA,125.0,3.3,0.0,20.0,healthy,SYNTHETIC_DEMONSTRATION_ONLY
L04-C001,LOT-04,SYNTH-SPACE-ASIC-A,Iddq,0,9.229215,uA,125.0,3.3,0.0,50.0,healthy,SYNTHETIC_DEMONSTRATION_ONLY
L04-C001,LOT-04,SYNTH-SPACE-ASIC-A,Iddq,24,9.51435,uA,125.0,3.3,0.0,50.0,healthy,SYNTHETIC_DEMONSTRATION_ONLY
L04-C001,LOT-04,SYNTH-SPACE-ASIC-A,Iddq,96,9.54946,uA,125.0,3.3,0.0,50.0,healthy,SYNTHETIC_DEMONSTRATION_ONLY
L04-C001,LOT-04,SYNTH-SPACE-ASIC-A,Iddq,168,9.453639,uA,125.0,3.3,0.0,50.0,healthy,SYNTHETIC_DEMONSTRATION_ONLY
L04-C001,LOT-04,SYNTH-SPACE-ASIC-A,LeakageCurrent,0,3.544681,uA,125.0,3.3,0.0,20.0,healthy,SYNTHETIC_DEMONSTRATION_ONLY
L04-C001,LOT-04,SYNTH-SPACE-ASIC-A,LeakageCurrent,24,3.598744,uA,125.0,3.3,0.0,20.0,healthy,SYNTHETIC_DEMONSTRATION_ONLY
L04-C001,LOT-04,SYNTH-SPACE-ASIC-A,LeakageCurrent,96,3.659093,uA,125.0,3.3,0.0,20.0,healthy,SYNTHETIC_DEMONSTRATION_ONLY
L04-C001,LOT-04,SYNTH-SPACE-ASIC-A,LeakageCurrent,168,3.693753,uA,125.0,3.3,0.0,20.0,healthy,SYNTHETIC_DEMONSTRATION_ONLY
L04-C002,LOT-04,SYNTH-SPACE-ASIC-A,Iddq,0,9.937729,uA,125.0,3.3,0.0,50.0,healthy,SYNTHETIC_DEMONSTRATION_ONLY
L04-C002,LOT-04,SYNTH-SPACE-ASIC-A,Iddq,24,9.772406,uA,125.0,3.3,0.0,50.0,healthy,SYNTHETIC_DEMONSTRATION_ONLY
L04-C002,LOT-04,SYNTH-SPACE-ASIC-A,Iddq,96,9.861615,uA,125.0,3.3,0.0,50.0,healthy,SYNTHETIC_DEMONSTRATION_ONLY
L04-C002,LOT-04,SYNTH-SPACE-ASIC-A,Iddq,168,10.12374,uA,125.0,3.3,0.0,50.0,healthy,SYNTHETIC_DEMONSTRATION_ONLY
L04-C002,LOT-04,SYNTH-SPACE-ASIC-A,LeakageCurrent,0,3.911373,uA,125.0,3.3,0.0,20.0,healthy,SYNTHETIC_DEMONSTRATION_ONLY
L04-C002,LOT-04,SYNTH-SPACE-ASIC-A,LeakageCurrent,24,4.053991,uA,125.0,3.3,0.0,20.0,healthy,SYNTHETIC_DEMONSTRATION_ONLY
L04-C002,LOT-04,SYNTH-SPACE-ASIC-A,LeakageCurrent,96,4.276237,uA,125.0,3.3,0.0,20.0,healthy,SYNTHETIC_DEMONSTRATION_ONLY
L04-C002,LOT-04,SYNTH-SPACE-ASIC-A,LeakageCurrent,168,4.697017,uA,125.0,3.3,0.0,20.0,healthy,SYNTHETIC_DEMONSTRATION_ONLY
L04-C003,LOT-04,SYNTH-SPACE-ASIC-A,Iddq,0,9.626762,uA,125.0,3.3,0.0,50.0,healthy,SYNTHETIC_DEMONSTRATION_ONLY
L04-C003,LOT-04,SYNTH-SPACE-ASIC-A,Iddq,24,9.750178,uA,125.0,3.3,0.0,50.0,healthy,SYNTHETIC_DEMONSTRATION_ONLY
L04-C003,LOT-04,SYNTH-SPACE-ASIC-A,Iddq,96,10.160555,uA,125.0,3.3,0.0,50.0,healthy,SYNTHETIC_DEMONSTRATION_ONLY
L04-C003,LOT-04,SYNTH-SPACE-ASIC-A,Iddq,168,10.569212,uA,125.0,3.3,0.0,50.0,healthy,SYNTHETIC_DEMONSTRATION_ONLY
L04-C003,LOT-04,SYNTH-SPACE-ASIC-A,LeakageCurrent,0,4.225702,uA,125.0,3.3,0.0,20.0,healthy,SYNTHETIC_DEMONSTRATION_ONLY
L04-C003,LOT-04,SYNTH-SPACE-ASIC-A,LeakageCurrent,24,4.269733,uA,125.0,3.3,0.0,20.0,healthy,SYNTHETIC_DEMONSTRATION_ONLY
L04-C003,LOT-04,SYNTH-SPACE-ASIC-A,LeakageCurrent,96,4.71378,uA,125.0,3.3,0.0,20.0,healthy,SYNTHETIC_DEMONSTRATION_ONLY
L04-C003,LOT-04,SYNTH-SPACE-ASIC-A,LeakageCurrent,168,5.170744,uA,125.0,3.3,0.0,20.0,healthy,SYNTHETIC_DEMONSTRATION_ONLY
L04-C004,LOT-04,SYNTH-SPACE-ASIC-A,Iddq,0,11.133532,uA,125.0,3.3,0.0,50.0,healthy,SYNTHETIC_DEMONSTRATION_ONLY
L04-C004,LOT-04,SYNTH-SPACE-ASIC-A,Iddq,24,11.189675,uA,125.0,3.3,0.0,50.0,healthy,SYNTHETIC_DEMONSTRATION_ONLY
L04-C004,LOT-04,SYNTH-SPACE-ASIC-A,Iddq,96,11.594562,uA,125.0,3.3,0.0,50.0,healthy,SYNTHETIC_DEMONSTRATION_ONLY
L04-C004,LOT-04,SYNTH-SPACE-ASIC-A,Iddq,168,11.717341,uA,125.0,3.3,0.0,50.0,healthy,SYNTHETIC_DEMONSTRATION_ONLY
L04-C004,LOT-04,SYNTH-SPACE-ASIC-A,LeakageCurrent,0,4.564586,uA,125.0,3.3,0.0,20.0,healthy,SYNTHETIC_DEMONSTRATION_ONLY
L04-C004,LOT-04,SYNTH-SPACE-ASIC-A,LeakageCurrent,24,4.510402,uA,125.0,3.3,0.0,20.0,healthy,SYNTHETIC_DEMONSTRATION_ONLY
L04-C004,LOT-04,SYNTH-SPACE-ASIC-A,LeakageCurrent,96,5.007363,uA,125.0,3.3,0.0,20.0,healthy,SYNTHETIC_DEMONSTRATION_ONLY
L04-C004,LOT-04,SYNTH-SPACE-ASIC-A,LeakageCurrent,168,5.511863,uA,125.0,3.3,0.0,20.0,healthy,SYNTHETIC_DEMONSTRATION_ONLY
L04-C005,LOT-04,SYNTH-SPACE-ASIC-A,Iddq,0,10.165156,uA,125.0,3.3,0.0,50.0,healthy,SYNTHETIC_DEMONSTRATION_ONLY
L04-C005,LOT-04,SYNTH-SPACE-ASIC-A,Iddq,24,10.116751,uA,125.0,3.3,0.0,50.0,healthy,SYNTHETIC_DEMONSTRATION_ONLY
L04-C005,LOT-04,SYNTH-SPACE-ASIC-A,Iddq,96,10.484986,uA,125.0,3.3,0.0,50.0,healthy,SYNTHETIC_DEMONSTRATION_ONLY
L04-C005,LOT-04,SYNTH-SPACE-ASIC-A,Iddq,168,10.217221,uA,125.0,3.3,0.0,50.0,healthy,SYNTHETIC_DEMONSTRATION_ONLY
L04-C005,LOT-04,SYNTH-SPACE-ASIC-A,LeakageCurrent,0,4.082365,uA,125.0,3.3,0.0,20.0,healthy,SYNTHETIC_DEMONSTRATION_ONLY
L04-C005,LOT-04,SYNTH-SPACE-ASIC-A,LeakageCurrent,24,4.218152,uA,125.0,3.3,0.0,20.0,healthy,SYNTHETIC_DEMONSTRATION_ONLY
L04-C005,LOT-04,SYNTH-SPACE-ASIC-A,LeakageCurrent,96,4.485532,uA,125.0,3.3,0.0,20.0,healthy,SYNTHETIC_DEMONSTRATION_ONLY
L04-C005,LOT-04,SYNTH-SPACE-ASIC-A,LeakageCurrent,168,4.717336,uA,125.0,3.3,0.0,20.0,healthy,SYNTHETIC_DEMONSTRATION_ONLY
L04-C006,LOT-04,SYNTH-SPACE-ASIC-A,Iddq,0,9.383983,uA,125.0,3.3,0.0,50.0,healthy,SYNTHETIC_DEMONSTRATION_ONLY
L04-C006,LOT-04,SYNTH-SPACE-ASIC-A,Iddq,24,9.332928,uA,125.0,3.3,0.0,50.0,healthy,SYNTHETIC_DEMONSTRATION_ONLY
L04-C006,LOT-04,SYNTH-SPACE-ASIC-A,Iddq,96,9.35491,uA,125.0,3.3,0.0,50.0,healthy,SYNTHETIC_DEMONSTRATION_ONLY
L04-C006,LOT-04,SYNTH-SPACE-ASIC-A,Iddq,168,9.526887,uA,125.0,3.3,0.0,50.0,healthy,SYNTHETIC_DEMONSTRATION_ONLY
L04-C006,LOT-04,SYNTH-SPACE-ASIC-A,LeakageCurrent,0,4.570672,uA,125.0,3.3,0.0,20.0,healthy,SYNTHETIC_DEMONSTRATION_ONLY
L04-C006,LOT-04,SYNTH-SPACE-ASIC-A,LeakageCurrent,24,4.647066,uA,125.0,3.3,0.0,20.0,healthy,SYNTHETIC_DEMONSTRATION_ONLY
L04-C006,LOT-04,SYNTH-SPACE-ASIC-A,LeakageCurrent,96,4.66688,uA,125.0,3.3,0.0,20.0,healthy,SYNTHETIC_DEMONSTRATION_ONLY
L04-C006,LOT-04,SYNTH-SPACE-ASIC-A,LeakageCurrent,168,5.050181,uA,125.0,3.3,0.0,20.0,healthy,SYNTHETIC_DEMONSTRATION_ONLY
L04-C007,LOT-04,SYNTH-SPACE-ASIC-A,Iddq,0,8.699028,uA,125.0,3.3,0.0,50.0,healthy,SYNTHETIC_DEMONSTRATION_ONLY
L04-C007,LOT-04,SYNTH-SPACE-ASIC-A,Iddq,24,8.948766,uA,125.0,3.3,0.0,50.0,healthy,SYNTHETIC_DEMONSTRATION_ONLY
L04-C007,LOT-04,SYNTH-SPACE-ASIC-A,Iddq,96,9.418516,uA,125.0,3.3,0.0,50.0,healthy,SYNTHETIC_DEMONSTRATION_ONLY
L04-C007,LOT-04,SYNTH-SPACE-ASIC-A,Iddq,168,9.752199,uA,125.0,3.3,0.0,50.0,healthy,SYNTHETIC_DEMONSTRATION_ONLY
L04-C007,LOT-04,SYNTH-SPACE-ASIC-A,LeakageCurrent,0,3.729156,uA,125.0,3.3,0.0,20.0,healthy,SYNTHETIC_DEMONSTRATION_ONLY
L04-C007,LOT-04,SYNTH-SPACE-ASIC-A,LeakageCurrent,24,3.856201,uA,125.0,3.3,0.0,20.0,healthy,SYNTHETIC_DEMONSTRATION_ONLY
L04-C007,LOT-04,SYNTH-SPACE-ASIC-A,LeakageCurrent,96,4.037635,uA,125.0,3.3,0.0,20.0,healthy,SYNTHETIC_DEMONSTRATION_ONLY
L04-C007,LOT-04,SYNTH-SPACE-ASIC-A,LeakageCurrent,168,4.185178,uA,125.0,3.3,0.0,20.0,healthy,SYNTHETIC_DEMONSTRATION_ONLY
L04-C008,LOT-04,SYNTH-SPACE-ASIC-A,Iddq,0,9.555398,uA,125.0,3.3,0.0,50.0,healthy,SYNTHETIC_DEMONSTRATION_ONLY
L04-C008,LOT-04,SYNTH-SPACE-ASIC-A,Iddq,24,9.278811,uA,125.0,3.3,0.0,50.0,healthy,SYNTHETIC_DEMONSTRATION_ONLY
L04-C008,LOT-04,SYNTH-SPACE-ASIC-A,Iddq,96,9.525662,uA,125.0,3.3,0.0,50.0,healthy,SYNTHETIC_DEMONSTRATION_ONLY
L04-C008,LOT-04,SYNTH-SPACE-ASIC-A,Iddq,168,9.738923,uA,125.0,3.3,0.0,50.0,healthy,SYNTHETIC_DEMONSTRATION_ONLY
L04-C008,LOT-04,SYNTH-SPACE-ASIC-A,LeakageCurrent,0,3.646308,uA,125.0,3.3,0.0,20.0,healthy,SYNTHETIC_DEMONSTRATION_ONLY
L04-C008,LOT-04,SYNTH-SPACE-ASIC-A,LeakageCurrent,24,3.694255,uA,125.0,3.3,0.0,20.0,healthy,SYNTHETIC_DEMONSTRATION_ONLY
L04-C008,LOT-04,SYNTH-SPACE-ASIC-A,LeakageCurrent,96,3.905168,uA,125.0,3.3,0.0,20.0,healthy,SYNTHETIC_DEMONSTRATION_ONLY
L04-C008,LOT-04,SYNTH-SPACE-ASIC-A,LeakageCurrent,168,4.068556,uA,125.0,3.3,0.0,20.0,healthy,SYNTHETIC_DEMONSTRATION_ONLY
L04-C009,LOT-04,SYNTH-SPACE-ASIC-A,Iddq,0,9.945851,uA,125.0,3.3,0.0,50.0,defective,SYNTHETIC_DEMONSTRATION_ONLY
L04-C009,LOT-04,SYNTH-SPACE-ASIC-A,Iddq,24,10.539388,uA,125.0,3.3,0.0,50.0,defective,SYNTHETIC_DEMONSTRATION_ONLY
L04-C009,LOT-04,SYNTH-SPACE-ASIC-A,Iddq,96,12.305104,uA,125.0,3.3,0.0,50.0,defective,SYNTHETIC_DEMONSTRATION_ONLY
L04-C009,LOT-04,SYNTH-SPACE-ASIC-A,Iddq,168,14.25112,uA,125.0,3.3,0.0,50.0,defective,SYNTHETIC_DEMONSTRATION_ONLY
L04-C009,LOT-04,SYNTH-SPACE-ASIC-A,LeakageCurrent,0,3.884932,uA,125.0,3.3,0.0,20.0,defective,SYNTHETIC_DEMONSTRATION_ONLY
L04-C009,LOT-04,SYNTH-SPACE-ASIC-A,LeakageCurrent,24,4.304916,uA,125.0,3.3,0.0,20.0,defective,SYNTHETIC_DEMONSTRATION_ONLY
L04-C009,LOT-04,SYNTH-SPACE-ASIC-A,LeakageCurrent,96,6.123817,uA,125.0,3.3,0.0,20.0,defective,SYNTHETIC_DEMONSTRATION_ONLY
L04-C009,LOT-04,SYNTH-SPACE-ASIC-A,LeakageCurrent,168,7.815024,uA,125.0,3.3,0.0,20.0,defective,SYNTHETIC_DEMONSTRATION_ONLY
L04-C010,LOT-04,SYNTH-SPACE-ASIC-A,Iddq,0,9.603068,uA,125.0,3.3,0.0,50.0,healthy,SYNTHETIC_DEMONSTRATION_ONLY
L04-C010,LOT-04,SYNTH-SPACE-ASIC-A,Iddq,24,9.443666,uA,125.0,3.3,0.0,50.0,healthy,SYNTHETIC_DEMONSTRATION_ONLY
L04-C010,LOT-04,SYNTH-SPACE-ASIC-A,Iddq,96,10.028814,uA,125.0,3.3,0.0,50.0,healthy,SYNTHETIC_DEMONSTRATION_ONLY
L04-C010,LOT-04,SYNTH-SPACE-ASIC-A,Iddq,168,10.311024,uA,125.0,3.3,0.0,50.0,healthy,SYNTHETIC_DEMONSTRATION_ONLY
L04-C010,LOT-04,SYNTH-SPACE-ASIC-A,LeakageCurrent,0,4.06507,uA,125.0,3.3,0.0,20.0,healthy,SYNTHETIC_DEMONSTRATION_ONLY
L04-C010,LOT-04,SYNTH-SPACE-ASIC-A,LeakageCurrent,24,4.030803,uA,125.0,3.3,0.0,20.0,healthy,SYNTHETIC_DEMONSTRATION_ONLY
L04-C010,LOT-04,SYNTH-SPACE-ASIC-A,LeakageCurrent,96,4.391234,uA,125.0,3.3,0.0,20.0,healthy,SYNTHETIC_DEMONSTRATION_ONLY
L04-C010,LOT-04,SYNTH-SPACE-ASIC-A,LeakageCurrent,168,4.591286,uA,125.0,3.3,0.0,20.0,healthy,SYNTHETIC_DEMONSTRATION_ONLY
L04-C011,LOT-04,SYNTH-SPACE-ASIC-A,Iddq,0,8.55705,uA,125.0,3.3,0.0,50.0,healthy,SYNTHETIC_DEMONSTRATION_ONLY
L04-C011,LOT-04,SYNTH-SPACE-ASIC-A,Iddq,24,8.750705,uA,125.0,3.3,0.0,50.0,healthy,SYNTHETIC_DEMONSTRATION_ONLY
L04-C011,LOT-04,SYNTH-SPACE-ASIC-A,Iddq,96,8.84449,uA,125.0,3.3,0.0,50.0,healthy,SYNTHETIC_DEMONSTRATION_ONLY
L04-C011,LOT-04,SYNTH-SPACE-ASIC-A,Iddq,168,9.077626,uA,125.0,3.3,0.0,50.0,healthy,SYNTHETIC_DEMONSTRATION_ONLY
L04-C011,LOT-04,SYNTH-SPACE-ASIC-A,LeakageCurrent,0,4.011821,uA,125.0,3.3,0.0,20.0,healthy,SYNTHETIC_DEMONSTRATION_ONLY
L04-C011,LOT-04,SYNTH-SPACE-ASIC-A,LeakageCurrent,24,4.052606,uA,125.0,3.3,0.0,20.0,healthy,SYNTHETIC_DEMONSTRATION_ONLY
L04-C011,LOT-04,SYNTH-SPACE-ASIC-A,LeakageCurrent,96,4.315702,uA,125.0,3.3,0.0,20.0,healthy,SYNTHETIC_DEMONSTRATION_ONLY
L04-C011,LOT-04,SYNTH-SPACE-ASIC-A,LeakageCurrent,168,4.481807,uA,125.0,3.3,0.0,20.0,healthy,SYNTHETIC_DEMONSTRATION_ONLY
L04-C012,LOT-04,SYNTH-SPACE-ASIC-A,Iddq,0,9.815306,uA,125.0,3.3,0.0,50.0,healthy,SYNTHETIC_DEMONSTRATION_ONLY
L04-C012,LOT-04,SYNTH-SPACE-ASIC-A,Iddq,24,9.971216,uA,125.0,3.3,0.0,50.0,healthy,SYNTHETIC_DEMONSTRATION_ONLY
L04-C012,LOT-04,SYNTH-SPACE-ASIC-A,Iddq,96,10.533839,uA,125.0,3.3,0.0,50.0,healthy,SYNTHETIC_DEMONSTRATION_ONLY
L04-C012,LOT-04,SYNTH-SPACE-ASIC-A,Iddq,168,10.752803,uA,125.0,3.3,0.0,50.0,healthy,SYNTHETIC_DEMONSTRATION_ONLY
L04-C012,LOT-04,SYNTH-SPACE-ASIC-A,LeakageCurrent,0,3.729431,uA,125.0,3.3,0.0,20.0,healthy,SYNTHETIC_DEMONSTRATION_ONLY
L04-C012,LOT-04,SYNTH-SPACE-ASIC-A,LeakageCurrent,24,3.882249,uA,125.0,3.3,0.0,20.0,healthy,SYNTHETIC_DEMONSTRATION_ONLY
L04-C012,LOT-04,SYNTH-SPACE-ASIC-A,LeakageCurrent,96,4.112077,uA,125.0,3.3,0.0,20.0,healthy,SYNTHETIC_DEMONSTRATION_ONLY
L04-C012,LOT-04,SYNTH-SPACE-ASIC-A,LeakageCurrent,168,4.386917,uA,125.0,3.3,0.0,20.0,healthy,SYNTHETIC_DEMONSTRATION_ONLY
L04-C013,LOT-04,SYNTH-SPACE-ASIC-A,Iddq,0,9.494367,uA,125.0,3.3,0.0,50.0,healthy,SYNTHETIC_DEMONSTRATION_ONLY
L04-C013,LOT-04,SYNTH-SPACE-ASIC-A,Iddq,24,9.269995,uA,125.0,3.3,0.0,50.0,healthy,SYNTHETIC_DEMONSTRATION_ONLY
L04-C013,LOT-04,SYNTH-SPACE-ASIC-A,Iddq,96,9.442706,uA,125.0,3.3,0.0,50.0,healthy,SYNTHETIC_DEMONSTRATION_ONLY
L04-C013,LOT-04,SYNTH-SPACE-ASIC-A,Iddq,168,9.74048,uA,125.0,3.3,0.0,50.0,healthy,SYNTHETIC_DEMONSTRATION_ONLY
L04-C013,LOT-04,SYNTH-SPACE-ASIC-A,LeakageCurrent,0,4.146289,uA,125.0,3.3,0.0,20.0,healthy,SYNTHETIC_DEMONSTRATION_ONLY
L04-C013,LOT-04,SYNTH-SPACE-ASIC-A,LeakageCurrent,24,4.058452,uA,125.0,3.3,0.0,20.0,healthy,SYNTHETIC_DEMONSTRATION_ONLY
L04-C013,LOT-04,SYNTH-SPACE-ASIC-A,LeakageCurrent,96,4.319367,uA,125.0,3.3,0.0,20.0,healthy,SYNTHETIC_DEMONSTRATION_ONLY
L04-C013,LOT-04,SYNTH-SPACE-ASIC-A,LeakageCurrent,168,4.631414,uA,125.0,3.3,0.0,20.0,healthy,SYNTHETIC_DEMONSTRATION_ONLY
L04-C014,LOT-04,SYNTH-SPACE-ASIC-A,Iddq,0,9.822184,uA,125.0,3.3,0.0,50.0,healthy,SYNTHETIC_DEMONSTRATION_ONLY
L04-C014,LOT-04,SYNTH-SPACE-ASIC-A,Iddq,24,9.8564,uA,125.0,3.3,0.0,50.0,healthy,SYNTHETIC_DEMONSTRATION_ONLY
L04-C014,LOT-04,SYNTH-SPACE-ASIC-A,Iddq,96,10.272328,uA,125.0,3.3,0.0,50.0,healthy,SYNTHETIC_DEMONSTRATION_ONLY
L04-C014,LOT-04,SYNTH-SPACE-ASIC-A,Iddq,168,10.250364,uA,125.0,3.3,0.0,50.0,healthy,SYNTHETIC_DEMONSTRATION_ONLY
L04-C014,LOT-04,SYNTH-SPACE-ASIC-A,LeakageCurrent,0,3.689422,uA,125.0,3.3,0.0,20.0,healthy,SYNTHETIC_DEMONSTRATION_ONLY
L04-C014,LOT-04,SYNTH-SPACE-ASIC-A,LeakageCurrent,24,3.699987,uA,125.0,3.3,0.0,20.0,healthy,SYNTHETIC_DEMONSTRATION_ONLY
L04-C014,LOT-04,SYNTH-SPACE-ASIC-A,LeakageCurrent,96,4.126736,uA,125.0,3.3,0.0,20.0,healthy,SYNTHETIC_DEMONSTRATION_ONLY
L04-C014,LOT-04,SYNTH-SPACE-ASIC-A,LeakageCurrent,168,4.294669,uA,125.0,3.3,0.0,20.0,healthy,SYNTHETIC_DEMONSTRATION_ONLY
L04-C015,LOT-04,SYNTH-SPACE-ASIC-A,Iddq,0,8.906081,uA,125.0,3.3,0.0,50.0,healthy,SYNTHETIC_DEMONSTRATION_ONLY
L04-C015,LOT-04,SYNTH-SPACE-ASIC-A,Iddq,24,8.990702,uA,125.0,3.3,0.0,50.0,healthy,SYNTHETIC_DEMONSTRATION_ONLY
L04-C015,LOT-04,SYNTH-SPACE-ASIC-A,Iddq,96,9.010058,uA,125.0,3.3,0.0,50.0,healthy,SYNTHETIC_DEMONSTRATION_ONLY
L04-C015,LOT-04,SYNTH-SPACE-ASIC-A,Iddq,168,8.994624,uA,125.0,3.3,0.0,50.0,healthy,SYNTHETIC_DEMONSTRATION_ONLY
L04-C015,LOT-04,SYNTH-SPACE-ASIC-A,LeakageCurrent,0,4.021682,uA,125.0,3.3,0.0,20.0,healthy,SYNTHETIC_DEMONSTRATION_ONLY
L04-C015,LOT-04,SYNTH-SPACE-ASIC-A,LeakageCurrent,24,4.011817,uA,125.0,3.3,0.0,20.0,healthy,SYNTHETIC_DEMONSTRATION_ONLY
L04-C015,LOT-04,SYNTH-SPACE-ASIC-A,LeakageCurrent,96,4.225571,uA,125.0,3.3,0.0,20.0,healthy,SYNTHETIC_DEMONSTRATION_ONLY
L04-C015,LOT-04,SYNTH-SPACE-ASIC-A,LeakageCurrent,168,4.560477,uA,125.0,3.3,0.0,20.0,healthy,SYNTHETIC_DEMONSTRATION_ONLY
L04-C016,LOT-04,SYNTH-SPACE-ASIC-A,Iddq,0,10.554441,uA,125.0,3.3,0.0,50.0,healthy,SYNTHETIC_DEMONSTRATION_ONLY
L04-C016,LOT-04,SYNTH-SPACE-ASIC-A,Iddq,24,10.253764,uA,125.0,3.3,0.0,50.0,healthy,SYNTHETIC_DEMONSTRATION_ONLY
L04-C016,LOT-04,SYNTH-SPACE-ASIC-A,Iddq,96,10.323568,uA,125.0,3.3,0.0,50.0,healthy,SYNTHETIC_DEMONSTRATION_ONLY
L04-C016,LOT-04,SYNTH-SPACE-ASIC-A,Iddq,168,10.612625,uA,125.0,3.3,0.0,50.0,healthy,SYNTHETIC_DEMONSTRATION_ONLY
L04-C016,LOT-04,SYNTH-SPACE-ASIC-A,LeakageCurrent,0,4.125905,uA,125.0,3.3,0.0,20.0,healthy,SYNTHETIC_DEMONSTRATION_ONLY
L04-C016,LOT-04,SYNTH-SPACE-ASIC-A,LeakageCurrent,24,4.041113,uA,125.0,3.3,0.0,20.0,healthy,SYNTHETIC_DEMONSTRATION_ONLY
L04-C016,LOT-04,SYNTH-SPACE-ASIC-A,LeakageCurrent,96,4.293296,uA,125.0,3.3,0.0,20.0,healthy,SYNTHETIC_DEMONSTRATION_ONLY
L04-C016,LOT-04,SYNTH-SPACE-ASIC-A,LeakageCurrent,168,4.506808,uA,125.0,3.3,0.0,20.0,healthy,SYNTHETIC_DEMONSTRATION_ONLY
L04-C017,LOT-04,SYNTH-SPACE-ASIC-A,Iddq,0,9.134517,uA,125.0,3.3,0.0,50.0,healthy,SYNTHETIC_DEMONSTRATION_ONLY
L04-C017,LOT-04,SYNTH-SPACE-ASIC-A,Iddq,24,9.308968,uA,125.0,3.3,0.0,50.0,healthy,SYNTHETIC_DEMONSTRATION_ONLY
L04-C017,LOT-04,SYNTH-SPACE-ASIC-A,Iddq,96,9.474169,uA,125.0,3.3,0.0,50.0,healthy,SYNTHETIC_DEMONSTRATION_ONLY
L04-C017,LOT-04,SYNTH-SPACE-ASIC-A,Iddq,168,9.920995,uA,125.0,3.3,0.0,50.0,healthy,SYNTHETIC_DEMONSTRATION_ONLY
L04-C017,LOT-04,SYNTH-SPACE-ASIC-A,LeakageCurrent,0,4.167912,uA,125.0,3.3,0.0,20.0,healthy,SYNTHETIC_DEMONSTRATION_ONLY
L04-C017,LOT-04,SYNTH-SPACE-ASIC-A,LeakageCurrent,24,4.286554,uA,125.0,3.3,0.0,20.0,healthy,SYNTHETIC_DEMONSTRATION_ONLY
L04-C017,LOT-04,SYNTH-SPACE-ASIC-A,LeakageCurrent,96,4.308573,uA,125.0,3.3,0.0,20.0,healthy,SYNTHETIC_DEMONSTRATION_ONLY
L04-C017,LOT-04,SYNTH-SPACE-ASIC-A,LeakageCurrent,168,4.340619,uA,125.0,3.3,0.0,20.0,healthy,SYNTHETIC_DEMONSTRATION_ONLY
L04-C018,LOT-04,SYNTH-SPACE-ASIC-A,Iddq,0,9.944578,uA,125.0,3.3,0.0,50.0,healthy,SYNTHETIC_DEMONSTRATION_ONLY
L04-C018,LOT-04,SYNTH-SPACE-ASIC-A,Iddq,24,10.15938,uA,125.0,3.3,0.0,50.0,healthy,SYNTHETIC_DEMONSTRATION_ONLY
L04-C018,LOT-04,SYNTH-SPACE-ASIC-A,Iddq,96,10.497306,uA,125.0,3.3,0.0,50.0,healthy,SYNTHETIC_DEMONSTRATION_ONLY
L04-C018,LOT-04,SYNTH-SPACE-ASIC-A,Iddq,168,10.735079,uA,125.0,3.3,0.0,50.0,healthy,SYNTHETIC_DEMONSTRATION_ONLY
L04-C018,LOT-04,SYNTH-SPACE-ASIC-A,LeakageCurrent,0,4.396294,uA,125.0,3.3,0.0,20.0,healthy,SYNTHETIC_DEMONSTRATION_ONLY
L04-C018,LOT-04,SYNTH-SPACE-ASIC-A,LeakageCurrent,24,4.45431,uA,125.0,3.3,0.0,20.0,healthy,SYNTHETIC_DEMONSTRATION_ONLY
L04-C018,LOT-04,SYNTH-SPACE-ASIC-A,LeakageCurrent,96,4.702692,uA,125.0,3.3,0.0,20.0,healthy,SYNTHETIC_DEMONSTRATION_ONLY
L04-C018,LOT-04,SYNTH-SPACE-ASIC-A,LeakageCurrent,168,4.892055,uA,125.0,3.3,0.0,20.0,healthy,SYNTHETIC_DEMONSTRATION_ONLY
L04-C019,LOT-04,SYNTH-SPACE-ASIC-A,Iddq,0,9.356809,uA,125.0,3.3,0.0,50.0,healthy,SYNTHETIC_DEMONSTRATION_ONLY
L04-C019,LOT-04,SYNTH-SPACE-ASIC-A,Iddq,24,9.440481,uA,125.0,3.3,0.0,50.0,healthy,SYNTHETIC_DEMONSTRATION_ONLY
L04-C019,LOT-04,SYNTH-SPACE-ASIC-A,Iddq,96,9.881108,uA,125.0,3.3,0.0,50.0,healthy,SYNTHETIC_DEMONSTRATION_ONLY
L04-C019,LOT-04,SYNTH-SPACE-ASIC-A,Iddq,168,9.802654,uA,125.0,3.3,0.0,50.0,healthy,SYNTHETIC_DEMONSTRATION_ONLY
L04-C019,LOT-04,SYNTH-SPACE-ASIC-A,LeakageCurrent,0,4.046925,uA,125.0,3.3,0.0,20.0,healthy,SYNTHETIC_DEMONSTRATION_ONLY
L04-C019,LOT-04,SYNTH-SPACE-ASIC-A,LeakageCurrent,24,4.091206,uA,125.0,3.3,0.0,20.0,healthy,SYNTHETIC_DEMONSTRATION_ONLY
L04-C019,LOT-04,SYNTH-SPACE-ASIC-A,LeakageCurrent,96,4.45096,uA,125.0,3.3,0.0,20.0,healthy,SYNTHETIC_DEMONSTRATION_ONLY
L04-C019,LOT-04,SYNTH-SPACE-ASIC-A,LeakageCurrent,168,4.578185,uA,125.0,3.3,0.0,20.0,healthy,SYNTHETIC_DEMONSTRATION_ONLY
L04-C020,LOT-04,SYNTH-SPACE-ASIC-A,Iddq,0,9.788578,uA,125.0,3.3,0.0,50.0,healthy,SYNTHETIC_DEMONSTRATION_ONLY
L04-C020,LOT-04,SYNTH-SPACE-ASIC-A,Iddq,24,9.833003,uA,125.0,3.3,0.0,50.0,healthy,SYNTHETIC_DEMONSTRATION_ONLY
L04-C020,LOT-04,SYNTH-SPACE-ASIC-A,Iddq,96,10.031472,uA,125.0,3.3,0.0,50.0,healthy,SYNTHETIC_DEMONSTRATION_ONLY
L04-C020,LOT-04,SYNTH-SPACE-ASIC-A,Iddq,168,10.352163,uA,125.0,3.3,0.0,50.0,healthy,SYNTHETIC_DEMONSTRATION_ONLY
L04-C020,LOT-04,SYNTH-SPACE-ASIC-A,LeakageCurrent,0,4.083917,uA,125.0,3.3,0.0,20.0,healthy,SYNTHETIC_DEMONSTRATION_ONLY
L04-C020,LOT-04,SYNTH-SPACE-ASIC-A,LeakageCurrent,24,4.099419,uA,125.0,3.3,0.0,20.0,healthy,SYNTHETIC_DEMONSTRATION_ONLY
L04-C020,LOT-04,SYNTH-SPACE-ASIC-A,LeakageCurrent,96,4.061989,uA,125.0,3.3,0.0,20.0,healthy,SYNTHETIC_DEMONSTRATION_ONLY
L04-C020,LOT-04,SYNTH-SPACE-ASIC-A,LeakageCurrent,168,4.085985,uA,125.0,3.3,0.0,20.0,healthy,SYNTHETIC_DEMONSTRATION_ONLY
L04-C021,LOT-04,SYNTH-SPACE-ASIC-A,Iddq,0,9.143993,uA,125.0,3.3,0.0,50.0,healthy,SYNTHETIC_DEMONSTRATION_ONLY
L04-C021,LOT-04,SYNTH-SPACE-ASIC-A,Iddq,24,9.361698,uA,125.0,3.3,0.0,50.0,healthy,SYNTHETIC_DEMONSTRATION_ONLY
L04-C021,LOT-04,SYNTH-SPACE-ASIC-A,Iddq,96,9.627523,uA,125.0,3.3,0.0,50.0,healthy,SYNTHETIC_DEMONSTRATION_ONLY
L04-C021,LOT-04,SYNTH-SPACE-ASIC-A,Iddq,168,9.659748,uA,125.0,3.3,0.0,50.0,healthy,SYNTHETIC_DEMONSTRATION_ONLY
L04-C021,LOT-04,SYNTH-SPACE-ASIC-A,LeakageCurrent,0,3.831424,uA,125.0,3.3,0.0,20.0,healthy,SYNTHETIC_DEMONSTRATION_ONLY
L04-C021,LOT-04,SYNTH-SPACE-ASIC-A,LeakageCurrent,24,3.87464,uA,125.0,3.3,0.0,20.0,healthy,SYNTHETIC_DEMONSTRATION_ONLY
L04-C021,LOT-04,SYNTH-SPACE-ASIC-A,LeakageCurrent,96,4.304957,uA,125.0,3.3,0.0,20.0,healthy,SYNTHETIC_DEMONSTRATION_ONLY
L04-C021,LOT-04,SYNTH-SPACE-ASIC-A,LeakageCurrent,168,4.689138,uA,125.0,3.3,0.0,20.0,healthy,SYNTHETIC_DEMONSTRATION_ONLY
L04-C022,LOT-04,SYNTH-SPACE-ASIC-A,Iddq,0,10.182588,uA,125.0,3.3,0.0,50.0,healthy,SYNTHETIC_DEMONSTRATION_ONLY
L04-C022,LOT-04,SYNTH-SPACE-ASIC-A,Iddq,24,10.411812,uA,125.0,3.3,0.0,50.0,healthy,SYNTHETIC_DEMONSTRATION_ONLY
L04-C022,LOT-04,SYNTH-SPACE-ASIC-A,Iddq,96,10.666347,uA,125.0,3.3,0.0,50.0,healthy,SYNTHETIC_DEMONSTRATION_ONLY
L04-C022,LOT-04,SYNTH-SPACE-ASIC-A,Iddq,168,11.35005,uA,125.0,3.3,0.0,50.0,healthy,SYNTHETIC_DEMONSTRATION_ONLY
L04-C022,LOT-04,SYNTH-SPACE-ASIC-A,LeakageCurrent,0,3.7057,uA,125.0,3.3,0.0,20.0,healthy,SYNTHETIC_DEMONSTRATION_ONLY
L04-C022,LOT-04,SYNTH-SPACE-ASIC-A,LeakageCurrent,24,3.763155,uA,125.0,3.3,0.0,20.0,healthy,SYNTHETIC_DEMONSTRATION_ONLY
L04-C022,LOT-04,SYNTH-SPACE-ASIC-A,LeakageCurrent,96,4.229883,uA,125.0,3.3,0.0,20.0,healthy,SYNTHETIC_DEMONSTRATION_ONLY
L04-C022,LOT-04,SYNTH-SPACE-ASIC-A,LeakageCurrent,168,4.726644,uA,125.0,3.3,0.0,20.0,healthy,SYNTHETIC_DEMONSTRATION_ONLY
L04-C023,LOT-04,SYNTH-SPACE-ASIC-A,Iddq,0,9.829191,uA,125.0,3.3,0.0,50.0,healthy,SYNTHETIC_DEMONSTRATION_ONLY
L04-C023,LOT-04,SYNTH-SPACE-ASIC-A,Iddq,24,9.852621,uA,125.0,3.3,0.0,50.0,healthy,SYNTHETIC_DEMONSTRATION_ONLY
L04-C023,LOT-04,SYNTH-SPACE-ASIC-A,Iddq,96,9.764027,uA,125.0,3.3,0.0,50.0,healthy,SYNTHETIC_DEMONSTRATION_ONLY
L04-C023,LOT-04,SYNTH-SPACE-ASIC-A,Iddq,168,9.74833,uA,125.0,3.3,0.0,50.0,healthy,SYNTHETIC_DEMONSTRATION_ONLY
L04-C023,LOT-04,SYNTH-SPACE-ASIC-A,LeakageCurrent,0,3.818696,uA,125.0,3.3,0.0,20.0,healthy,SYNTHETIC_DEMONSTRATION_ONLY
L04-C023,LOT-04,SYNTH-SPACE-ASIC-A,LeakageCurrent,24,3.800778,uA,125.0,3.3,0.0,20.0,healthy,SYNTHETIC_DEMONSTRATION_ONLY
L04-C023,LOT-04,SYNTH-SPACE-ASIC-A,LeakageCurrent,96,4.242053,uA,125.0,3.3,0.0,20.0,healthy,SYNTHETIC_DEMONSTRATION_ONLY
L04-C023,LOT-04,SYNTH-SPACE-ASIC-A,LeakageCurrent,168,4.625505,uA,125.0,3.3,0.0,20.0,healthy,SYNTHETIC_DEMONSTRATION_ONLY
L04-C024,LOT-04,SYNTH-SPACE-ASIC-A,Iddq,0,10.371478,uA,125.0,3.3,0.0,50.0,healthy,SYNTHETIC_DEMONSTRATION_ONLY
L04-C024,LOT-04,SYNTH-SPACE-ASIC-A,Iddq,24,10.452077,uA,125.0,3.3,0.0,50.0,healthy,SYNTHETIC_DEMONSTRATION_ONLY
L04-C024,LOT-04,SYNTH-SPACE-ASIC-A,Iddq,96,10.70897,uA,125.0,3.3,0.0,50.0,healthy,SYNTHETIC_DEMONSTRATION_ONLY
L04-C024,LOT-04,SYNTH-SPACE-ASIC-A,Iddq,168,10.719906,uA,125.0,3.3,0.0,50.0,healthy,SYNTHETIC_DEMONSTRATION_ONLY
L04-C024,LOT-04,SYNTH-SPACE-ASIC-A,LeakageCurrent,0,3.862627,uA,125.0,3.3,0.0,20.0,healthy,SYNTHETIC_DEMONSTRATION_ONLY
L04-C024,LOT-04,SYNTH-SPACE-ASIC-A,LeakageCurrent,24,4.152332,uA,125.0,3.3,0.0,20.0,healthy,SYNTHETIC_DEMONSTRATION_ONLY
L04-C024,LOT-04,SYNTH-SPACE-ASIC-A,LeakageCurrent,96,4.307637,uA,125.0,3.3,0.0,20.0,healthy,SYNTHETIC_DEMONSTRATION_ONLY
L04-C024,LOT-04,SYNTH-SPACE-ASIC-A,LeakageCurrent,168,4.824447,uA,125.0,3.3,0.0,20.0,healthy,SYNTHETIC_DEMONSTRATION_ONLY
L04-C025,LOT-04,SYNTH-SPACE-ASIC-A,Iddq,0,9.974284,uA,125.0,3.3,0.0,50.0,defective,SYNTHETIC_DEMONSTRATION_ONLY
L04-C025,LOT-04,SYNTH-SPACE-ASIC-A,Iddq,24,9.971282,uA,125.0,3.3,0.0,50.0,defective,SYNTHETIC_DEMONSTRATION_ONLY
L04-C025,LOT-04,SYNTH-SPACE-ASIC-A,Iddq,96,11.38603,uA,125.0,3.3,0.0,50.0,defective,SYNTHETIC_DEMONSTRATION_ONLY
L04-C025,LOT-04,SYNTH-SPACE-ASIC-A,Iddq,168,12.963555,uA,125.0,3.3,0.0,50.0,defective,SYNTHETIC_DEMONSTRATION_ONLY
L04-C025,LOT-04,SYNTH-SPACE-ASIC-A,LeakageCurrent,0,4.097652,uA,125.0,3.3,0.0,20.0,defective,SYNTHETIC_DEMONSTRATION_ONLY
L04-C025,LOT-04,SYNTH-SPACE-ASIC-A,LeakageCurrent,24,4.520764,uA,125.0,3.3,0.0,20.0,defective,SYNTHETIC_DEMONSTRATION_ONLY
L04-C025,LOT-04,SYNTH-SPACE-ASIC-A,LeakageCurrent,96,5.718861,uA,125.0,3.3,0.0,20.0,defective,SYNTHETIC_DEMONSTRATION_ONLY
L04-C025,LOT-04,SYNTH-SPACE-ASIC-A,LeakageCurrent,168,7.109895,uA,125.0,3.3,0.0,20.0,defective,SYNTHETIC_DEMONSTRATION_ONLY
L04-C026,LOT-04,SYNTH-SPACE-ASIC-A,Iddq,0,9.872224,uA,125.0,3.3,0.0,50.0,defective,SYNTHETIC_DEMONSTRATION_ONLY
L04-C026,LOT-04,SYNTH-SPACE-ASIC-A,Iddq,24,10.158067,uA,125.0,3.3,0.0,50.0,defective,SYNTHETIC_DEMONSTRATION_ONLY
L04-C026,LOT-04,SYNTH-SPACE-ASIC-A,Iddq,96,11.687859,uA,125.0,3.3,0.0,50.0,defective,SYNTHETIC_DEMONSTRATION_ONLY
L04-C026,LOT-04,SYNTH-SPACE-ASIC-A,Iddq,168,13.270115,uA,125.0,3.3,0.0,50.0,defective,SYNTHETIC_DEMONSTRATION_ONLY
L04-C026,LOT-04,SYNTH-SPACE-ASIC-A,LeakageCurrent,0,3.92178,uA,125.0,3.3,0.0,20.0,defective,SYNTHETIC_DEMONSTRATION_ONLY
L04-C026,LOT-04,SYNTH-SPACE-ASIC-A,LeakageCurrent,24,4.172335,uA,125.0,3.3,0.0,20.0,defective,SYNTHETIC_DEMONSTRATION_ONLY
L04-C026,LOT-04,SYNTH-SPACE-ASIC-A,LeakageCurrent,96,5.096724,uA,125.0,3.3,0.0,20.0,defective,SYNTHETIC_DEMONSTRATION_ONLY
L04-C026,LOT-04,SYNTH-SPACE-ASIC-A,LeakageCurrent,168,6.351543,uA,125.0,3.3,0.0,20.0,defective,SYNTHETIC_DEMONSTRATION_ONLY
L04-C027,LOT-04,SYNTH-SPACE-ASIC-A,Iddq,0,9.536302,uA,125.0,3.3,0.0,50.0,healthy,SYNTHETIC_DEMONSTRATION_ONLY
L04-C027,LOT-04,SYNTH-SPACE-ASIC-A,Iddq,24,9.663106,uA,125.0,3.3,0.0,50.0,healthy,SYNTHETIC_DEMONSTRATION_ONLY
L04-C027,LOT-04,SYNTH-SPACE-ASIC-A,Iddq,96,9.785579,uA,125.0,3.3,0.0,50.0,healthy,SYNTHETIC_DEMONSTRATION_ONLY
L04-C027,LOT-04,SYNTH-SPACE-ASIC-A,Iddq,168,10.154247,uA,125.0,3.3,0.0,50.0,healthy,SYNTHETIC_DEMONSTRATION_ONLY
L04-C027,LOT-04,SYNTH-SPACE-ASIC-A,LeakageCurrent,0,4.187807,uA,125.0,3.3,0.0,20.0,healthy,SYNTHETIC_DEMONSTRATION_ONLY
L04-C027,LOT-04,SYNTH-SPACE-ASIC-A,LeakageCurrent,24,4.354283,uA,125.0,3.3,0.0,20.0,healthy,SYNTHETIC_DEMONSTRATION_ONLY
L04-C027,LOT-04,SYNTH-SPACE-ASIC-A,LeakageCurrent,96,4.40055,uA,125.0,3.3,0.0,20.0,healthy,SYNTHETIC_DEMONSTRATION_ONLY
L04-C027,LOT-04,SYNTH-SPACE-ASIC-A,LeakageCurrent,168,4.563424,uA,125.0,3.3,0.0,20.0,healthy,SYNTHETIC_DEMONSTRATION_ONLY
L04-C028,LOT-04,SYNTH-SPACE-ASIC-A,Iddq,0,10.522465,uA,125.0,3.3,0.0,50.0,healthy,SYNTHETIC_DEMONSTRATION_ONLY
L04-C028,LOT-04,SYNTH-SPACE-ASIC-A,Iddq,24,10.333572,uA,125.0,3.3,0.0,50.0,healthy,SYNTHETIC_DEMONSTRATION_ONLY
L04-C028,LOT-04,SYNTH-SPACE-ASIC-A,Iddq,96,10.45319,uA,125.0,3.3,0.0,50.0,healthy,SYNTHETIC_DEMONSTRATION_ONLY
L04-C028,LOT-04,SYNTH-SPACE-ASIC-A,Iddq,168,10.706853,uA,125.0,3.3,0.0,50.0,healthy,SYNTHETIC_DEMONSTRATION_ONLY
L04-C028,LOT-04,SYNTH-SPACE-ASIC-A,LeakageCurrent,0,3.330878,uA,125.0,3.3,0.0,20.0,healthy,SYNTHETIC_DEMONSTRATION_ONLY
L04-C028,LOT-04,SYNTH-SPACE-ASIC-A,LeakageCurrent,24,3.530223,uA,125.0,3.3,0.0,20.0,healthy,SYNTHETIC_DEMONSTRATION_ONLY
L04-C028,LOT-04,SYNTH-SPACE-ASIC-A,LeakageCurrent,96,3.858195,uA,125.0,3.3,0.0,20.0,healthy,SYNTHETIC_DEMONSTRATION_ONLY
L04-C028,LOT-04,SYNTH-SPACE-ASIC-A,LeakageCurrent,168,3.870095,uA,125.0,3.3,0.0,20.0,healthy,SYNTHETIC_DEMONSTRATION_ONLY
L05-C001,LOT-05,SYNTH-SPACE-ASIC-A,Iddq,0,54.015076,uA,125.0,3.3,0.0,50.0,defective,SYNTHETIC_DEMONSTRATION_ONLY
L05-C001,LOT-05,SYNTH-SPACE-ASIC-A,Iddq,24,54.580559,uA,125.0,3.3,0.0,50.0,defective,SYNTHETIC_DEMONSTRATION_ONLY
L05-C001,LOT-05,SYNTH-SPACE-ASIC-A,Iddq,96,56.066266,uA,125.0,3.3,0.0,50.0,defective,SYNTHETIC_DEMONSTRATION_ONLY
L05-C001,LOT-05,SYNTH-SPACE-ASIC-A,Iddq,168,57.880713,uA,125.0,3.3,0.0,50.0,defective,SYNTHETIC_DEMONSTRATION_ONLY
L05-C001,LOT-05,SYNTH-SPACE-ASIC-A,LeakageCurrent,0,21.918014,uA,125.0,3.3,0.0,20.0,defective,SYNTHETIC_DEMONSTRATION_ONLY
L05-C001,LOT-05,SYNTH-SPACE-ASIC-A,LeakageCurrent,24,22.364585,uA,125.0,3.3,0.0,20.0,defective,SYNTHETIC_DEMONSTRATION_ONLY
L05-C001,LOT-05,SYNTH-SPACE-ASIC-A,LeakageCurrent,96,23.996308,uA,125.0,3.3,0.0,20.0,defective,SYNTHETIC_DEMONSTRATION_ONLY
L05-C001,LOT-05,SYNTH-SPACE-ASIC-A,LeakageCurrent,168,25.679123,uA,125.0,3.3,0.0,20.0,defective,SYNTHETIC_DEMONSTRATION_ONLY
L05-C002,LOT-05,SYNTH-SPACE-ASIC-A,Iddq,0,9.902187,uA,125.0,3.3,0.0,50.0,healthy,SYNTHETIC_DEMONSTRATION_ONLY
L05-C002,LOT-05,SYNTH-SPACE-ASIC-A,Iddq,24,10.153301,uA,125.0,3.3,0.0,50.0,healthy,SYNTHETIC_DEMONSTRATION_ONLY
L05-C002,LOT-05,SYNTH-SPACE-ASIC-A,Iddq,96,9.811884,uA,125.0,3.3,0.0,50.0,healthy,SYNTHETIC_DEMONSTRATION_ONLY
L05-C002,LOT-05,SYNTH-SPACE-ASIC-A,Iddq,168,9.926358,uA,125.0,3.3,0.0,50.0,healthy,SYNTHETIC_DEMONSTRATION_ONLY
L05-C002,LOT-05,SYNTH-SPACE-ASIC-A,LeakageCurrent,0,5.091047,uA,125.0,3.3,0.0,20.0,healthy,SYNTHETIC_DEMONSTRATION_ONLY
L05-C002,LOT-05,SYNTH-SPACE-ASIC-A,LeakageCurrent,24,5.092994,uA,125.0,3.3,0.0,20.0,healthy,SYNTHETIC_DEMONSTRATION_ONLY
L05-C002,LOT-05,SYNTH-SPACE-ASIC-A,LeakageCurrent,96,5.406732,uA,125.0,3.3,0.0,20.0,healthy,SYNTHETIC_DEMONSTRATION_ONLY
L05-C002,LOT-05,SYNTH-SPACE-ASIC-A,LeakageCurrent,168,5.792768,uA,125.0,3.3,0.0,20.0,healthy,SYNTHETIC_DEMONSTRATION_ONLY
L05-C003,LOT-05,SYNTH-SPACE-ASIC-A,Iddq,0,9.88907,uA,125.0,3.3,0.0,50.0,healthy,SYNTHETIC_DEMONSTRATION_ONLY
L05-C003,LOT-05,SYNTH-SPACE-ASIC-A,Iddq,24,9.864572,uA,125.0,3.3,0.0,50.0,healthy,SYNTHETIC_DEMONSTRATION_ONLY
L05-C003,LOT-05,SYNTH-SPACE-ASIC-A,Iddq,96,9.83337,uA,125.0,3.3,0.0,50.0,healthy,SYNTHETIC_DEMONSTRATION_ONLY
L05-C003,LOT-05,SYNTH-SPACE-ASIC-A,Iddq,168,10.015987,uA,125.0,3.3,0.0,50.0,healthy,SYNTHETIC_DEMONSTRATION_ONLY
L05-C003,LOT-05,SYNTH-SPACE-ASIC-A,LeakageCurrent,0,4.878564,uA,125.0,3.3,0.0,20.0,healthy,SYNTHETIC_DEMONSTRATION_ONLY
L05-C003,LOT-05,SYNTH-SPACE-ASIC-A,LeakageCurrent,24,4.759281,uA,125.0,3.3,0.0,20.0,healthy,SYNTHETIC_DEMONSTRATION_ONLY
L05-C003,LOT-05,SYNTH-SPACE-ASIC-A,LeakageCurrent,96,4.914018,uA,125.0,3.3,0.0,20.0,healthy,SYNTHETIC_DEMONSTRATION_ONLY
L05-C003,LOT-05,SYNTH-SPACE-ASIC-A,LeakageCurrent,168,5.20013,uA,125.0,3.3,0.0,20.0,healthy,SYNTHETIC_DEMONSTRATION_ONLY
L05-C004,LOT-05,SYNTH-SPACE-ASIC-A,Iddq,0,9.807171,uA,125.0,3.3,0.0,50.0,healthy,SYNTHETIC_DEMONSTRATION_ONLY
L05-C004,LOT-05,SYNTH-SPACE-ASIC-A,Iddq,24,9.984183,uA,125.0,3.3,0.0,50.0,healthy,SYNTHETIC_DEMONSTRATION_ONLY
L05-C004,LOT-05,SYNTH-SPACE-ASIC-A,Iddq,96,10.251837,uA,125.0,3.3,0.0,50.0,healthy,SYNTHETIC_DEMONSTRATION_ONLY
L05-C004,LOT-05,SYNTH-SPACE-ASIC-A,Iddq,168,10.594779,uA,125.0,3.3,0.0,50.0,healthy,SYNTHETIC_DEMONSTRATION_ONLY
L05-C004,LOT-05,SYNTH-SPACE-ASIC-A,LeakageCurrent,0,4.190031,uA,125.0,3.3,0.0,20.0,healthy,SYNTHETIC_DEMONSTRATION_ONLY
L05-C004,LOT-05,SYNTH-SPACE-ASIC-A,LeakageCurrent,24,4.058957,uA,125.0,3.3,0.0,20.0,healthy,SYNTHETIC_DEMONSTRATION_ONLY
L05-C004,LOT-05,SYNTH-SPACE-ASIC-A,LeakageCurrent,96,4.483668,uA,125.0,3.3,0.0,20.0,healthy,SYNTHETIC_DEMONSTRATION_ONLY
L05-C004,LOT-05,SYNTH-SPACE-ASIC-A,LeakageCurrent,168,4.716806,uA,125.0,3.3,0.0,20.0,healthy,SYNTHETIC_DEMONSTRATION_ONLY
L05-C005,LOT-05,SYNTH-SPACE-ASIC-A,Iddq,0,9.984686,uA,125.0,3.3,0.0,50.0,healthy,SYNTHETIC_DEMONSTRATION_ONLY
L05-C005,LOT-05,SYNTH-SPACE-ASIC-A,Iddq,24,10.169927,uA,125.0,3.3,0.0,50.0,healthy,SYNTHETIC_DEMONSTRATION_ONLY
L05-C005,LOT-05,SYNTH-SPACE-ASIC-A,Iddq,96,10.453823,uA,125.0,3.3,0.0,50.0,healthy,SYNTHETIC_DEMONSTRATION_ONLY
L05-C005,LOT-05,SYNTH-SPACE-ASIC-A,Iddq,168,10.778821,uA,125.0,3.3,0.0,50.0,healthy,SYNTHETIC_DEMONSTRATION_ONLY
L05-C005,LOT-05,SYNTH-SPACE-ASIC-A,LeakageCurrent,0,4.885178,uA,125.0,3.3,0.0,20.0,healthy,SYNTHETIC_DEMONSTRATION_ONLY
L05-C005,LOT-05,SYNTH-SPACE-ASIC-A,LeakageCurrent,24,4.966558,uA,125.0,3.3,0.0,20.0,healthy,SYNTHETIC_DEMONSTRATION_ONLY
L05-C005,LOT-05,SYNTH-SPACE-ASIC-A,LeakageCurrent,96,5.111256,uA,125.0,3.3,0.0,20.0,healthy,SYNTHETIC_DEMONSTRATION_ONLY
L05-C005,LOT-05,SYNTH-SPACE-ASIC-A,LeakageCurrent,168,5.439466,uA,125.0,3.3,0.0,20.0,healthy,SYNTHETIC_DEMONSTRATION_ONLY
L05-C006,LOT-05,SYNTH-SPACE-ASIC-A,Iddq,0,10.764808,uA,125.0,3.3,0.0,50.0,healthy,SYNTHETIC_DEMONSTRATION_ONLY
L05-C006,LOT-05,SYNTH-SPACE-ASIC-A,Iddq,24,10.629323,uA,125.0,3.3,0.0,50.0,healthy,SYNTHETIC_DEMONSTRATION_ONLY
L05-C006,LOT-05,SYNTH-SPACE-ASIC-A,Iddq,96,11.090601,uA,125.0,3.3,0.0,50.0,healthy,SYNTHETIC_DEMONSTRATION_ONLY
L05-C006,LOT-05,SYNTH-SPACE-ASIC-A,Iddq,168,11.340664,uA,125.0,3.3,0.0,50.0,healthy,SYNTHETIC_DEMONSTRATION_ONLY
L05-C006,LOT-05,SYNTH-SPACE-ASIC-A,LeakageCurrent,0,4.852839,uA,125.0,3.3,0.0,20.0,healthy,SYNTHETIC_DEMONSTRATION_ONLY
L05-C006,LOT-05,SYNTH-SPACE-ASIC-A,LeakageCurrent,24,4.945965,uA,125.0,3.3,0.0,20.0,healthy,SYNTHETIC_DEMONSTRATION_ONLY
L05-C006,LOT-05,SYNTH-SPACE-ASIC-A,LeakageCurrent,96,5.112181,uA,125.0,3.3,0.0,20.0,healthy,SYNTHETIC_DEMONSTRATION_ONLY
L05-C006,LOT-05,SYNTH-SPACE-ASIC-A,LeakageCurrent,168,5.406224,uA,125.0,3.3,0.0,20.0,healthy,SYNTHETIC_DEMONSTRATION_ONLY
L05-C007,LOT-05,SYNTH-SPACE-ASIC-A,Iddq,0,10.545601,uA,125.0,3.3,0.0,50.0,healthy,SYNTHETIC_DEMONSTRATION_ONLY
L05-C007,LOT-05,SYNTH-SPACE-ASIC-A,Iddq,24,10.798555,uA,125.0,3.3,0.0,50.0,healthy,SYNTHETIC_DEMONSTRATION_ONLY
L05-C007,LOT-05,SYNTH-SPACE-ASIC-A,Iddq,96,10.835516,uA,125.0,3.3,0.0,50.0,healthy,SYNTHETIC_DEMONSTRATION_ONLY
L05-C007,LOT-05,SYNTH-SPACE-ASIC-A,Iddq,168,10.806853,uA,125.0,3.3,0.0,50.0,healthy,SYNTHETIC_DEMONSTRATION_ONLY
L05-C007,LOT-05,SYNTH-SPACE-ASIC-A,LeakageCurrent,0,4.066693,uA,125.0,3.3,0.0,20.0,healthy,SYNTHETIC_DEMONSTRATION_ONLY
L05-C007,LOT-05,SYNTH-SPACE-ASIC-A,LeakageCurrent,24,4.206723,uA,125.0,3.3,0.0,20.0,healthy,SYNTHETIC_DEMONSTRATION_ONLY
L05-C007,LOT-05,SYNTH-SPACE-ASIC-A,LeakageCurrent,96,4.327569,uA,125.0,3.3,0.0,20.0,healthy,SYNTHETIC_DEMONSTRATION_ONLY
L05-C007,LOT-05,SYNTH-SPACE-ASIC-A,LeakageCurrent,168,4.64579,uA,125.0,3.3,0.0,20.0,healthy,SYNTHETIC_DEMONSTRATION_ONLY
L05-C008,LOT-05,SYNTH-SPACE-ASIC-A,Iddq,0,9.771149,uA,125.0,3.3,0.0,50.0,healthy,SYNTHETIC_DEMONSTRATION_ONLY
L05-C008,LOT-05,SYNTH-SPACE-ASIC-A,Iddq,24,10.023797,uA,125.0,3.3,0.0,50.0,healthy,SYNTHETIC_DEMONSTRATION_ONLY
L05-C008,LOT-05,SYNTH-SPACE-ASIC-A,Iddq,96,10.304642,uA,125.0,3.3,0.0,50.0,healthy,SYNTHETIC_DEMONSTRATION_ONLY
L05-C008,LOT-05,SYNTH-SPACE-ASIC-A,Iddq,168,10.811502,uA,125.0,3.3,0.0,50.0,healthy,SYNTHETIC_DEMONSTRATION_ONLY
L05-C008,LOT-05,SYNTH-SPACE-ASIC-A,LeakageCurrent,0,4.248216,uA,125.0,3.3,0.0,20.0,healthy,SYNTHETIC_DEMONSTRATION_ONLY
L05-C008,LOT-05,SYNTH-SPACE-ASIC-A,LeakageCurrent,24,4.353542,uA,125.0,3.3,0.0,20.0,healthy,SYNTHETIC_DEMONSTRATION_ONLY
L05-C008,LOT-05,SYNTH-SPACE-ASIC-A,LeakageCurrent,96,4.382689,uA,125.0,3.3,0.0,20.0,healthy,SYNTHETIC_DEMONSTRATION_ONLY
L05-C008,LOT-05,SYNTH-SPACE-ASIC-A,LeakageCurrent,168,4.738804,uA,125.0,3.3,0.0,20.0,healthy,SYNTHETIC_DEMONSTRATION_ONLY
L05-C009,LOT-05,SYNTH-SPACE-ASIC-A,Iddq,0,10.760326,uA,125.0,3.3,0.0,50.0,healthy,SYNTHETIC_DEMONSTRATION_ONLY
L05-C009,LOT-05,SYNTH-SPACE-ASIC-A,Iddq,24,10.86668,uA,125.0,3.3,0.0,50.0,healthy,SYNTHETIC_DEMONSTRATION_ONLY
L05-C009,LOT-05,SYNTH-SPACE-ASIC-A,Iddq,96,10.829713,uA,125.0,3.3,0.0,50.0,healthy,SYNTHETIC_DEMONSTRATION_ONLY
L05-C009,LOT-05,SYNTH-SPACE-ASIC-A,Iddq,168,11.086667,uA,125.0,3.3,0.0,50.0,healthy,SYNTHETIC_DEMONSTRATION_ONLY
L05-C009,LOT-05,SYNTH-SPACE-ASIC-A,LeakageCurrent,0,4.307254,uA,125.0,3.3,0.0,20.0,healthy,SYNTHETIC_DEMONSTRATION_ONLY
L05-C009,LOT-05,SYNTH-SPACE-ASIC-A,LeakageCurrent,24,4.420355,uA,125.0,3.3,0.0,20.0,healthy,SYNTHETIC_DEMONSTRATION_ONLY
L05-C009,LOT-05,SYNTH-SPACE-ASIC-A,LeakageCurrent,96,4.810044,uA,125.0,3.3,0.0,20.0,healthy,SYNTHETIC_DEMONSTRATION_ONLY
L05-C009,LOT-05,SYNTH-SPACE-ASIC-A,LeakageCurrent,168,5.069154,uA,125.0,3.3,0.0,20.0,healthy,SYNTHETIC_DEMONSTRATION_ONLY
L05-C010,LOT-05,SYNTH-SPACE-ASIC-A,Iddq,0,9.489908,uA,125.0,3.3,0.0,50.0,healthy,SYNTHETIC_DEMONSTRATION_ONLY
L05-C010,LOT-05,SYNTH-SPACE-ASIC-A,Iddq,24,9.611217,uA,125.0,3.3,0.0,50.0,healthy,SYNTHETIC_DEMONSTRATION_ONLY
L05-C010,LOT-05,SYNTH-SPACE-ASIC-A,Iddq,96,10.239753,uA,125.0,3.3,0.0,50.0,healthy,SYNTHETIC_DEMONSTRATION_ONLY
L05-C010,LOT-05,SYNTH-SPACE-ASIC-A,Iddq,168,10.806632,uA,125.0,3.3,0.0,50.0,healthy,SYNTHETIC_DEMONSTRATION_ONLY
L05-C010,LOT-05,SYNTH-SPACE-ASIC-A,LeakageCurrent,0,4.428653,uA,125.0,3.3,0.0,20.0,healthy,SYNTHETIC_DEMONSTRATION_ONLY
L05-C010,LOT-05,SYNTH-SPACE-ASIC-A,LeakageCurrent,24,4.344255,uA,125.0,3.3,0.0,20.0,healthy,SYNTHETIC_DEMONSTRATION_ONLY
L05-C010,LOT-05,SYNTH-SPACE-ASIC-A,LeakageCurrent,96,4.611518,uA,125.0,3.3,0.0,20.0,healthy,SYNTHETIC_DEMONSTRATION_ONLY
L05-C010,LOT-05,SYNTH-SPACE-ASIC-A,LeakageCurrent,168,4.731476,uA,125.0,3.3,0.0,20.0,healthy,SYNTHETIC_DEMONSTRATION_ONLY
L05-C011,LOT-05,SYNTH-SPACE-ASIC-A,Iddq,0,10.095643,uA,125.0,3.3,0.0,50.0,healthy,SYNTHETIC_DEMONSTRATION_ONLY
L05-C011,LOT-05,SYNTH-SPACE-ASIC-A,Iddq,24,10.104386,uA,125.0,3.3,0.0,50.0,healthy,SYNTHETIC_DEMONSTRATION_ONLY
L05-C011,LOT-05,SYNTH-SPACE-ASIC-A,Iddq,96,10.214945,uA,125.0,3.3,0.0,50.0,healthy,SYNTHETIC_DEMONSTRATION_ONLY
L05-C011,LOT-05,SYNTH-SPACE-ASIC-A,Iddq,168,10.555939,uA,125.0,3.3,0.0,50.0,healthy,SYNTHETIC_DEMONSTRATION_ONLY
L05-C011,LOT-05,SYNTH-SPACE-ASIC-A,LeakageCurrent,0,4.559523,uA,125.0,3.3,0.0,20.0,healthy,SYNTHETIC_DEMONSTRATION_ONLY
L05-C011,LOT-05,SYNTH-SPACE-ASIC-A,LeakageCurrent,24,4.536249,uA,125.0,3.3,0.0,20.0,healthy,SYNTHETIC_DEMONSTRATION_ONLY
L05-C011,LOT-05,SYNTH-SPACE-ASIC-A,LeakageCurrent,96,4.856718,uA,125.0,3.3,0.0,20.0,healthy,SYNTHETIC_DEMONSTRATION_ONLY
L05-C011,LOT-05,SYNTH-SPACE-ASIC-A,LeakageCurrent,168,4.8751,uA,125.0,3.3,0.0,20.0,healthy,SYNTHETIC_DEMONSTRATION_ONLY
L05-C012,LOT-05,SYNTH-SPACE-ASIC-A,Iddq,0,10.866096,uA,125.0,3.3,0.0,50.0,healthy,SYNTHETIC_DEMONSTRATION_ONLY
L05-C012,LOT-05,SYNTH-SPACE-ASIC-A,Iddq,24,10.618681,uA,125.0,3.3,0.0,50.0,healthy,SYNTHETIC_DEMONSTRATION_ONLY
L05-C012,LOT-05,SYNTH-SPACE-ASIC-A,Iddq,96,10.724453,uA,125.0,3.3,0.0,50.0,healthy,SYNTHETIC_DEMONSTRATION_ONLY
L05-C012,LOT-05,SYNTH-SPACE-ASIC-A,Iddq,168,10.749059,uA,125.0,3.3,0.0,50.0,healthy,SYNTHETIC_DEMONSTRATION_ONLY
L05-C012,LOT-05,SYNTH-SPACE-ASIC-A,LeakageCurrent,0,4.682077,uA,125.0,3.3,0.0,20.0,healthy,SYNTHETIC_DEMONSTRATION_ONLY
L05-C012,LOT-05,SYNTH-SPACE-ASIC-A,LeakageCurrent,24,4.600357,uA,125.0,3.3,0.0,20.0,healthy,SYNTHETIC_DEMONSTRATION_ONLY
L05-C012,LOT-05,SYNTH-SPACE-ASIC-A,LeakageCurrent,96,4.728741,uA,125.0,3.3,0.0,20.0,healthy,SYNTHETIC_DEMONSTRATION_ONLY
L05-C012,LOT-05,SYNTH-SPACE-ASIC-A,LeakageCurrent,168,4.817792,uA,125.0,3.3,0.0,20.0,healthy,SYNTHETIC_DEMONSTRATION_ONLY
L05-C013,LOT-05,SYNTH-SPACE-ASIC-A,Iddq,0,10.436456,uA,125.0,3.3,0.0,50.0,defective,SYNTHETIC_DEMONSTRATION_ONLY
L05-C013,LOT-05,SYNTH-SPACE-ASIC-A,Iddq,24,10.481628,uA,125.0,3.3,0.0,50.0,defective,SYNTHETIC_DEMONSTRATION_ONLY
L05-C013,LOT-05,SYNTH-SPACE-ASIC-A,Iddq,96,11.767141,uA,125.0,3.3,0.0,50.0,defective,SYNTHETIC_DEMONSTRATION_ONLY
L05-C013,LOT-05,SYNTH-SPACE-ASIC-A,Iddq,168,13.296105,uA,125.0,3.3,0.0,50.0,defective,SYNTHETIC_DEMONSTRATION_ONLY
L05-C013,LOT-05,SYNTH-SPACE-ASIC-A,LeakageCurrent,0,4.139962,uA,125.0,3.3,0.0,20.0,defective,SYNTHETIC_DEMONSTRATION_ONLY
L05-C013,LOT-05,SYNTH-SPACE-ASIC-A,LeakageCurrent,24,4.449119,uA,125.0,3.3,0.0,20.0,defective,SYNTHETIC_DEMONSTRATION_ONLY
L05-C013,LOT-05,SYNTH-SPACE-ASIC-A,LeakageCurrent,96,5.767133,uA,125.0,3.3,0.0,20.0,defective,SYNTHETIC_DEMONSTRATION_ONLY
L05-C013,LOT-05,SYNTH-SPACE-ASIC-A,LeakageCurrent,168,7.309405,uA,125.0,3.3,0.0,20.0,defective,SYNTHETIC_DEMONSTRATION_ONLY
L05-C014,LOT-05,SYNTH-SPACE-ASIC-A,Iddq,0,9.840319,uA,125.0,3.3,0.0,50.0,healthy,SYNTHETIC_DEMONSTRATION_ONLY
L05-C014,LOT-05,SYNTH-SPACE-ASIC-A,Iddq,24,10.041245,uA,125.0,3.3,0.0,50.0,healthy,SYNTHETIC_DEMONSTRATION_ONLY
L05-C014,LOT-05,SYNTH-SPACE-ASIC-A,Iddq,96,9.752071,uA,125.0,3.3,0.0,50.0,healthy,SYNTHETIC_DEMONSTRATION_ONLY
L05-C014,LOT-05,SYNTH-SPACE-ASIC-A,Iddq,168,10.0426,uA,125.0,3.3,0.0,50.0,healthy,SYNTHETIC_DEMONSTRATION_ONLY
L05-C014,LOT-05,SYNTH-SPACE-ASIC-A,LeakageCurrent,0,4.627382,uA,125.0,3.3,0.0,20.0,healthy,SYNTHETIC_DEMONSTRATION_ONLY
L05-C014,LOT-05,SYNTH-SPACE-ASIC-A,LeakageCurrent,24,4.798634,uA,125.0,3.3,0.0,20.0,healthy,SYNTHETIC_DEMONSTRATION_ONLY
L05-C014,LOT-05,SYNTH-SPACE-ASIC-A,LeakageCurrent,96,5.015208,uA,125.0,3.3,0.0,20.0,healthy,SYNTHETIC_DEMONSTRATION_ONLY
L05-C014,LOT-05,SYNTH-SPACE-ASIC-A,LeakageCurrent,168,5.374752,uA,125.0,3.3,0.0,20.0,healthy,SYNTHETIC_DEMONSTRATION_ONLY
L05-C015,LOT-05,SYNTH-SPACE-ASIC-A,Iddq,0,11.307722,uA,125.0,3.3,0.0,50.0,defective,SYNTHETIC_DEMONSTRATION_ONLY
L05-C015,LOT-05,SYNTH-SPACE-ASIC-A,Iddq,24,11.519683,uA,125.0,3.3,0.0,50.0,defective,SYNTHETIC_DEMONSTRATION_ONLY
L05-C015,LOT-05,SYNTH-SPACE-ASIC-A,Iddq,96,12.741971,uA,125.0,3.3,0.0,50.0,defective,SYNTHETIC_DEMONSTRATION_ONLY
L05-C015,LOT-05,SYNTH-SPACE-ASIC-A,Iddq,168,14.144018,uA,125.0,3.3,0.0,50.0,defective,SYNTHETIC_DEMONSTRATION_ONLY
L05-C015,LOT-05,SYNTH-SPACE-ASIC-A,LeakageCurrent,0,4.488941,uA,125.0,3.3,0.0,20.0,defective,SYNTHETIC_DEMONSTRATION_ONLY
L05-C015,LOT-05,SYNTH-SPACE-ASIC-A,LeakageCurrent,24,4.785112,uA,125.0,3.3,0.0,20.0,defective,SYNTHETIC_DEMONSTRATION_ONLY
L05-C015,LOT-05,SYNTH-SPACE-ASIC-A,LeakageCurrent,96,6.280597,uA,125.0,3.3,0.0,20.0,defective,SYNTHETIC_DEMONSTRATION_ONLY
L05-C015,LOT-05,SYNTH-SPACE-ASIC-A,LeakageCurrent,168,7.857991,uA,125.0,3.3,0.0,20.0,defective,SYNTHETIC_DEMONSTRATION_ONLY
L05-C016,LOT-05,SYNTH-SPACE-ASIC-A,Iddq,0,11.290519,uA,125.0,3.3,0.0,50.0,defective,SYNTHETIC_DEMONSTRATION_ONLY
L05-C016,LOT-05,SYNTH-SPACE-ASIC-A,Iddq,24,11.574774,uA,125.0,3.3,0.0,50.0,defective,SYNTHETIC_DEMONSTRATION_ONLY
L05-C016,LOT-05,SYNTH-SPACE-ASIC-A,Iddq,96,13.09598,uA,125.0,3.3,0.0,50.0,defective,SYNTHETIC_DEMONSTRATION_ONLY
L05-C016,LOT-05,SYNTH-SPACE-ASIC-A,Iddq,168,14.71268,uA,125.0,3.3,0.0,50.0,defective,SYNTHETIC_DEMONSTRATION_ONLY
L05-C016,LOT-05,SYNTH-SPACE-ASIC-A,LeakageCurrent,0,3.732418,uA,125.0,3.3,0.0,20.0,defective,SYNTHETIC_DEMONSTRATION_ONLY
L05-C016,LOT-05,SYNTH-SPACE-ASIC-A,LeakageCurrent,24,4.371341,uA,125.0,3.3,0.0,20.0,defective,SYNTHETIC_DEMONSTRATION_ONLY
L05-C016,LOT-05,SYNTH-SPACE-ASIC-A,LeakageCurrent,96,6.138223,uA,125.0,3.3,0.0,20.0,defective,SYNTHETIC_DEMONSTRATION_ONLY
L05-C016,LOT-05,SYNTH-SPACE-ASIC-A,LeakageCurrent,168,7.883017,uA,125.0,3.3,0.0,20.0,defective,SYNTHETIC_DEMONSTRATION_ONLY
L05-C017,LOT-05,SYNTH-SPACE-ASIC-A,Iddq,0,10.165826,uA,125.0,3.3,0.0,50.0,healthy,SYNTHETIC_DEMONSTRATION_ONLY
L05-C017,LOT-05,SYNTH-SPACE-ASIC-A,Iddq,24,10.387424,uA,125.0,3.3,0.0,50.0,healthy,SYNTHETIC_DEMONSTRATION_ONLY
L05-C017,LOT-05,SYNTH-SPACE-ASIC-A,Iddq,96,10.048965,uA,125.0,3.3,0.0,50.0,healthy,SYNTHETIC_DEMONSTRATION_ONLY
L05-C017,LOT-05,SYNTH-SPACE-ASIC-A,Iddq,168,10.378732,uA,125.0,3.3,0.0,50.0,healthy,SYNTHETIC_DEMONSTRATION_ONLY
L05-C017,LOT-05,SYNTH-SPACE-ASIC-A,LeakageCurrent,0,4.276949,uA,125.0,3.3,0.0,20.0,healthy,SYNTHETIC_DEMONSTRATION_ONLY
L05-C017,LOT-05,SYNTH-SPACE-ASIC-A,LeakageCurrent,24,4.382939,uA,125.0,3.3,0.0,20.0,healthy,SYNTHETIC_DEMONSTRATION_ONLY
L05-C017,LOT-05,SYNTH-SPACE-ASIC-A,LeakageCurrent,96,4.306702,uA,125.0,3.3,0.0,20.0,healthy,SYNTHETIC_DEMONSTRATION_ONLY
L05-C017,LOT-05,SYNTH-SPACE-ASIC-A,LeakageCurrent,168,4.083637,uA,125.0,3.3,0.0,20.0,healthy,SYNTHETIC_DEMONSTRATION_ONLY
L05-C018,LOT-05,SYNTH-SPACE-ASIC-A,Iddq,0,10.258014,uA,125.0,3.3,0.0,50.0,healthy,SYNTHETIC_DEMONSTRATION_ONLY
L05-C018,LOT-05,SYNTH-SPACE-ASIC-A,Iddq,24,10.13392,uA,125.0,3.3,0.0,50.0,healthy,SYNTHETIC_DEMONSTRATION_ONLY
L05-C018,LOT-05,SYNTH-SPACE-ASIC-A,Iddq,96,10.428506,uA,125.0,3.3,0.0,50.0,healthy,SYNTHETIC_DEMONSTRATION_ONLY
L05-C018,LOT-05,SYNTH-SPACE-ASIC-A,Iddq,168,10.831346,uA,125.0,3.3,0.0,50.0,healthy,SYNTHETIC_DEMONSTRATION_ONLY
L05-C018,LOT-05,SYNTH-SPACE-ASIC-A,LeakageCurrent,0,3.641839,uA,125.0,3.3,0.0,20.0,healthy,SYNTHETIC_DEMONSTRATION_ONLY
L05-C018,LOT-05,SYNTH-SPACE-ASIC-A,LeakageCurrent,24,3.752528,uA,125.0,3.3,0.0,20.0,healthy,SYNTHETIC_DEMONSTRATION_ONLY
L05-C018,LOT-05,SYNTH-SPACE-ASIC-A,LeakageCurrent,96,4.099145,uA,125.0,3.3,0.0,20.0,healthy,SYNTHETIC_DEMONSTRATION_ONLY
L05-C018,LOT-05,SYNTH-SPACE-ASIC-A,LeakageCurrent,168,4.237491,uA,125.0,3.3,0.0,20.0,healthy,SYNTHETIC_DEMONSTRATION_ONLY
L05-C019,LOT-05,SYNTH-SPACE-ASIC-A,Iddq,0,11.167615,uA,125.0,3.3,0.0,50.0,healthy,SYNTHETIC_DEMONSTRATION_ONLY
L05-C019,LOT-05,SYNTH-SPACE-ASIC-A,Iddq,24,11.047656,uA,125.0,3.3,0.0,50.0,healthy,SYNTHETIC_DEMONSTRATION_ONLY
L05-C019,LOT-05,SYNTH-SPACE-ASIC-A,Iddq,96,11.711365,uA,125.0,3.3,0.0,50.0,healthy,SYNTHETIC_DEMONSTRATION_ONLY
L05-C019,LOT-05,SYNTH-SPACE-ASIC-A,Iddq,168,12.246729,uA,125.0,3.3,0.0,50.0,healthy,SYNTHETIC_DEMONSTRATION_ONLY
L05-C019,LOT-05,SYNTH-SPACE-ASIC-A,LeakageCurrent,0,4.515321,uA,125.0,3.3,0.0,20.0,healthy,SYNTHETIC_DEMONSTRATION_ONLY
L05-C019,LOT-05,SYNTH-SPACE-ASIC-A,LeakageCurrent,24,4.487916,uA,125.0,3.3,0.0,20.0,healthy,SYNTHETIC_DEMONSTRATION_ONLY
L05-C019,LOT-05,SYNTH-SPACE-ASIC-A,LeakageCurrent,96,4.878815,uA,125.0,3.3,0.0,20.0,healthy,SYNTHETIC_DEMONSTRATION_ONLY
L05-C019,LOT-05,SYNTH-SPACE-ASIC-A,LeakageCurrent,168,5.367544,uA,125.0,3.3,0.0,20.0,healthy,SYNTHETIC_DEMONSTRATION_ONLY
L05-C020,LOT-05,SYNTH-SPACE-ASIC-A,Iddq,0,9.800495,uA,125.0,3.3,0.0,50.0,healthy,SYNTHETIC_DEMONSTRATION_ONLY
L05-C020,LOT-05,SYNTH-SPACE-ASIC-A,Iddq,24,9.856545,uA,125.0,3.3,0.0,50.0,healthy,SYNTHETIC_DEMONSTRATION_ONLY
L05-C020,LOT-05,SYNTH-SPACE-ASIC-A,Iddq,96,10.215021,uA,125.0,3.3,0.0,50.0,healthy,SYNTHETIC_DEMONSTRATION_ONLY
L05-C020,LOT-05,SYNTH-SPACE-ASIC-A,Iddq,168,10.363949,uA,125.0,3.3,0.0,50.0,healthy,SYNTHETIC_DEMONSTRATION_ONLY
L05-C020,LOT-05,SYNTH-SPACE-ASIC-A,LeakageCurrent,0,4.535964,uA,125.0,3.3,0.0,20.0,healthy,SYNTHETIC_DEMONSTRATION_ONLY
L05-C020,LOT-05,SYNTH-SPACE-ASIC-A,LeakageCurrent,24,4.410732,uA,125.0,3.3,0.0,20.0,healthy,SYNTHETIC_DEMONSTRATION_ONLY
L05-C020,LOT-05,SYNTH-SPACE-ASIC-A,LeakageCurrent,96,4.623793,uA,125.0,3.3,0.0,20.0,healthy,SYNTHETIC_DEMONSTRATION_ONLY
L05-C020,LOT-05,SYNTH-SPACE-ASIC-A,LeakageCurrent,168,4.772158,uA,125.0,3.3,0.0,20.0,healthy,SYNTHETIC_DEMONSTRATION_ONLY
L05-C021,LOT-05,SYNTH-SPACE-ASIC-A,Iddq,0,9.451958,uA,125.0,3.3,0.0,50.0,healthy,SYNTHETIC_DEMONSTRATION_ONLY
L05-C021,LOT-05,SYNTH-SPACE-ASIC-A,Iddq,24,9.335928,uA,125.0,3.3,0.0,50.0,healthy,SYNTHETIC_DEMONSTRATION_ONLY
L05-C021,LOT-05,SYNTH-SPACE-ASIC-A,Iddq,96,9.563802,uA,125.0,3.3,0.0,50.0,healthy,SYNTHETIC_DEMONSTRATION_ONLY
L05-C021,LOT-05,SYNTH-SPACE-ASIC-A,Iddq,168,9.98821,uA,125.0,3.3,0.0,50.0,healthy,SYNTHETIC_DEMONSTRATION_ONLY
L05-C021,LOT-05,SYNTH-SPACE-ASIC-A,LeakageCurrent,0,4.4749,uA,125.0,3.3,0.0,20.0,healthy,SYNTHETIC_DEMONSTRATION_ONLY
L05-C021,LOT-05,SYNTH-SPACE-ASIC-A,LeakageCurrent,24,4.441056,uA,125.0,3.3,0.0,20.0,healthy,SYNTHETIC_DEMONSTRATION_ONLY
L05-C021,LOT-05,SYNTH-SPACE-ASIC-A,LeakageCurrent,96,4.32437,uA,125.0,3.3,0.0,20.0,healthy,SYNTHETIC_DEMONSTRATION_ONLY
L05-C021,LOT-05,SYNTH-SPACE-ASIC-A,LeakageCurrent,168,4.439715,uA,125.0,3.3,0.0,20.0,healthy,SYNTHETIC_DEMONSTRATION_ONLY
L05-C022,LOT-05,SYNTH-SPACE-ASIC-A,Iddq,0,10.308403,uA,125.0,3.3,0.0,50.0,healthy,SYNTHETIC_DEMONSTRATION_ONLY
L05-C022,LOT-05,SYNTH-SPACE-ASIC-A,Iddq,24,10.258767,uA,125.0,3.3,0.0,50.0,healthy,SYNTHETIC_DEMONSTRATION_ONLY
L05-C022,LOT-05,SYNTH-SPACE-ASIC-A,Iddq,96,10.319788,uA,125.0,3.3,0.0,50.0,healthy,SYNTHETIC_DEMONSTRATION_ONLY
L05-C022,LOT-05,SYNTH-SPACE-ASIC-A,Iddq,168,10.150895,uA,125.0,3.3,0.0,50.0,healthy,SYNTHETIC_DEMONSTRATION_ONLY
L05-C022,LOT-05,SYNTH-SPACE-ASIC-A,LeakageCurrent,0,4.328538,uA,125.0,3.3,0.0,20.0,healthy,SYNTHETIC_DEMONSTRATION_ONLY
L05-C022,LOT-05,SYNTH-SPACE-ASIC-A,LeakageCurrent,24,4.337642,uA,125.0,3.3,0.0,20.0,healthy,SYNTHETIC_DEMONSTRATION_ONLY
L05-C022,LOT-05,SYNTH-SPACE-ASIC-A,LeakageCurrent,96,4.359083,uA,125.0,3.3,0.0,20.0,healthy,SYNTHETIC_DEMONSTRATION_ONLY
L05-C022,LOT-05,SYNTH-SPACE-ASIC-A,LeakageCurrent,168,4.684782,uA,125.0,3.3,0.0,20.0,healthy,SYNTHETIC_DEMONSTRATION_ONLY
L05-C023,LOT-05,SYNTH-SPACE-ASIC-A,Iddq,0,10.133816,uA,125.0,3.3,0.0,50.0,healthy,SYNTHETIC_DEMONSTRATION_ONLY
L05-C023,LOT-05,SYNTH-SPACE-ASIC-A,Iddq,24,10.050275,uA,125.0,3.3,0.0,50.0,healthy,SYNTHETIC_DEMONSTRATION_ONLY
L05-C023,LOT-05,SYNTH-SPACE-ASIC-A,Iddq,96,10.094101,uA,125.0,3.3,0.0,50.0,healthy,SYNTHETIC_DEMONSTRATION_ONLY
L05-C023,LOT-05,SYNTH-SPACE-ASIC-A,Iddq,168,10.094064,uA,125.0,3.3,0.0,50.0,healthy,SYNTHETIC_DEMONSTRATION_ONLY
L05-C023,LOT-05,SYNTH-SPACE-ASIC-A,LeakageCurrent,0,4.151815,uA,125.0,3.3,0.0,20.0,healthy,SYNTHETIC_DEMONSTRATION_ONLY
L05-C023,LOT-05,SYNTH-SPACE-ASIC-A,LeakageCurrent,24,4.054206,uA,125.0,3.3,0.0,20.0,healthy,SYNTHETIC_DEMONSTRATION_ONLY
L05-C023,LOT-05,SYNTH-SPACE-ASIC-A,LeakageCurrent,96,4.104492,uA,125.0,3.3,0.0,20.0,healthy,SYNTHETIC_DEMONSTRATION_ONLY
L05-C023,LOT-05,SYNTH-SPACE-ASIC-A,LeakageCurrent,168,3.932381,uA,125.0,3.3,0.0,20.0,healthy,SYNTHETIC_DEMONSTRATION_ONLY
L05-C024,LOT-05,SYNTH-SPACE-ASIC-A,Iddq,0,10.643968,uA,125.0,3.3,0.0,50.0,healthy,SYNTHETIC_DEMONSTRATION_ONLY
L05-C024,LOT-05,SYNTH-SPACE-ASIC-A,Iddq,24,10.92167,uA,125.0,3.3,0.0,50.0,healthy,SYNTHETIC_DEMONSTRATION_ONLY
L05-C024,LOT-05,SYNTH-SPACE-ASIC-A,Iddq,96,11.174326,uA,125.0,3.3,0.0,50.0,healthy,SYNTHETIC_DEMONSTRATION_ONLY
L05-C024,LOT-05,SYNTH-SPACE-ASIC-A,Iddq,168,11.44669,uA,125.0,3.3,0.0,50.0,healthy,SYNTHETIC_DEMONSTRATION_ONLY
L05-C024,LOT-05,SYNTH-SPACE-ASIC-A,LeakageCurrent,0,4.318712,uA,125.0,3.3,0.0,20.0,healthy,SYNTHETIC_DEMONSTRATION_ONLY
L05-C024,LOT-05,SYNTH-SPACE-ASIC-A,LeakageCurrent,24,4.327537,uA,125.0,3.3,0.0,20.0,healthy,SYNTHETIC_DEMONSTRATION_ONLY
L05-C024,LOT-05,SYNTH-SPACE-ASIC-A,LeakageCurrent,96,4.144973,uA,125.0,3.3,0.0,20.0,healthy,SYNTHETIC_DEMONSTRATION_ONLY
L05-C024,LOT-05,SYNTH-SPACE-ASIC-A,LeakageCurrent,168,4.132643,uA,125.0,3.3,0.0,20.0,healthy,SYNTHETIC_DEMONSTRATION_ONLY
L05-C025,LOT-05,SYNTH-SPACE-ASIC-A,Iddq,0,10.564182,uA,125.0,3.3,0.0,50.0,healthy,SYNTHETIC_DEMONSTRATION_ONLY
L05-C025,LOT-05,SYNTH-SPACE-ASIC-A,Iddq,24,10.434549,uA,125.0,3.3,0.0,50.0,healthy,SYNTHETIC_DEMONSTRATION_ONLY
L05-C025,LOT-05,SYNTH-SPACE-ASIC-A,Iddq,96,10.583512,uA,125.0,3.3,0.0,50.0,healthy,SYNTHETIC_DEMONSTRATION_ONLY
L05-C025,LOT-05,SYNTH-SPACE-ASIC-A,Iddq,168,10.635084,uA,125.0,3.3,0.0,50.0,healthy,SYNTHETIC_DEMONSTRATION_ONLY
L05-C025,LOT-05,SYNTH-SPACE-ASIC-A,LeakageCurrent,0,3.4165,uA,125.0,3.3,0.0,20.0,healthy,SYNTHETIC_DEMONSTRATION_ONLY
L05-C025,LOT-05,SYNTH-SPACE-ASIC-A,LeakageCurrent,24,3.501931,uA,125.0,3.3,0.0,20.0,healthy,SYNTHETIC_DEMONSTRATION_ONLY
L05-C025,LOT-05,SYNTH-SPACE-ASIC-A,LeakageCurrent,96,3.675186,uA,125.0,3.3,0.0,20.0,healthy,SYNTHETIC_DEMONSTRATION_ONLY
L05-C025,LOT-05,SYNTH-SPACE-ASIC-A,LeakageCurrent,168,3.591739,uA,125.0,3.3,0.0,20.0,healthy,SYNTHETIC_DEMONSTRATION_ONLY
L05-C026,LOT-05,SYNTH-SPACE-ASIC-A,Iddq,0,10.176693,uA,125.0,3.3,0.0,50.0,healthy,SYNTHETIC_DEMONSTRATION_ONLY
L05-C026,LOT-05,SYNTH-SPACE-ASIC-A,Iddq,24,10.394549,uA,125.0,3.3,0.0,50.0,healthy,SYNTHETIC_DEMONSTRATION_ONLY
L05-C026,LOT-05,SYNTH-SPACE-ASIC-A,Iddq,96,10.916703,uA,125.0,3.3,0.0,50.0,healthy,SYNTHETIC_DEMONSTRATION_ONLY
L05-C026,LOT-05,SYNTH-SPACE-ASIC-A,Iddq,168,10.992338,uA,125.0,3.3,0.0,50.0,healthy,SYNTHETIC_DEMONSTRATION_ONLY
L05-C026,LOT-05,SYNTH-SPACE-ASIC-A,LeakageCurrent,0,4.086215,uA,125.0,3.3,0.0,20.0,healthy,SYNTHETIC_DEMONSTRATION_ONLY
L05-C026,LOT-05,SYNTH-SPACE-ASIC-A,LeakageCurrent,24,3.965177,uA,125.0,3.3,0.0,20.0,healthy,SYNTHETIC_DEMONSTRATION_ONLY
L05-C026,LOT-05,SYNTH-SPACE-ASIC-A,LeakageCurrent,96,4.241682,uA,125.0,3.3,0.0,20.0,healthy,SYNTHETIC_DEMONSTRATION_ONLY
L05-C026,LOT-05,SYNTH-SPACE-ASIC-A,LeakageCurrent,168,4.17248,uA,125.0,3.3,0.0,20.0,healthy,SYNTHETIC_DEMONSTRATION_ONLY
L05-C027,LOT-05,SYNTH-SPACE-ASIC-A,Iddq,0,9.3826,uA,125.0,3.3,0.0,50.0,healthy,SYNTHETIC_DEMONSTRATION_ONLY
L05-C027,LOT-05,SYNTH-SPACE-ASIC-A,Iddq,24,9.035695,uA,125.0,3.3,0.0,50.0,healthy,SYNTHETIC_DEMONSTRATION_ONLY
L05-C027,LOT-05,SYNTH-SPACE-ASIC-A,Iddq,96,9.093672,uA,125.0,3.3,0.0,50.0,healthy,SYNTHETIC_DEMONSTRATION_ONLY
L05-C027,LOT-05,SYNTH-SPACE-ASIC-A,Iddq,168,9.337026,uA,125.0,3.3,0.0,50.0,healthy,SYNTHETIC_DEMONSTRATION_ONLY
L05-C027,LOT-05,SYNTH-SPACE-ASIC-A,LeakageCurrent,0,4.300958,uA,125.0,3.3,0.0,20.0,healthy,SYNTHETIC_DEMONSTRATION_ONLY
L05-C027,LOT-05,SYNTH-SPACE-ASIC-A,LeakageCurrent,24,4.564047,uA,125.0,3.3,0.0,20.0,healthy,SYNTHETIC_DEMONSTRATION_ONLY
L05-C027,LOT-05,SYNTH-SPACE-ASIC-A,LeakageCurrent,96,4.728457,uA,125.0,3.3,0.0,20.0,healthy,SYNTHETIC_DEMONSTRATION_ONLY
L05-C027,LOT-05,SYNTH-SPACE-ASIC-A,LeakageCurrent,168,5.009594,uA,125.0,3.3,0.0,20.0,healthy,SYNTHETIC_DEMONSTRATION_ONLY
L05-C028,LOT-05,SYNTH-SPACE-ASIC-A,Iddq,0,10.808793,uA,125.0,3.3,0.0,50.0,healthy,SYNTHETIC_DEMONSTRATION_ONLY
L05-C028,LOT-05,SYNTH-SPACE-ASIC-A,Iddq,24,10.601309,uA,125.0,3.3,0.0,50.0,healthy,SYNTHETIC_DEMONSTRATION_ONLY
L05-C028,LOT-05,SYNTH-SPACE-ASIC-A,Iddq,96,10.827584,uA,125.0,3.3,0.0,50.0,healthy,SYNTHETIC_DEMONSTRATION_ONLY
L05-C028,LOT-05,SYNTH-SPACE-ASIC-A,Iddq,168,10.675079,uA,125.0,3.3,0.0,50.0,healthy,SYNTHETIC_DEMONSTRATION_ONLY
L05-C028,LOT-05,SYNTH-SPACE-ASIC-A,LeakageCurrent,0,4.481376,uA,125.0,3.3,0.0,20.0,healthy,SYNTHETIC_DEMONSTRATION_ONLY
L05-C028,LOT-05,SYNTH-SPACE-ASIC-A,LeakageCurrent,24,4.438699,uA,125.0,3.3,0.0,20.0,healthy,SYNTHETIC_DEMONSTRATION_ONLY
L05-C028,LOT-05,SYNTH-SPACE-ASIC-A,LeakageCurrent,96,4.52542,uA,125.0,3.3,0.0,20.0,healthy,SYNTHETIC_DEMONSTRATION_ONLY
L05-C028,LOT-05,SYNTH-SPACE-ASIC-A,LeakageCurrent,168,4.500781,uA,125.0,3.3,0.0,20.0,healthy,SYNTHETIC_DEMONSTRATION_ONLY
